customer_id,first_name,last_name,gender,age,phone,email,city,signup_date
1,Vicki,Torres,Male,25,01082118879,vicki.torres268@hotmail.com,Alexandria,2025-02-03
2,Bradley,Park,Male,24,01536753379,bradley.park930@hotmail.com,Giza,2024-06-06
3,Michael,Bryant,Female,33,01299175536,michael.bryant355@hotmail.com,Cairo,2025-07-27
4,Matthew,Tyler,Female,18,01233612065,matthew.tyler107@hotmail.com,Cairo,2024-02-07
5,Megan,Morgan,Male,27,01068273205,megan.morgan97@outlook.com,Mansoura,2025-04-17
6,Brian,Gonzalez,Male,18,01206070476,brian.gonzalez717@yahoo.com,Tanta,2024-01-25
7,Dorothy,Hall,Male,28,01584612447,dorothy.hall922@outlook.com,Cairo,2025-11-19
8,Bryce,Wallace,Male,27,01077996605,bryce.wallace584@gmail.com,Alexandria,2024-05-16
9,Hannah,Powers,Male,58,01511467675,hannah.powers822@hotmail.com,Cairo,2024-11-25
10,Michelle,Diaz,Male,37,01556198753,michelle.diaz720@gmail.com,Alexandria,2026-03-30
11,Nina,Jackson,Female,35,01135982622,nina.jackson435@hotmail.com,Alexandria,2023-11-10
12,Sara,Brown,Male,59,01086980546,sara.brown806@outlook.com,Giza,2024-02-08
13,Theodore,Jones,Female,58,01111337221,theodore.jones164@yahoo.com,Cairo,2024-06-04
14,Nicole,Lopez,Female,53,01192749317,nicole.lopez508@outlook.com,Cairo,2024-06-12
15,Tammy,Edwards,Female,52,01169497755,tammy.edwards777@yahoo.com,Cairo,2024-07-27
16,Lori,Russell,Male,51,01019815660,lori.russell832@hotmail.com,Cairo,2025-05-25
17,Nicholas,Miles,Male,19,01284059208,nicholas.miles358@hotmail.com,Minya,2025-10-17
18,Jason,Wong,Male,60,01196337790,jason.wong735@hotmail.com,Ismailia,2023-10-25
19,Daniel,Harris,Female,40,01299511452,daniel.harris562@gmail.com,Tanta,2023-09-18
20,Jessica,Gilbert,Male,50,01533527105,jessica.gilbert605@outlook.com,Mansoura,2024-03-14
21,Derek,Sanchez,Female,56,01020625542,derek.sanchez366@gmail.com,Ismailia,2025-09-24
22,Adrian,Woods,Male,56,01006813910,adrian.woods99@gmail.com,Giza,2023-11-12
23,Scott,Burns,Male,34,01241610292,scott.burns698@outlook.com,Alexandria,2024-04-17
24,Tony,Taylor,Male,26,01060609157,tony.taylor639@gmail.com,Alexandria,2025-01-09
25,Randy,Johnson,Male,21,01148270968,randy.johnson80@hotmail.com,Cairo,2025-03-05
26,Brady,Mcconnell,Female,30,01253631024,brady.mcconnell275@hotmail.com,Cairo,2026-01-01
27,Tracy,Griffin,Male,29,01509939022,tracy.griffin527@hotmail.com,Mansoura,2025-09-03
28,Margaret,Jones,Male,23,01266049695,margaret.jones999@yahoo.com,Ismailia,2024-06-25
29,Gina,Martin,Female,56,01141484456,gina.martin355@gmail.com,Tanta,2025-04-16
30,Carla,Wade,Female,45,01281008834,carla.wade286@outlook.com,Mansoura,2025-01-30
31,Tyler,Skinner,Female,23,01106205033,tyler.skinner103@outlook.com,Cairo,2024-06-27
32,Christopher,Mcbride,Male,29,01024737429,christopher.mcbride981@yahoo.com,Minya,2025-01-11
33,Kenneth,Garrett,Female,57,01532860368,kenneth.garrett740@hotmail.com,Alexandria,2023-11-18
34,Bryan,Martin,Female,55,01044908858,bryan.martin957@hotmail.com,Tanta,2025-02-13
35,Anthony,Kelly,Female,51,01201729394,anthony.kelly432@gmail.com,Alexandria,2025-03-06
36,Jessica,Taylor,Male,53,01539631792,jessica.taylor209@yahoo.com,Cairo,2026-04-11
37,Tracy,Benton,Female,39,01128124393,tracy.benton770@hotmail.com,Minya,2024-06-17
38,Christopher,Jackson,Female,56,01242914733,christopher.jackson520@hotmail.com,Mansoura,2024-01-16
39,Nathan,Patterson,Female,36,01525753239,nathan.patterson7@outlook.com,Zagazig,2024-11-07
40,Kevin,Coleman,Female,31,01526006945,kevin.coleman741@gmail.com,Alexandria,2026-04-11
41,Allison,Salas,Female,60,01041613765,allison.salas55@yahoo.com,Alexandria,2025-07-12
42,Maria,Harris,Female,29,01124360299,maria.harris393@gmail.com,Alexandria,2026-06-06
43,Christopher,Allison,Male,50,01258704764,christopher.allison589@hotmail.com,Alexandria,2026-02-06
44,Eric,Maynard,Male,23,01038729701,eric.maynard433@yahoo.com,Alexandria,2024-09-03
45,Aaron,Pope,Male,34,01246094446,aaron.pope112@outlook.com,Cairo,2026-04-27
46,Maurice,Aguilar,Male,41,01062759618,maurice.aguilar359@outlook.com,Cairo,2025-05-13
47,Bonnie,Caldwell,Male,19,01189133086,bonnie.caldwell455@gmail.com,Giza,2025-09-29
48,Brenda,Barr,Male,58,01079208970,brenda.barr860@outlook.com,Alexandria,2024-10-18
49,Eugene,Garcia,Female,19,01081501491,eugene.garcia816@gmail.com,Assiut,2024-12-07
50,Robert,Rios,Female,33,01288833583,robert.rios931@hotmail.com,Giza,2024-09-29
51,Alexander,Gonzales,Male,19,01585970739,alexander.gonzales558@yahoo.com,Cairo,2026-01-12
52,Chris,Scott,Female,36,01265291759,chris.scott738@outlook.com,Giza,2026-03-07
53,Erica,Andrews,Male,60,01293651148,erica.andrews60@hotmail.com,Giza,2024-05-21
54,Carlos,Pratt,Male,50,01202569840,carlos.pratt745@yahoo.com,Cairo,2024-12-11
55,Todd,Martinez,Female,28,01156178138,todd.martinez509@hotmail.com,Giza,2024-12-04
56,Michael,Brooks,Female,35,01557935109,michael.brooks894@gmail.com,Mansoura,2025-04-07
57,Martha,Patrick,Male,18,01131551371,martha.patrick604@outlook.com,Tanta,2025-03-31
58,Scott,Swanson,Female,60,01121549148,scott.swanson478@hotmail.com,Alexandria,2025-06-13
59,Jessica,Kelly,Female,44,01110031247,jessica.kelly270@yahoo.com,Tanta,2024-12-11
60,Ashley,Morales,Female,33,01136790804,ashley.morales189@outlook.com,Cairo,2024-04-10
61,Darlene,Pearson,Female,59,01183374894,darlene.pearson504@gmail.com,Cairo,2024-05-15
62,Gary,Poole,Male,60,01009550473,gary.poole62@hotmail.com,Cairo,2024-04-02
63,Justin,Miller,Female,20,01567422296,justin.miller649@gmail.com,Giza,2024-11-12
64,Rebecca,Johnson,Female,19,01064776018,rebecca.johnson734@hotmail.com,Cairo,2026-04-05
65,Brittney,Gardner,Male,49,01173311326,brittney.gardner862@outlook.com,Cairo,2025-12-05
66,Timothy,Jones,Male,24,01047473189,timothy.jones804@yahoo.com,Cairo,2023-08-30
67,John,Giles,Male,32,01503218739,john.giles897@hotmail.com,Cairo,2024-05-30
68,Richard,Thompson,Male,52,01249983665,richard.thompson754@yahoo.com,Cairo,2026-02-08
69,Cynthia,Meadows,Male,24,01227179177,cynthia.meadows777@outlook.com,Cairo,2025-11-18
70,Tony,Le,Female,26,01092845409,tony.le42@yahoo.com,Alexandria,2024-06-25
71,Lisa,Bass,Female,27,01115052730,lisa.bass223@gmail.com,Ismailia,2026-02-15
72,James,Burnett,Female,24,01556542758,james.burnett921@outlook.com,Alexandria,2024-11-21
73,Charles,Johnson,Female,30,01146712940,charles.johnson739@hotmail.com,Tanta,2025-02-06
74,Brandy,Smith,Male,30,01119265394,brandy.smith502@gmail.com,Mansoura,2024-09-20
75,Christina,Maldonado,Female,25,01240323427,christina.maldonado118@gmail.com,Tanta,2025-11-25
76,Kimberly,Evans,Female,53,01021823484,kimberly.evans826@outlook.com,Giza,2026-05-29
77,Deanna,Ashley,Male,27,01505389375,deanna.ashley788@hotmail.com,Cairo,2025-08-17
78,John,Duncan,Female,48,01287012418,john.duncan581@yahoo.com,Cairo,2023-08-30
79,Matthew,Tran,Female,31,01025099545,matthew.tran893@hotmail.com,Cairo,2024-11-03
80,Chad,Delacruz,Male,43,01053835257,chad.delacruz154@gmail.com,Alexandria,2024-06-14
81,Lori,Contreras,Male,21,01574952118,lori.contreras494@hotmail.com,Ismailia,2025-03-04
82,Brandon,Perry,Male,58,01229321884,brandon.perry982@yahoo.com,Giza,2025-06-20
83,Savannah,Douglas,Male,26,01045871174,savannah.douglas91@hotmail.com,Ismailia,2025-08-10
84,Marc,Macias,Female,39,01196991560,marc.macias910@hotmail.com,Cairo,2023-12-01
85,Julie,Lozano,Female,49,01566108423,julie.lozano36@gmail.com,Alexandria,2023-09-26
86,Jacob,Russell,Male,20,01176898704,jacob.russell412@yahoo.com,Cairo,2024-02-08
87,Jennifer,Greene,Female,52,01149733664,jennifer.greene894@yahoo.com,Ismailia,2024-10-11
88,Hannah,Scott,Male,59,01054639640,hannah.scott49@hotmail.com,Cairo,2026-06-27
89,Mary,Jimenez,Male,27,01094505702,mary.jimenez404@outlook.com,Cairo,2024-09-16
90,Troy,Santos,Male,37,01012041046,troy.santos905@hotmail.com,Mansoura,2023-09-26
91,Robin,Lane,Male,43,01271023952,robin.lane469@outlook.com,Alexandria,2025-06-27
92,Christina,Foster,Female,41,01518513553,christina.foster810@outlook.com,Giza,2024-09-12
93,Kyle,Harris,Male,45,01557675444,kyle.harris657@gmail.com,Zagazig,2024-05-27
94,Sheri,Perez,Male,29,01050134460,sheri.perez947@yahoo.com,Cairo,2025-05-04
95,Jessica,Lee,Female,41,01085145811,jessica.lee403@gmail.com,Tanta,2025-06-08
96,Laura,Hunt,Female,50,01051109422,laura.hunt8@hotmail.com,Alexandria,2025-08-27
97,Kari,Burton,Female,36,01541004930,kari.burton579@hotmail.com,Cairo,2023-08-19
98,Richard,Wright,Female,40,01179410504,richard.wright194@hotmail.com,Giza,2025-08-16
99,Russell,Mitchell,Male,52,01072208564,russell.mitchell446@hotmail.com,Alexandria,2023-10-05
100,Amanda,Nelson,Male,23,01548203175,amanda.nelson535@outlook.com,Cairo,2026-05-18
101,Michael,Zamora,Female,59,01156429708,michael.zamora723@yahoo.com,Cairo,2025-11-05
102,Melissa,Lopez,Female,20,01218876193,melissa.lopez573@gmail.com,Giza,2023-11-23
103,Victoria,Moore,Male,57,01098065663,victoria.moore262@yahoo.com,Giza,2024-07-27
104,Tammy,Carr,Male,29,01199074028,tammy.carr10@gmail.com,Cairo,2025-05-19
105,Nicholas,Nguyen,Female,34,01095534989,nicholas.nguyen476@gmail.com,Mansoura,2024-10-01
106,Vincent,Hamilton,Male,43,01084657644,vincent.hamilton908@gmail.com,Cairo,2025-12-07
107,Steven,Schwartz,Female,25,01011902421,steven.schwartz609@yahoo.com,Mansoura,2023-08-23
108,Sabrina,Strickland,Female,19,01195350077,sabrina.strickland738@gmail.com,Cairo,2023-09-13
109,Sarah,Wright,Female,28,01015641637,sarah.wright701@hotmail.com,Giza,2025-11-06
110,Ryan,Best,Male,57,01273305470,ryan.best610@hotmail.com,Mansoura,2024-09-06
111,Michael,Young,Female,45,01236550706,michael.young621@gmail.com,Giza,2024-11-27
112,Nicholas,Gomez,Female,46,01552718274,nicholas.gomez22@hotmail.com,Alexandria,2025-05-31
113,Tammy,Harris,Female,56,01510187399,tammy.harris245@gmail.com,Cairo,2024-09-01
114,Jeffrey,Webb,Female,49,01556784345,jeffrey.webb672@gmail.com,Giza,2025-02-20
115,Jessica,Lara,Female,37,01227088306,jessica.lara998@outlook.com,Minya,2024-10-03
116,Tammy,Henry,Male,48,01179417970,tammy.henry666@outlook.com,Cairo,2025-11-25
117,Olivia,Kane,Male,47,01115408390,olivia.kane230@hotmail.com,Cairo,2026-02-12
118,Chad,Lawson,Female,44,01264943679,chad.lawson263@outlook.com,Mansoura,2024-03-14
119,Haley,Bowman,Female,18,01225005070,haley.bowman322@outlook.com,Cairo,2024-06-23
120,John,Guzman,Female,32,01298178651,john.guzman16@gmail.com,Zagazig,2025-03-03
121,Brenda,Peters,Male,30,01179772148,brenda.peters518@gmail.com,Giza,2025-12-07
122,Bobby,Moore,Female,28,01274789441,bobby.moore388@gmail.com,Alexandria,2024-06-22
123,John,Lewis,Female,48,01001381228,john.lewis860@hotmail.com,Cairo,2025-12-16
124,Timothy,Williams,Male,39,01093358633,timothy.williams517@outlook.com,Giza,2023-12-19
125,Molly,Davis,Male,28,01155945939,molly.davis31@hotmail.com,Giza,2024-11-28
126,Matthew,Porter,Male,18,01045640354,matthew.porter169@gmail.com,Cairo,2025-12-28
127,Timothy,Conner,Female,23,01543273086,timothy.conner598@outlook.com,Cairo,2024-07-30
128,Amber,Aguilar,Male,49,01056257560,amber.aguilar929@hotmail.com,Mansoura,2026-01-31
129,Kristina,Burke,Male,38,01051166934,kristina.burke205@yahoo.com,Alexandria,2024-12-23
130,Amy,Brown,Female,26,01070668875,amy.brown835@yahoo.com,Giza,2024-11-24
131,Kristin,Lopez,Male,34,01186582590,kristin.lopez694@gmail.com,Tanta,2026-03-08
132,Jay,Willis,Female,51,01583760818,jay.willis508@hotmail.com,Mansoura,2026-06-21
133,Steven,Bell,Male,27,01126014448,steven.bell872@outlook.com,Alexandria,2024-04-24
134,Derrick,Lee,Female,27,01239186206,derrick.lee889@yahoo.com,Giza,2026-05-27
135,David,Davidson,Male,29,01592400432,david.davidson807@hotmail.com,Cairo,2024-09-01
136,John,Robbins,Female,37,01016793450,john.robbins724@outlook.com,Cairo,2025-06-18
137,Dillon,Berry,Female,54,01261409234,dillon.berry814@yahoo.com,Cairo,2025-11-03
138,Gabriel,Reed,Male,53,01215852106,gabriel.reed534@gmail.com,Cairo,2026-05-01
139,Christina,Moore,Female,33,01214742047,christina.moore585@hotmail.com,Cairo,2026-04-27
140,Nicole,Brown,Male,52,01548400252,nicole.brown103@yahoo.com,Giza,2026-01-04
141,Seth,Smith,Female,50,01216128262,seth.smith362@hotmail.com,Minya,2024-11-30
142,Hannah,Aguirre,Male,38,01180418999,hannah.aguirre48@hotmail.com,Cairo,2026-01-15
143,Anthony,Duran,Male,49,01592587772,anthony.duran824@yahoo.com,Cairo,2025-05-21
144,Jaime,Taylor,Female,51,01114428995,jaime.taylor377@hotmail.com,Mansoura,2026-06-30
145,Angelica,Boyd,Male,35,01526842620,angelica.boyd674@gmail.com,Cairo,2026-03-04
146,Jennifer,Johnson,Female,50,01075536100,jennifer.johnson782@hotmail.com,Tanta,2024-01-29
147,Melissa,Washington,Female,60,01531089026,melissa.washington605@yahoo.com,Alexandria,2025-04-29
148,Mark,Carroll,Female,52,01521601134,mark.carroll264@gmail.com,Zagazig,2025-06-11
149,Carolyn,Hughes,Female,34,01143028342,carolyn.hughes504@yahoo.com,Cairo,2024-03-10
150,Dylan,Garza,Male,49,01018026657,dylan.garza962@hotmail.com,Cairo,2023-10-03
151,Courtney,Powell,Male,36,01244006779,courtney.powell398@outlook.com,Cairo,2024-09-02
152,Kevin,Scott,Male,35,01563699585,kevin.scott321@hotmail.com,Cairo,2025-10-14
153,Russell,Arias,Female,54,01249521332,russell.arias207@hotmail.com,Cairo,2023-08-08
154,Michael,Chavez,Female,33,01071264529,michael.chavez372@gmail.com,Zagazig,2023-09-21
155,Denise,West,Female,52,01516833478,denise.west613@outlook.com,Giza,2025-01-12
156,Mark,White,Female,53,01541075212,mark.white721@hotmail.com,Zagazig,2025-10-16
157,Ronald,Martin,Male,57,01287845291,ronald.martin466@yahoo.com,Assiut,2024-03-27
158,Barbara,Rodriguez,Female,60,01526419698,barbara.rodriguez407@outlook.com,Giza,2025-08-23
159,Dennis,Curry,Male,22,01225216562,dennis.curry796@gmail.com,Cairo,2026-01-21
160,Hunter,Riley,Female,25,01235036519,hunter.riley555@outlook.com,Cairo,2024-08-05
161,Kelly,Evans,Male,41,01265732433,kelly.evans894@yahoo.com,Alexandria,2024-02-02
162,Patrick,Bell,Female,52,01215111458,patrick.bell112@hotmail.com,Zagazig,2024-10-05
163,Nicholas,Bennett,Male,38,01059614705,nicholas.bennett844@outlook.com,Alexandria,2023-08-14
164,Dawn,Bradley,Female,23,01217816711,dawn.bradley581@hotmail.com,Cairo,2025-09-09
165,Courtney,Huff,Female,25,01228510995,courtney.huff869@outlook.com,Giza,2026-03-26
166,Eric,Martin,Female,53,01598412482,eric.martin419@hotmail.com,Cairo,2023-11-18
167,Gina,Buck,Male,26,01157201299,gina.buck744@hotmail.com,Minya,2024-09-03
168,Paula,Williams,Female,57,01201308556,paula.williams20@gmail.com,Alexandria,2024-01-13
169,Joshua,Harris,Female,21,01140169507,joshua.harris361@hotmail.com,Mansoura,2024-04-19
170,Thomas,Gonzalez,Female,42,01008916074,thomas.gonzalez72@outlook.com,Cairo,2024-06-19
171,Daniel,Roberts,Male,33,01136608899,daniel.roberts240@hotmail.com,Giza,2026-01-14
172,Gloria,Reeves,Male,50,01014308176,gloria.reeves352@hotmail.com,Zagazig,2025-04-09
173,Mary,Hoover,Male,33,01239418416,mary.hoover668@outlook.com,Sohag,2025-06-03
174,Patrick,Blevins,Female,22,01567017834,patrick.blevins791@yahoo.com,Assiut,2026-01-26
175,Alvin,Dennis,Male,32,01174051996,alvin.dennis84@gmail.com,Mansoura,2024-11-16
176,Donald,Morrison,Female,38,01580736132,donald.morrison456@hotmail.com,Giza,2025-05-22
177,Lisa,Harris,Female,24,01562386647,lisa.harris158@outlook.com,Mansoura,2024-05-28
178,Scott,Taylor,Male,37,01588542264,scott.taylor139@gmail.com,Tanta,2024-05-15
179,Michael,Clark,Female,45,01542587522,michael.clark824@outlook.com,Ismailia,2025-05-28
180,Elizabeth,Chang,Male,47,01011802444,elizabeth.chang333@outlook.com,Mansoura,2023-11-08
181,Martin,Harrington,Male,19,01240001122,martin.harrington185@gmail.com,Cairo,2023-08-25
182,Jessica,Harris,Female,55,01057079570,jessica.harris749@yahoo.com,Alexandria,2024-02-11
183,Eric,Hodge,Male,58,01102697796,eric.hodge382@gmail.com,Alexandria,2026-02-09
184,Alison,Bryant,Female,46,01093391976,alison.bryant872@gmail.com,Cairo,2023-07-20
185,Daniel,Jackson,Male,18,01240333626,daniel.jackson158@outlook.com,Assiut,2024-05-30
186,Fernando,Davila,Male,40,01165210486,fernando.davila710@hotmail.com,Giza,2025-04-28
187,Ronald,Hansen,Female,20,01555952228,ronald.hansen537@outlook.com,Cairo,2026-06-18
188,David,Reed,Male,24,01567861781,david.reed747@gmail.com,Cairo,2024-06-07
189,Kara,Dean,Male,30,01590436091,kara.dean321@hotmail.com,Alexandria,2024-01-14
190,Jim,Holmes,Male,34,01031423975,jim.holmes654@outlook.com,Cairo,2025-10-27
191,Jamie,Barnes,Male,43,01153783717,jamie.barnes567@outlook.com,Giza,2025-01-02
192,Christopher,Holloway,Female,49,01065769368,christopher.holloway129@hotmail.com,Cairo,2025-10-02
193,Jacob,Miller,Female,33,01587654442,jacob.miller288@outlook.com,Cairo,2025-06-02
194,Angela,Carrillo,Male,28,01249895608,angela.carrillo835@hotmail.com,Cairo,2023-10-26
195,Sharon,Montoya,Female,55,01130151159,sharon.montoya313@hotmail.com,Cairo,2025-06-21
196,Adam,Smith,Female,38,01265569318,adam.smith975@hotmail.com,Cairo,2023-09-13
197,Ashley,Gillespie,Male,53,01103467427,ashley.gillespie599@gmail.com,Alexandria,2024-12-13
198,Dustin,Fuller,Male,30,01186821859,dustin.fuller761@outlook.com,Cairo,2025-04-30
199,Paula,Barnes,Female,33,01115640541,paula.barnes72@hotmail.com,Zagazig,2023-12-23
200,Brianna,Smith,Female,56,01095297010,brianna.smith142@yahoo.com,Giza,2026-07-03
201,Mary,Jordan,Female,32,01089524604,mary.jordan47@hotmail.com,Mansoura,2025-11-26
202,Ruth,Davenport,Male,21,01085334176,ruth.davenport738@hotmail.com,Cairo,2024-05-26
203,Benjamin,Bradley,Female,42,01062256537,benjamin.bradley284@yahoo.com,Mansoura,2024-05-17
204,Kenneth,Mercer,Female,19,01249446276,kenneth.mercer212@yahoo.com,Zagazig,2025-10-17
205,Megan,Houston,Female,56,01207678100,megan.houston644@gmail.com,Giza,2024-10-07
206,Keith,Riley,Female,31,01205986236,keith.riley589@outlook.com,Mansoura,2026-03-27
207,Linda,Miller,Male,37,01216550554,linda.miller203@hotmail.com,Giza,2023-07-25
208,Donald,Lindsey,Male,45,01278513006,donald.lindsey900@yahoo.com,Zagazig,2025-08-05
209,Dennis,Patterson,Female,29,01111305615,dennis.patterson680@hotmail.com,Ismailia,2024-06-05
210,Carol,Mejia,Male,39,01034068693,carol.mejia492@yahoo.com,Giza,2025-06-13
211,Elizabeth,Ferguson,Male,60,01063156053,elizabeth.ferguson160@yahoo.com,Mansoura,2025-10-08
212,William,Miller,Female,38,01101149525,william.miller864@hotmail.com,Giza,2024-04-06
213,Carlos,Robbins,Male,57,01568513056,carlos.robbins601@outlook.com,Cairo,2024-07-13
214,Kathy,Prince,Female,18,01051252237,kathy.prince828@gmail.com,Ismailia,2024-05-19
215,Melody,Jackson,Male,47,01269468017,melody.jackson242@gmail.com,Cairo,2024-08-10
216,Tiffany,Silva,Male,33,01291642838,tiffany.silva245@gmail.com,Cairo,2024-02-18
217,Mark,Wright,Male,57,01091191811,mark.wright657@gmail.com,Cairo,2023-12-15
218,Dennis,Casey,Male,59,01097193532,dennis.casey65@outlook.com,Minya,2025-04-11
219,Julia,Maldonado,Male,33,01217246359,julia.maldonado172@hotmail.com,Ismailia,2025-03-03
220,Edwin,Sanders,Female,44,01205845834,edwin.sanders146@yahoo.com,Tanta,2025-12-18
221,Jamie,Davis,Female,49,01075843301,jamie.davis245@yahoo.com,Ismailia,2023-12-16
222,Stephanie,Tucker,Male,46,01139121039,stephanie.tucker381@gmail.com,Alexandria,2024-07-07
223,Wendy,Morton,Male,47,01567731765,wendy.morton392@outlook.com,Cairo,2024-05-02
224,David,Gordon,Female,46,01543850806,david.gordon72@yahoo.com,Alexandria,2024-07-22
225,Michael,Maxwell,Female,46,01262832755,michael.maxwell930@hotmail.com,Cairo,2026-05-21
226,Sheila,King,Female,48,01571641168,sheila.king953@hotmail.com,Mansoura,2024-05-17
227,Julie,Luna,Female,51,01120387404,julie.luna385@outlook.com,Cairo,2023-09-03
228,Elijah,Chang,Female,53,01585126533,elijah.chang894@hotmail.com,Cairo,2024-11-18
229,Leroy,Hill,Male,28,01028801345,leroy.hill999@gmail.com,Cairo,2025-08-27
230,Kevin,Flores,Female,18,01581805869,kevin.flores949@hotmail.com,Cairo,2023-10-31
231,Danielle,Phillips,Male,58,01050785927,danielle.phillips185@outlook.com,Giza,2023-08-02
232,Christian,Taylor,Female,60,01278847461,christian.taylor769@yahoo.com,Cairo,2024-05-13
233,Jessica,Watson,Male,20,01176358496,jessica.watson78@hotmail.com,Giza,2024-03-01
234,Kevin,Walker,Female,41,01019193247,kevin.walker58@gmail.com,Mansoura,2023-12-22
235,Bryan,Sanchez,Male,29,01236896822,bryan.sanchez238@gmail.com,Ismailia,2024-09-22
236,Daniel,Flores,Female,25,01281710585,daniel.flores23@yahoo.com,Mansoura,2023-09-25
237,Rhonda,Lozano,Male,47,01092428896,rhonda.lozano398@yahoo.com,Cairo,2025-05-05
238,Kevin,Walters,Male,47,01186918103,kevin.walters715@outlook.com,Cairo,2025-11-26
239,Scott,Stokes,Female,39,01037719875,scott.stokes269@gmail.com,Cairo,2026-06-24
240,Kathryn,Hill,Female,60,01057993532,kathryn.hill702@hotmail.com,Zagazig,2025-12-20
241,Alex,King,Male,58,01139622662,alex.king551@gmail.com,Alexandria,2025-07-29
242,Heather,Decker,Female,30,01111966416,heather.decker193@hotmail.com,Zagazig,2024-10-02
243,Brian,Perez,Male,46,01240238535,brian.perez997@yahoo.com,Cairo,2024-02-29
244,William,Burnett,Female,51,01036701056,william.burnett394@yahoo.com,Mansoura,2024-12-03
245,Rodney,Parker,Male,55,01129471848,rodney.parker350@outlook.com,Giza,2025-07-24
246,Thomas,Martin,Female,52,01296022105,thomas.martin316@outlook.com,Alexandria,2024-09-10
247,Kenneth,Peck,Female,55,01123108852,kenneth.peck933@yahoo.com,Cairo,2026-03-27
248,Clayton,Smith,Female,42,01272258301,clayton.smith723@hotmail.com,Zagazig,2024-05-06
249,April,Martin,Female,50,01271381088,april.martin161@outlook.com,Cairo,2026-06-24
250,Angela,Yang,Female,22,01049042208,angela.yang73@outlook.com,Alexandria,2024-03-18
251,Rachael,Pierce,Male,29,01573003724,rachael.pierce31@outlook.com,Alexandria,2026-03-30
252,Alison,Peterson,Male,41,01061575696,alison.peterson773@gmail.com,Assiut,2024-10-26
253,Jessica,Myers,Female,48,01230263661,jessica.myers197@gmail.com,Cairo,2026-01-03
254,Keith,Macdonald,Female,49,01037935780,keith.macdonald905@hotmail.com,Giza,2026-06-20
255,Jose,Jacobs,Male,50,01177465074,jose.jacobs796@hotmail.com,Giza,2024-09-23
256,Karen,Miller,Female,40,01071375947,karen.miller854@outlook.com,Giza,2024-04-18
257,David,Gonzalez,Female,49,01278493080,david.gonzalez576@gmail.com,Giza,2026-02-21
258,Sandra,Daniel,Male,29,01159360647,sandra.daniel642@gmail.com,Giza,2025-07-31
259,Cynthia,Kelley,Female,32,01515828171,cynthia.kelley570@yahoo.com,Cairo,2026-03-12
260,Kristin,Rodriguez,Female,55,01278635404,kristin.rodriguez960@hotmail.com,Alexandria,2023-09-24
261,April,Ramos,Female,41,01225858630,april.ramos778@hotmail.com,Alexandria,2024-01-16
262,Janice,Hill,Female,19,01541894374,janice.hill378@gmail.com,Ismailia,2024-09-27
263,Victoria,Crawford,Female,23,01508029583,victoria.crawford516@gmail.com,Cairo,2023-07-23
264,Darryl,Turner,Male,48,01247660632,darryl.turner331@yahoo.com,Giza,2026-07-02
265,Julie,Gaines,Male,24,01195877932,julie.gaines893@outlook.com,Cairo,2024-11-04
266,Dana,Gonzalez,Male,52,01008153983,dana.gonzalez841@outlook.com,Mansoura,2025-09-18
267,Brandon,Peters,Male,48,01273876117,brandon.peters608@gmail.com,Alexandria,2026-06-04
268,Kevin,Jensen,Female,24,01210716761,kevin.jensen268@gmail.com,Alexandria,2026-03-22
269,Laura,Payne,Female,46,01084217432,laura.payne535@hotmail.com,Giza,2023-12-03
270,Sarah,Sullivan,Female,22,01275627279,sarah.sullivan361@hotmail.com,Cairo,2024-01-25
271,Patrick,Ramirez,Female,60,01149157406,patrick.ramirez478@gmail.com,Giza,2025-12-30
272,Jessica,Keith,Female,33,01227419217,jessica.keith97@gmail.com,Ismailia,2026-03-01
273,John,Manning,Female,59,01541586816,john.manning281@hotmail.com,Zagazig,2025-03-03
274,Brian,Richards,Male,43,01560870857,brian.richards398@yahoo.com,Cairo,2025-05-14
275,Thomas,Bowman,Male,18,01270574729,thomas.bowman445@gmail.com,Alexandria,2024-01-31
276,Melissa,Ruiz,Female,46,01225098304,melissa.ruiz571@gmail.com,Cairo,2023-10-24
277,Lisa,Rhodes,Male,18,01284803338,lisa.rhodes978@outlook.com,Cairo,2023-12-19
278,Charlene,Little,Male,50,01289052952,charlene.little319@yahoo.com,Minya,2024-07-27
279,Elizabeth,Wood,Male,19,01235808700,elizabeth.wood357@outlook.com,Cairo,2024-05-30
280,Angela,Fitzpatrick,Male,33,01590229973,angela.fitzpatrick530@outlook.com,Giza,2025-06-10
281,Thomas,Alexander,Female,42,01100333172,thomas.alexander994@outlook.com,Cairo,2025-03-04
282,Michael,Williams,Male,27,01224521003,michael.williams49@yahoo.com,Giza,2024-04-10
283,Kristina,Williams,Female,40,01140297454,kristina.williams86@gmail.com,Giza,2024-06-26
284,Brenda,Garcia,Female,55,01193458874,brenda.garcia198@hotmail.com,Giza,2023-08-15
285,Ashley,Ortiz,Female,26,01128195256,ashley.ortiz508@yahoo.com,Mansoura,2023-09-26
286,Connie,Reid,Female,41,01089613670,connie.reid506@yahoo.com,Cairo,2024-03-10
287,Christian,Reynolds,Female,56,01517512178,christian.reynolds185@hotmail.com,Giza,2025-05-06
288,Matthew,Soto,Male,60,01235519884,matthew.soto775@hotmail.com,Alexandria,2026-01-17
289,Ernest,Young,Female,40,01133364713,ernest.young596@hotmail.com,Alexandria,2023-12-26
290,Kevin,Atkinson,Female,29,01194488078,kevin.atkinson691@gmail.com,Mansoura,2023-09-03
291,Haley,Rodriguez,Male,51,01099434457,haley.rodriguez36@hotmail.com,Cairo,2026-05-08
292,Anthony,Banks,Female,51,01529281039,anthony.banks676@outlook.com,Ismailia,2026-03-14
293,Megan,Carter,Male,46,01269409948,megan.carter309@hotmail.com,Cairo,2024-11-16
294,Kelsey,Andrews,Female,49,01147574881,kelsey.andrews641@outlook.com,Tanta,2024-06-10
295,Linda,Glover,Male,24,01156119919,linda.glover523@outlook.com,Mansoura,2024-05-25
296,James,Carrillo,Male,40,01120862185,james.carrillo501@outlook.com,Sohag,2026-04-27
297,William,Collins,Male,40,01093268515,william.collins875@outlook.com,Cairo,2024-03-03
298,Martin,Thomas,Female,60,01053402109,martin.thomas676@yahoo.com,Giza,2023-08-15
299,Derrick,Henry,Female,54,01061293306,derrick.henry319@hotmail.com,Giza,2025-11-16
300,Rose,Andrews,Female,55,01588781232,rose.andrews409@yahoo.com,Cairo,2025-11-23
301,Kenneth,Carter,Female,26,01260851443,kenneth.carter928@gmail.com,Alexandria,2025-07-14
302,Robert,Rivera,Female,22,01276824484,robert.rivera974@hotmail.com,Cairo,2026-06-30
303,Joseph,Fox,Female,31,01212893750,joseph.fox411@yahoo.com,Cairo,2023-09-30
304,Brittney,Williams,Female,20,01188406471,brittney.williams540@hotmail.com,Cairo,2025-02-18
305,Jacqueline,Fleming,Female,38,01017422771,jacqueline.fleming663@outlook.com,Cairo,2024-08-27
306,Ashley,Morris,Male,28,01011528714,ashley.morris321@hotmail.com,Giza,2024-06-13
307,Erica,Hansen,Male,49,01557320698,erica.hansen565@gmail.com,Giza,2025-02-07
308,Shawn,Green,Female,36,01020806447,shawn.green823@yahoo.com,Tanta,2025-10-18
309,Donald,Lopez,Male,50,01565583135,donald.lopez466@outlook.com,Tanta,2024-01-18
310,Christopher,Boyer,Male,41,01591281382,christopher.boyer809@hotmail.com,Cairo,2024-03-23
311,William,Arroyo,Female,57,01154365408,william.arroyo902@yahoo.com,Alexandria,2025-04-26
312,David,Marshall,Male,19,01504553222,david.marshall65@hotmail.com,Giza,2025-07-19
313,Gina,Powell,Female,36,01280623698,gina.powell549@hotmail.com,Giza,2025-02-09
314,Corey,Norris,Female,38,01033860754,corey.norris98@outlook.com,Cairo,2026-06-12
315,Elizabeth,Cook,Male,56,01139877667,elizabeth.cook230@yahoo.com,Cairo,2025-10-06
316,Tammy,Gomez,Male,55,01096446146,tammy.gomez538@gmail.com,Assiut,2025-02-24
317,Mark,Andrews,Male,24,01108348085,mark.andrews215@yahoo.com,Tanta,2023-11-05
318,Bobby,Lawrence,Male,46,01144131820,bobby.lawrence124@outlook.com,Alexandria,2026-06-20
319,Krystal,Good,Female,60,01077817261,krystal.good304@hotmail.com,Cairo,2023-09-13
320,Jessica,Taylor,Male,18,01097153112,jessica.taylor807@gmail.com,Mansoura,2025-10-27
321,Christopher,Nelson,Male,26,01564753802,christopher.nelson865@outlook.com,Cairo,2024-12-13
322,Anna,Singh,Male,30,01052926088,anna.singh826@outlook.com,Alexandria,2025-03-04
323,Paul,Crane,Male,40,01092692246,paul.crane978@hotmail.com,Ismailia,2025-02-26
324,Juan,Butler,Male,48,01512958576,juan.butler179@gmail.com,Giza,2024-10-01
325,Michael,Jones,Female,24,01116746983,michael.jones670@hotmail.com,Alexandria,2026-05-23
326,Jane,Montgomery,Male,28,01575438411,jane.montgomery739@gmail.com,Giza,2025-12-24
327,Christopher,White,Male,50,01202556595,christopher.white637@hotmail.com,Mansoura,2024-11-19
328,Brittany,Ingram,Female,42,01234536863,brittany.ingram434@hotmail.com,Ismailia,2026-07-10
329,Annette,Jackson,Female,49,01279684586,annette.jackson24@gmail.com,Giza,2024-08-22
330,Amanda,Harrell,Male,29,01191597222,amanda.harrell105@gmail.com,Cairo,2023-08-14
331,Jeffrey,Harris,Male,27,01134714046,jeffrey.harris793@yahoo.com,Mansoura,2024-01-22
332,Raymond,Figueroa,Female,58,01164717031,raymond.figueroa239@outlook.com,Alexandria,2025-01-10
333,Steve,Gomez,Male,31,01072785935,steve.gomez611@hotmail.com,Giza,2024-06-03
334,Erin,Harris,Female,28,01019568086,erin.harris498@yahoo.com,Minya,2024-10-16
335,Julia,Wilson,Female,39,01120702748,julia.wilson455@gmail.com,Tanta,2024-11-02
336,Ryan,Grant,Male,40,01041043326,ryan.grant316@hotmail.com,Cairo,2025-08-28
337,Diane,Powell,Female,23,01503171526,diane.powell835@hotmail.com,Cairo,2024-12-29
338,Kristen,Bailey,Female,46,01065803137,kristen.bailey98@gmail.com,Alexandria,2025-06-05
339,Rhonda,Morgan,Female,30,01506940774,rhonda.morgan183@gmail.com,Mansoura,2025-07-13
340,Mackenzie,Wallace,Female,37,01262651183,mackenzie.wallace555@outlook.com,Mansoura,2024-03-14
341,Arthur,Russell,Male,48,01206168411,arthur.russell443@outlook.com,Tanta,2023-10-09
342,Jessica,Wilson,Male,59,01128795432,jessica.wilson681@yahoo.com,Mansoura,2025-12-15
343,Melissa,Brooks,Male,29,01150469472,melissa.brooks792@gmail.com,Giza,2025-09-10
344,Kelli,Jenkins,Female,24,01082656564,kelli.jenkins451@hotmail.com,Cairo,2024-06-29
345,Amanda,Mcmahon,Male,43,01294114124,amanda.mcmahon316@gmail.com,Giza,2023-07-30
346,Michele,Brown,Female,24,01258481765,michele.brown55@gmail.com,Giza,2025-04-27
347,Frances,Castillo,Male,51,01150379762,frances.castillo210@hotmail.com,Cairo,2026-02-01
348,Alexis,Wade,Male,53,01069621815,alexis.wade658@yahoo.com,Cairo,2023-09-04
349,Jill,Mooney,Male,20,01299116232,jill.mooney121@outlook.com,Cairo,2025-02-08
350,Steven,Cunningham,Male,45,01017805531,steven.cunningham474@hotmail.com,Cairo,2026-02-12
351,Laura,Williams,Male,23,01217308900,laura.williams237@gmail.com,Giza,2025-02-24
352,Kenneth,Ochoa,Female,35,01256409885,kenneth.ochoa708@hotmail.com,Giza,2025-12-04
353,Felicia,Thomas,Male,57,01513574546,felicia.thomas536@hotmail.com,Cairo,2024-04-14
354,Kyle,Luna,Male,49,01123273669,kyle.luna788@yahoo.com,Cairo,2025-07-01
355,Jamie,Williams,Female,53,01184413107,jamie.williams829@hotmail.com,Tanta,2025-09-04
356,Stephanie,Mora,Female,30,01118484509,stephanie.mora934@hotmail.com,Cairo,2023-11-08
357,Aimee,Hicks,Male,32,01576308812,aimee.hicks738@gmail.com,Zagazig,2024-12-16
358,Matthew,Johnson,Female,40,01290543995,matthew.johnson287@gmail.com,Cairo,2024-02-05
359,Jennifer,Garza,Female,21,01052528797,jennifer.garza166@outlook.com,Alexandria,2023-11-18
360,Isaac,Smith,Male,45,01198608732,isaac.smith601@hotmail.com,Cairo,2023-11-15
361,Kelly,Brown,Male,37,01179805096,kelly.brown534@hotmail.com,Cairo,2024-12-09
362,Glenn,Martin,Male,40,01024423859,glenn.martin380@hotmail.com,Cairo,2024-12-30
363,Dominic,Bush,Female,47,01502529242,dominic.bush266@gmail.com,Alexandria,2025-09-30
364,Stephanie,Mayo,Female,48,01119745790,stephanie.mayo205@hotmail.com,Cairo,2024-01-30
365,Nicholas,Smith,Male,24,01152068021,nicholas.smith964@outlook.com,Cairo,2025-02-14
366,Karen,Vazquez,Male,35,01116634720,karen.vazquez407@outlook.com,Cairo,2024-01-16
367,Joseph,Gonzalez,Male,30,01227489160,joseph.gonzalez801@outlook.com,Ismailia,2024-09-23
368,Elizabeth,Taylor,Male,34,01298782215,elizabeth.taylor685@gmail.com,Ismailia,2023-08-08
369,Matthew,Davenport,Female,36,01284128298,matthew.davenport655@hotmail.com,Tanta,2026-04-16
370,Colleen,Johnson,Male,26,01054015813,colleen.johnson992@outlook.com,Cairo,2024-12-27
371,Megan,Olson,Female,42,01186483611,megan.olson773@yahoo.com,Cairo,2023-12-18
372,Jimmy,Meza,Male,52,01119334585,jimmy.meza397@outlook.com,Cairo,2024-11-14
373,Diana,Gray,Male,51,01560724342,diana.gray741@outlook.com,Giza,2025-04-13
374,Ashley,Smith,Female,51,01025348566,ashley.smith713@gmail.com,Cairo,2026-05-04
375,Cindy,Zhang,Female,52,01011080848,cindy.zhang136@hotmail.com,Giza,2024-01-21
376,Mary,Munoz,Male,24,01290633697,mary.munoz935@yahoo.com,Giza,2024-03-13
377,Sergio,Nichols,Female,44,01567678918,sergio.nichols755@yahoo.com,Cairo,2025-03-24
378,Leslie,Armstrong,Male,20,01527412781,leslie.armstrong896@outlook.com,Cairo,2025-05-08
379,Traci,Wilson,Female,35,01580218691,traci.wilson821@outlook.com,Cairo,2026-07-08
380,Kathy,Werner,Female,34,01107169774,kathy.werner17@outlook.com,Cairo,2024-09-15
381,Ronald,Walker,Male,42,01121235869,ronald.walker244@hotmail.com,Giza,2025-05-24
382,Alexander,Fitzgerald,Male,53,01140637702,alexander.fitzgerald887@outlook.com,Cairo,2023-12-15
383,Caroline,Hudson,Female,48,01246174162,caroline.hudson777@hotmail.com,Assiut,2026-07-05
384,Sara,Wright,Male,54,01051854473,sara.wright496@outlook.com,Mansoura,2024-05-29
385,Mary,Hayes,Male,44,01209763876,mary.hayes289@gmail.com,Mansoura,2026-04-05
386,Dominique,Zhang,Male,27,01237138485,dominique.zhang818@hotmail.com,Giza,2025-01-28
387,Kristine,Wright,Female,47,01179541134,kristine.wright688@hotmail.com,Cairo,2024-09-12
388,Brandy,Pitts,Female,48,01013413180,brandy.pitts783@hotmail.com,Cairo,2023-09-02
389,Nathan,Rojas,Male,45,01548348016,nathan.rojas772@hotmail.com,Giza,2026-06-09
390,Chad,Murillo,Female,52,01581756310,chad.murillo517@outlook.com,Tanta,2026-05-30
391,Pamela,Lee,Female,58,01284339575,pamela.lee732@hotmail.com,Cairo,2024-03-18
392,Jeffrey,Romero,Male,49,01200023383,jeffrey.romero710@yahoo.com,Cairo,2023-11-28
393,Kaitlyn,Anderson,Female,51,01283668292,kaitlyn.anderson574@outlook.com,Giza,2026-02-13
394,Terrence,Molina,Female,42,01227538200,terrence.molina72@yahoo.com,Cairo,2025-02-21
395,Daniel,Carlson,Female,34,01569449333,daniel.carlson21@yahoo.com,Zagazig,2024-12-11
396,Sean,Sharp,Male,43,01223399387,sean.sharp356@outlook.com,Cairo,2024-09-07
397,Neil,Arnold,Male,54,01280882202,neil.arnold418@gmail.com,Giza,2025-04-08
398,Joshua,Brown,Female,36,01192815042,joshua.brown841@hotmail.com,Cairo,2024-06-26
399,Elizabeth,Woods,Male,28,01055623096,elizabeth.woods147@outlook.com,Cairo,2023-09-17
400,Cody,Oliver,Male,28,01046152039,cody.oliver630@outlook.com,Cairo,2025-06-12
401,Thomas,Leach,Male,30,01218962944,thomas.leach371@yahoo.com,Alexandria,2026-06-10
402,Crystal,Brandt,Female,55,01529405286,crystal.brandt620@gmail.com,Cairo,2023-09-20
403,Thomas,Steele,Male,46,01120172749,thomas.steele541@yahoo.com,Giza,2025-10-21
404,Deanna,Smith,Female,53,01234004926,deanna.smith815@hotmail.com,Alexandria,2024-05-30
405,Toni,Hernandez,Female,59,01507339017,toni.hernandez482@gmail.com,Cairo,2023-08-07
406,Darlene,Taylor,Male,50,01015756113,darlene.taylor45@outlook.com,Cairo,2025-04-27
407,Francisco,Hicks,Male,34,01207706766,francisco.hicks30@outlook.com,Giza,2025-07-24
408,Joshua,Ramirez,Female,36,01118458905,joshua.ramirez319@gmail.com,Giza,2024-03-30
409,April,Robinson,Male,60,01103687422,april.robinson710@hotmail.com,Giza,2026-06-06
410,Rebecca,Monroe,Male,33,01010383028,rebecca.monroe754@hotmail.com,Cairo,2025-09-15
411,Scott,Porter,Male,40,01533939484,scott.porter430@yahoo.com,Alexandria,2025-02-20
412,Stefanie,Barber,Female,25,01523404583,stefanie.barber765@outlook.com,Giza,2024-06-02
413,Jacob,Gonzalez,Female,58,01596425081,jacob.gonzalez61@yahoo.com,Alexandria,2024-01-19
414,Gerald,Henderson,Male,32,01232021293,gerald.henderson800@hotmail.com,Giza,2025-05-05
415,Gregory,Barker,Female,49,01020929231,gregory.barker597@gmail.com,Giza,2024-01-02
416,Margaret,Williams,Female,48,01556054606,margaret.williams298@yahoo.com,Cairo,2023-10-04
417,Joshua,Johnson,Female,28,01164856819,joshua.johnson845@gmail.com,Ismailia,2025-04-28
418,James,Andrews,Female,43,01517795789,james.andrews667@outlook.com,Cairo,2026-02-09
419,Paige,Brock,Female,24,01184060834,paige.brock341@outlook.com,Tanta,2025-02-15
420,Chad,Bradshaw,Male,54,01174789569,chad.bradshaw861@yahoo.com,Zagazig,2025-10-01
421,Thomas,Walker,Female,24,01023484106,thomas.walker374@yahoo.com,Cairo,2026-05-07
422,Victoria,Ramos,Male,43,01043125603,victoria.ramos140@gmail.com,Sohag,2024-05-06
423,Stephen,Higgins,Female,58,01069368082,stephen.higgins189@gmail.com,Cairo,2026-02-07
424,Olivia,Jones,Male,37,01126008720,olivia.jones629@yahoo.com,Cairo,2024-04-26
425,Tara,Duncan,Male,26,01577302895,tara.duncan552@yahoo.com,Minya,2026-03-21
426,Evan,Norton,Female,60,01060846317,evan.norton573@yahoo.com,Alexandria,2024-05-08
427,Kristen,Jones,Female,19,01573521598,kristen.jones859@hotmail.com,Sohag,2023-12-17
428,Alyssa,Baker,Female,35,01153240879,alyssa.baker799@gmail.com,Zagazig,2025-01-29
429,Timothy,Johnson,Male,48,01187068143,timothy.johnson917@hotmail.com,Giza,2025-08-13
430,Austin,Burns,Female,54,01581565804,austin.burns433@hotmail.com,Assiut,2026-02-02
431,Carmen,Tucker,Female,60,01022463672,carmen.tucker370@outlook.com,Cairo,2023-10-20
432,Michael,Walker,Male,22,01578860939,michael.walker840@outlook.com,Cairo,2024-08-29
433,Dylan,Noble,Female,58,01291760510,dylan.noble364@yahoo.com,Cairo,2025-06-10
434,Steven,Smith,Female,43,01205515414,steven.smith229@yahoo.com,Giza,2025-04-16
435,Brooke,Lambert,Female,53,01517929311,brooke.lambert991@gmail.com,Giza,2024-10-04
436,Christopher,Lin,Male,31,01166940903,christopher.lin495@hotmail.com,Cairo,2026-03-05
437,Emily,Villanueva,Male,51,01181028933,emily.villanueva77@outlook.com,Cairo,2024-11-04
438,Ashley,Morgan,Female,30,01175288486,ashley.morgan430@outlook.com,Minya,2026-06-28
439,Katie,Guerrero,Female,26,01297100413,katie.guerrero633@hotmail.com,Cairo,2024-09-27
440,Caitlin,Hall,Female,43,01255822626,caitlin.hall385@hotmail.com,Sohag,2025-09-20
441,Patricia,Sanford,Female,54,01278098359,patricia.sanford103@hotmail.com,Cairo,2026-02-28
442,Jessica,Shepherd,Male,51,01216378313,jessica.shepherd51@outlook.com,Alexandria,2023-12-06
443,Amy,Meza,Male,20,01540456187,amy.meza769@yahoo.com,Cairo,2025-10-14
444,Aaron,Harrell,Female,26,01025576395,aaron.harrell242@gmail.com,Cairo,2026-05-20
445,Michael,Berg,Female,49,01004258933,michael.berg615@yahoo.com,Cairo,2024-02-26
446,Dakota,Kelly,Male,40,01524902488,dakota.kelly251@hotmail.com,Giza,2024-09-23
447,Emily,Gardner,Female,31,01572406417,emily.gardner297@gmail.com,Giza,2025-09-25
448,Jean,Shah,Male,32,01184814959,jean.shah148@yahoo.com,Giza,2026-05-28
449,Elizabeth,Martinez,Male,45,01208818188,elizabeth.martinez435@hotmail.com,Cairo,2025-06-02
450,Katherine,Rasmussen,Male,43,01544567706,katherine.rasmussen83@outlook.com,Giza,2023-10-18
451,John,Robinson,Male,60,01086472471,john.robinson166@outlook.com,Giza,2023-08-11
452,Phillip,Shaw,Female,18,01299958748,phillip.shaw538@yahoo.com,Cairo,2025-07-08
453,Robert,Williams,Female,21,01230911827,robert.williams977@gmail.com,Cairo,2023-10-08
454,Patrick,White,Female,49,01198684026,patrick.white749@hotmail.com,Alexandria,2026-02-11
455,Stephen,Brown,Male,32,01245959076,stephen.brown587@gmail.com,Cairo,2023-11-04
456,Brandon,Garza,Female,45,01512715852,brandon.garza127@hotmail.com,Cairo,2026-02-22
457,Gary,Gardner,Male,25,01082087924,gary.gardner337@hotmail.com,Cairo,2024-05-07
458,Brandy,Olson,Male,18,01215052621,brandy.olson848@gmail.com,Cairo,2024-01-18
459,Gregory,Boone,Female,57,01554007260,gregory.boone198@yahoo.com,Giza,2026-06-14
460,Melinda,Wang,Female,53,01236082429,melinda.wang40@gmail.com,Zagazig,2026-03-31
461,Donna,Ferguson,Female,19,01172711994,donna.ferguson124@hotmail.com,Giza,2026-05-12
462,Michael,Chandler,Female,20,01214954812,michael.chandler20@gmail.com,Zagazig,2024-08-04
463,April,Sawyer,Female,18,01131937723,april.sawyer813@hotmail.com,Sohag,2026-02-24
464,Troy,Thompson,Female,25,01184152390,troy.thompson890@yahoo.com,Cairo,2024-03-12
465,John,Ortiz,Female,26,01273625487,john.ortiz441@outlook.com,Cairo,2025-01-17
466,Cynthia,Simmons,Female,23,01145851710,cynthia.simmons868@hotmail.com,Minya,2023-12-23
467,Robin,Williams,Female,25,01064191994,robin.williams201@outlook.com,Cairo,2025-10-23
468,Amanda,Bailey,Male,41,01579392868,amanda.bailey970@gmail.com,Tanta,2025-01-20
469,Misty,Deleon,Male,45,01506875195,misty.deleon123@gmail.com,Ismailia,2025-02-27
470,Philip,Wood,Female,35,01097731315,philip.wood642@yahoo.com,Cairo,2026-01-12
471,Trevor,Green,Female,53,01059768057,trevor.green597@hotmail.com,Giza,2025-07-21
472,Nathaniel,Olson,Female,29,01187961237,nathaniel.olson767@outlook.com,Assiut,2024-08-03
473,Randall,Molina,Female,34,01581546252,randall.molina376@outlook.com,Zagazig,2023-12-05
474,Donna,Morgan,Female,47,01045170633,donna.morgan392@outlook.com,Assiut,2024-01-02
475,Emily,Stevens,Male,57,01206770654,emily.stevens245@yahoo.com,Mansoura,2024-04-18
476,Brian,Murphy,Female,27,01014073799,brian.murphy986@yahoo.com,Cairo,2025-11-06
477,Joshua,Roberts,Male,36,01218453346,joshua.roberts325@outlook.com,Cairo,2024-07-10
478,Joshua,Mcconnell,Male,58,01511354754,joshua.mcconnell61@outlook.com,Cairo,2024-05-28
479,Kelsey,Alvarado,Male,35,01101712943,kelsey.alvarado595@yahoo.com,Cairo,2024-07-01
480,Jill,Farrell,Male,50,01214260910,jill.farrell784@outlook.com,Giza,2024-06-26
481,Sherry,Bradshaw,Female,47,01554041549,sherry.bradshaw533@outlook.com,Zagazig,2025-11-16
482,Randy,Murray,Female,37,01297593162,randy.murray366@yahoo.com,Ismailia,2025-03-28
483,Mark,Johnson,Female,51,01146788699,mark.johnson769@yahoo.com,Tanta,2023-12-19
484,Thomas,Wright,Female,18,01561632315,thomas.wright730@hotmail.com,Cairo,2025-11-28
485,Stephen,Wood,Female,42,01510488183,stephen.wood112@gmail.com,Cairo,2023-09-03
486,Andrew,Forbes,Female,43,01153059902,andrew.forbes822@gmail.com,Cairo,2025-02-24
487,David,Walker,Male,37,01002523019,david.walker975@hotmail.com,Alexandria,2024-06-05
488,Renee,Gomez,Male,26,01079416469,renee.gomez647@outlook.com,Tanta,2024-01-08
489,Brandi,Bennett,Male,51,01549833136,brandi.bennett792@yahoo.com,Mansoura,2025-10-13
490,Kristin,Nelson,Male,21,01072840723,kristin.nelson67@yahoo.com,Cairo,2025-03-02
491,Jose,Fitzgerald,Male,38,01537199599,jose.fitzgerald523@outlook.com,Cairo,2025-07-14
492,Brandon,Thomas,Female,29,01122348389,brandon.thomas794@outlook.com,Giza,2025-05-16
493,Ashley,Richards,Male,50,01213891977,ashley.richards346@hotmail.com,Cairo,2024-07-26
494,Christian,Brown,Female,18,01182533201,christian.brown528@outlook.com,Cairo,2024-05-04
495,Dana,Collier,Male,53,01206964225,dana.collier844@gmail.com,Alexandria,2023-12-28
496,Brittney,Gonzalez,Female,58,01120040038,brittney.gonzalez994@gmail.com,Cairo,2024-10-27
497,Michael,Turner,Male,18,01000913404,michael.turner636@yahoo.com,Mansoura,2025-11-08
498,Emily,Wang,Female,50,01087874669,emily.wang736@hotmail.com,Cairo,2026-02-18
499,Dawn,Murray,Male,57,01548155077,dawn.murray445@yahoo.com,Tanta,2023-10-07
500,Walter,Russell,Female,49,01038693406,walter.russell497@gmail.com,Alexandria,2024-12-15
501,Misty,Wilson,Male,25,01258830333,misty.wilson613@hotmail.com,Assiut,2023-08-02
502,Michelle,Miller,Male,60,01284746303,michelle.miller908@gmail.com,Alexandria,2023-09-13
503,Christopher,Santiago,Male,34,01167120123,christopher.santiago100@hotmail.com,Cairo,2023-10-17
504,Joshua,Ortiz,Female,37,01201918214,joshua.ortiz17@hotmail.com,Tanta,2025-07-04
505,Elizabeth,Thornton,Female,50,01535384417,elizabeth.thornton979@gmail.com,Tanta,2026-04-11
506,Joseph,Scott,Female,59,01111212138,joseph.scott392@gmail.com,Giza,2025-08-31
507,Benjamin,Harper,Female,55,01050732997,benjamin.harper776@outlook.com,Cairo,2025-10-22
508,Victoria,Weaver,Male,27,01248974256,victoria.weaver616@hotmail.com,Alexandria,2026-06-20
509,Grace,Santos,Male,42,01186221827,grace.santos678@gmail.com,Cairo,2024-04-21
510,Gloria,Pierce,Female,43,01058740141,gloria.pierce244@hotmail.com,Minya,2025-07-24
511,Cheryl,Mack,Male,49,01592727761,cheryl.mack56@hotmail.com,Tanta,2024-12-08
512,Ryan,Mitchell,Male,32,01035268425,ryan.mitchell993@outlook.com,Giza,2023-10-06
513,Jeffrey,Hayes,Male,51,01545771764,jeffrey.hayes504@hotmail.com,Cairo,2023-08-01
514,Donald,Diaz,Female,53,01540102573,donald.diaz770@hotmail.com,Giza,2024-08-21
515,Joanna,Price,Female,56,01164158470,joanna.price457@gmail.com,Cairo,2025-02-26
516,Jenny,Sampson,Female,33,01103978866,jenny.sampson840@gmail.com,Cairo,2024-03-03
517,Michelle,Perkins,Female,60,01016902865,michelle.perkins912@yahoo.com,Alexandria,2024-09-27
518,Jennifer,Hernandez,Female,23,01597406910,jennifer.hernandez831@hotmail.com,Zagazig,2026-01-31
519,Adam,Brown,Male,60,01113485708,adam.brown553@gmail.com,Cairo,2026-07-06
520,Heather,Ramirez,Female,56,01028577915,heather.ramirez730@hotmail.com,Alexandria,2025-09-11
521,Ashley,Cobb,Male,22,01144028101,ashley.cobb233@outlook.com,Alexandria,2024-07-20
522,Donald,Martinez,Male,35,01572881306,donald.martinez161@gmail.com,Cairo,2023-12-15
523,Jennifer,Edwards,Male,53,01056108279,jennifer.edwards826@outlook.com,Giza,2024-06-12
524,Eric,Koch,Male,43,01525843856,eric.koch240@gmail.com,Zagazig,2024-03-29
525,Jeremiah,Wood,Male,58,01205029813,jeremiah.wood836@outlook.com,Alexandria,2025-02-24
526,Joseph,Rogers,Male,46,01099070560,joseph.rogers350@outlook.com,Cairo,2024-10-22
527,Jacob,Henson,Male,47,01528788110,jacob.henson67@outlook.com,Tanta,2025-08-30
528,Kenneth,Schmidt,Female,43,01027021371,kenneth.schmidt83@hotmail.com,Cairo,2025-01-24
529,Joseph,Rodriguez,Male,43,01208292433,joseph.rodriguez448@gmail.com,Mansoura,2025-09-03
530,Sarah,Lang,Male,22,01072299840,sarah.lang546@hotmail.com,Cairo,2026-03-06
531,Stephanie,Campos,Male,57,01115754106,stephanie.campos392@outlook.com,Mansoura,2025-10-17
532,Kevin,Acevedo,Male,42,01198577396,kevin.acevedo95@gmail.com,Cairo,2024-12-09
533,Benjamin,Jacobs,Female,49,01098028369,benjamin.jacobs629@gmail.com,Cairo,2026-05-17
534,Tyler,Morton,Female,48,01016190301,tyler.morton970@hotmail.com,Tanta,2024-02-29
535,Jasmine,Norris,Female,26,01579976106,jasmine.norris570@outlook.com,Cairo,2024-11-01
536,Kristin,Blair,Male,41,01546832526,kristin.blair825@outlook.com,Alexandria,2024-05-20
537,Meghan,Lewis,Male,46,01052687831,meghan.lewis702@hotmail.com,Cairo,2025-08-04
538,Debra,Scott,Male,18,01091572716,debra.scott573@hotmail.com,Giza,2026-03-14
539,Lee,Kline,Female,32,01178403651,lee.kline838@hotmail.com,Cairo,2024-09-30
540,Kimberly,Christensen,Female,46,01114033298,kimberly.christensen691@outlook.com,Alexandria,2023-11-01
541,Charlene,Williams,Male,59,01298671489,charlene.williams611@gmail.com,Alexandria,2025-10-22
542,Michael,Key,Male,49,01299844470,michael.key30@hotmail.com,Mansoura,2023-12-12
543,Cheryl,Flores,Female,39,01149544640,cheryl.flores523@outlook.com,Cairo,2025-08-11
544,Joseph,Lopez,Female,32,01245099096,joseph.lopez250@hotmail.com,Mansoura,2024-04-08
545,Dennis,Taylor,Male,40,01067285785,dennis.taylor457@yahoo.com,Cairo,2024-09-04
546,Michael,Bennett,Male,34,01070753681,michael.bennett880@outlook.com,Alexandria,2026-04-24
547,Rachael,Miller,Male,54,01519476170,rachael.miller754@hotmail.com,Cairo,2024-11-29
548,Richard,Suarez,Female,48,01256714278,richard.suarez735@yahoo.com,Cairo,2026-05-01
549,Mark,Flores,Male,60,01528438235,mark.flores434@yahoo.com,Giza,2026-06-23
550,Andrea,Davis,Male,58,01535232475,andrea.davis624@gmail.com,Cairo,2024-03-10
551,Matthew,Vega,Female,32,01175498958,matthew.vega453@hotmail.com,Cairo,2024-06-13
552,Willie,Whitehead,Male,50,01577995539,willie.whitehead541@outlook.com,Cairo,2026-05-21
553,Lauren,Brown,Male,42,01240093221,lauren.brown56@yahoo.com,Alexandria,2026-05-02
554,Brittany,Mcfarland,Female,26,01153983697,brittany.mcfarland268@yahoo.com,Tanta,2025-10-01
555,Shawn,Lawrence,Female,42,01567254285,shawn.lawrence472@hotmail.com,Alexandria,2026-01-15
556,Johnny,Herring,Female,19,01500302686,johnny.herring664@gmail.com,Alexandria,2025-03-22
557,Daniel,Young,Male,45,01249657641,daniel.young826@yahoo.com,Ismailia,2024-09-01
558,Amanda,Hall,Female,54,01290709315,amanda.hall51@yahoo.com,Cairo,2023-10-29
559,Rick,Morse,Male,42,01170763627,rick.morse734@hotmail.com,Zagazig,2023-11-08
560,Veronica,Jackson,Male,56,01269525510,veronica.jackson887@hotmail.com,Cairo,2023-10-16
561,Brittany,Vasquez,Male,46,01176521797,brittany.vasquez318@outlook.com,Cairo,2026-01-01
562,John,Velez,Male,31,01098122959,john.velez898@outlook.com,Cairo,2024-02-17
563,Scott,Williams,Male,42,01157825504,scott.williams601@gmail.com,Cairo,2026-02-28
564,Christopher,Warren,Male,28,01102477562,christopher.warren131@gmail.com,Cairo,2025-12-25
565,Mark,Owens,Male,27,01022104377,mark.owens862@outlook.com,Zagazig,2023-10-12
566,Jessica,Mckee,Female,21,01045501653,jessica.mckee502@hotmail.com,Ismailia,2024-06-01
567,Connie,Hall,Male,43,01259179365,connie.hall923@hotmail.com,Cairo,2025-06-26
568,Michael,Thomas,Male,47,01186853786,michael.thomas40@yahoo.com,Zagazig,2025-02-11
569,Kristina,Davis,Male,42,01231345906,kristina.davis607@outlook.com,Assiut,2024-06-19
570,David,Wilson,Female,18,01541510390,david.wilson256@outlook.com,Mansoura,2026-07-05
571,Alexandra,Caldwell,Female,33,01112632683,alexandra.caldwell698@gmail.com,Giza,2023-12-05
572,Jennifer,Garcia,Male,30,01515287598,jennifer.garcia216@gmail.com,Giza,2025-06-30
573,Bryan,Vaughn,Male,49,01060298579,bryan.vaughn797@gmail.com,Tanta,2023-10-19
574,Joshua,Hall,Female,58,01166029864,joshua.hall753@hotmail.com,Tanta,2025-10-04
575,Joel,Porter,Male,21,01511287684,joel.porter577@yahoo.com,Alexandria,2024-04-27
576,Anne,Bartlett,Female,48,01277944283,anne.bartlett406@outlook.com,Alexandria,2025-11-08
577,Maria,Mcknight,Male,25,01532885697,maria.mcknight953@yahoo.com,Alexandria,2026-03-10
578,Margaret,Richards,Male,58,01163885960,margaret.richards669@gmail.com,Tanta,2025-07-21
579,Christopher,Vaughn,Male,53,01223898346,christopher.vaughn47@yahoo.com,Giza,2024-09-02
580,Cassandra,Barber,Male,58,01241724593,cassandra.barber661@gmail.com,Giza,2025-10-01
581,Jacqueline,Smith,Male,18,01002595641,jacqueline.smith496@hotmail.com,Giza,2026-01-26
582,Jody,Smith,Male,25,01090496359,jody.smith49@yahoo.com,Cairo,2023-08-12
583,Lisa,Stephens,Female,32,01159405566,lisa.stephens471@gmail.com,Tanta,2023-10-26
584,Miguel,Allen,Male,34,01189282998,miguel.allen990@gmail.com,Cairo,2025-03-06
585,Mary,Gibbs,Female,42,01114387043,mary.gibbs76@yahoo.com,Cairo,2025-01-21
586,Amy,Villa,Male,43,01112754118,amy.villa60@outlook.com,Alexandria,2024-10-07
587,Natalie,Gomez,Female,43,01073219390,natalie.gomez385@outlook.com,Giza,2026-07-12
588,Brittany,Reeves,Male,41,01552940987,brittany.reeves960@hotmail.com,Giza,2025-10-12
589,Caroline,Gamble,Male,48,01537947807,caroline.gamble398@hotmail.com,Giza,2023-07-18
590,Sandy,Allen,Female,54,01077557097,sandy.allen161@gmail.com,Cairo,2025-08-18
591,Brendan,Vaughan,Female,26,01293799040,brendan.vaughan687@hotmail.com,Tanta,2024-08-27
592,Melinda,Coleman,Male,52,01599192452,melinda.coleman558@gmail.com,Tanta,2024-02-29
593,Benjamin,Barr,Male,33,01567217285,benjamin.barr238@gmail.com,Giza,2023-10-22
594,Michael,Greer,Female,50,01099265065,michael.greer869@gmail.com,Cairo,2023-09-16
595,Nancy,Rowe,Male,20,01011989689,nancy.rowe51@outlook.com,Zagazig,2025-06-14
596,David,Watson,Female,36,01285822099,david.watson80@hotmail.com,Mansoura,2024-01-01
597,Daniel,Henderson,Male,57,01218947148,daniel.henderson95@outlook.com,Giza,2026-01-23
598,Tammy,Bailey,Female,45,01548702597,tammy.bailey686@hotmail.com,Giza,2025-04-24
599,Lisa,Archer,Female,55,01204084168,lisa.archer168@yahoo.com,Mansoura,2023-11-30
600,Karina,Scott,Female,47,01021394440,karina.scott691@yahoo.com,Giza,2024-01-13
601,William,Price,Female,52,01127246202,william.price470@hotmail.com,Alexandria,2024-11-17
602,Vanessa,Campbell,Female,47,01059887223,vanessa.campbell175@hotmail.com,Alexandria,2024-01-13
603,Valerie,Mcclure,Male,44,01555063532,valerie.mcclure509@gmail.com,Ismailia,2026-01-31
604,James,Hayes,Male,53,01085665473,james.hayes228@outlook.com,Cairo,2024-12-27
605,Amber,Combs,Female,25,01133730586,amber.combs65@outlook.com,Alexandria,2024-03-25
606,Megan,Webb,Male,55,01058467173,megan.webb269@gmail.com,Cairo,2024-07-04
607,Krista,Carr,Male,29,01142661611,krista.carr950@gmail.com,Cairo,2024-03-10
608,Martin,Pitts,Male,52,01107567476,martin.pitts174@gmail.com,Cairo,2023-10-30
609,Michael,Carpenter,Male,54,01124685090,michael.carpenter207@yahoo.com,Cairo,2025-04-08
610,Michael,Lara,Male,50,01008704761,michael.lara546@gmail.com,Giza,2025-11-04
611,Katherine,Wilson,Male,48,01093141699,katherine.wilson681@hotmail.com,Cairo,2024-11-27
612,Natasha,Curry,Male,51,01185711268,natasha.curry840@yahoo.com,Cairo,2024-08-04
613,Natalie,Chapman,Female,55,01289855793,natalie.chapman624@hotmail.com,Cairo,2026-03-26
614,Daniel,Freeman,Female,38,01108380337,daniel.freeman346@outlook.com,Alexandria,2023-10-29
615,Becky,Houston,Female,59,01016761792,becky.houston327@outlook.com,Giza,2025-06-08
616,Jennifer,Rios,Male,25,01011948967,jennifer.rios798@yahoo.com,Cairo,2026-04-07
617,Patrick,Burns,Female,52,01256532592,patrick.burns163@outlook.com,Sohag,2024-07-08
618,Caitlin,Petersen,Male,51,01500749007,caitlin.petersen413@yahoo.com,Giza,2026-03-04
619,Laura,Palmer,Female,28,01276358855,laura.palmer652@outlook.com,Alexandria,2024-08-11
620,Kevin,Griffin,Male,26,01148203328,kevin.griffin620@hotmail.com,Alexandria,2026-05-27
621,Debra,Robinson,Male,27,01546693863,debra.robinson175@yahoo.com,Zagazig,2023-11-15
622,Robin,Rowe,Male,20,01007332680,robin.rowe487@yahoo.com,Giza,2024-06-15
623,Lori,Ruiz,Male,39,01009022554,lori.ruiz452@gmail.com,Ismailia,2024-08-15
624,Thomas,Anderson,Female,36,01280960396,thomas.anderson944@hotmail.com,Zagazig,2025-04-26
625,Daniel,Miller,Male,58,01205854675,daniel.miller677@hotmail.com,Cairo,2023-08-18
626,Kelsey,Willis,Male,33,01287804986,kelsey.willis648@outlook.com,Alexandria,2025-08-25
627,Brandi,Oneal,Female,48,01155760721,brandi.oneal960@gmail.com,Sohag,2024-04-18
628,Veronica,Jimenez,Female,52,01544161732,veronica.jimenez72@yahoo.com,Cairo,2023-10-24
629,Craig,Davis,Female,49,01016069808,craig.davis278@gmail.com,Alexandria,2024-12-04
630,Kimberly,Castro,Male,37,01065382819,kimberly.castro600@yahoo.com,Giza,2025-06-12
631,Ryan,Johnson,Female,34,01051123211,ryan.johnson987@gmail.com,Alexandria,2026-06-11
632,Juan,Smith,Female,23,01000744309,juan.smith517@gmail.com,Giza,2024-07-22
633,Adrienne,Garcia,Male,41,01556210003,adrienne.garcia156@outlook.com,Zagazig,2026-05-27
634,Karen,Deleon,Female,42,01529344767,karen.deleon91@outlook.com,Mansoura,2025-06-15
635,Nancy,Estrada,Female,38,01514719493,nancy.estrada100@outlook.com,Zagazig,2023-08-10
636,Daniel,Sherman,Male,58,01594944797,daniel.sherman133@outlook.com,Mansoura,2025-08-01
637,Charles,Mathews,Male,25,01549767392,charles.mathews24@gmail.com,Cairo,2024-12-06
638,Jesse,Davis,Male,18,01216104835,jesse.davis409@outlook.com,Giza,2025-05-10
639,Destiny,Hunter,Female,59,01114306638,destiny.hunter738@outlook.com,Cairo,2023-11-27
640,James,Smith,Female,57,01201494490,james.smith626@yahoo.com,Cairo,2025-01-14
641,Jonathan,Cabrera,Female,38,01053121014,jonathan.cabrera152@outlook.com,Assiut,2023-12-14
642,Martha,Ramsey,Male,56,01221357965,martha.ramsey875@hotmail.com,Alexandria,2023-09-01
643,Vickie,Wheeler,Male,37,01524767372,vickie.wheeler536@gmail.com,Cairo,2026-06-16
644,Tina,Mccormick,Female,32,01192087748,tina.mccormick40@yahoo.com,Zagazig,2024-05-27
645,Donna,Sanford,Male,31,01587087632,donna.sanford644@yahoo.com,Zagazig,2025-12-27
646,Anita,Garcia,Male,58,01190378318,anita.garcia230@gmail.com,Zagazig,2025-01-13
647,Laura,Moreno,Male,32,01569352773,laura.moreno3@hotmail.com,Ismailia,2024-12-05
648,Laura,Arellano,Male,35,01146768061,laura.arellano205@hotmail.com,Cairo,2026-01-10
649,Veronica,King,Female,59,01210888612,veronica.king162@outlook.com,Cairo,2025-04-19
650,Samuel,Lowe,Male,29,01581873285,samuel.lowe158@yahoo.com,Giza,2025-02-08
651,Jennifer,Smith,Male,25,01077789209,jennifer.smith514@gmail.com,Cairo,2026-02-17
652,Lisa,Mooney,Male,32,01136225641,lisa.mooney313@yahoo.com,Zagazig,2023-08-04
653,David,Deleon,Male,32,01168444710,david.deleon891@outlook.com,Giza,2024-11-09
654,Kimberly,Taylor,Female,41,01187918275,kimberly.taylor896@outlook.com,Assiut,2023-10-18
655,Amanda,Hines,Male,40,01216549732,amanda.hines645@outlook.com,Cairo,2025-09-15
656,Evan,Hall,Male,43,01152207644,evan.hall266@gmail.com,Cairo,2025-04-29
657,Anthony,Dougherty,Female,25,01298881682,anthony.dougherty518@yahoo.com,Ismailia,2026-02-09
658,Sheila,Walker,Female,20,01046893728,sheila.walker471@gmail.com,Mansoura,2025-06-25
659,Dakota,Kent,Male,37,01088953538,dakota.kent842@yahoo.com,Mansoura,2025-08-17
660,Andrew,Crosby,Male,47,01518921221,andrew.crosby296@hotmail.com,Assiut,2024-12-20
661,Kirk,Hatfield,Female,26,01064686918,kirk.hatfield742@yahoo.com,Alexandria,2024-05-31
662,Rebecca,Adams,Female,38,01535828641,rebecca.adams586@yahoo.com,Sohag,2025-05-16
663,Lawrence,Williamson,Male,41,01508534668,lawrence.williamson637@gmail.com,Cairo,2024-03-20
664,Phillip,Moyer,Male,60,01275274583,phillip.moyer907@outlook.com,Zagazig,2023-10-29
665,Brandon,Floyd,Female,50,01274500374,brandon.floyd32@yahoo.com,Alexandria,2024-10-20
666,James,Valencia,Male,21,01537865608,james.valencia843@yahoo.com,Cairo,2024-06-20
667,Sandy,Ballard,Female,47,01031117363,sandy.ballard188@hotmail.com,Cairo,2023-10-29
668,Jamie,Green,Male,40,01264836560,jamie.green539@yahoo.com,Giza,2025-04-02
669,Renee,Avila,Female,34,01568548595,renee.avila896@outlook.com,Mansoura,2026-04-01
670,Leslie,Mitchell,Male,53,01030413140,leslie.mitchell536@outlook.com,Giza,2026-02-18
671,Adam,Craig,Female,33,01084273603,adam.craig996@gmail.com,Sohag,2025-07-31
672,John,Johnson,Female,21,01565984561,john.johnson942@hotmail.com,Ismailia,2024-01-16
673,Matthew,Delgado,Male,34,01073599589,matthew.delgado766@outlook.com,Cairo,2026-03-16
674,Phillip,Lyons,Female,24,01032634755,phillip.lyons866@yahoo.com,Giza,2026-03-31
675,Michelle,Lutz,Female,48,01214538606,michelle.lutz699@yahoo.com,Sohag,2025-10-23
676,Kimberly,Wilson,Male,35,01135143826,kimberly.wilson970@hotmail.com,Giza,2024-01-06
677,Kelly,Jones,Male,25,01057540566,kelly.jones529@gmail.com,Cairo,2026-05-04
678,Jesse,Reilly,Female,47,01231844391,jesse.reilly487@outlook.com,Cairo,2023-08-23
679,Terri,Aguirre,Male,26,01229139137,terri.aguirre59@hotmail.com,Giza,2024-01-12
680,Joshua,Gibson,Female,28,01211269105,joshua.gibson116@outlook.com,Giza,2025-05-06
681,Jerry,Johnson,Male,54,01006627281,jerry.johnson935@gmail.com,Cairo,2025-06-20
682,Derek,Tucker,Female,39,01113712891,derek.tucker241@yahoo.com,Alexandria,2025-10-26
683,Stephen,Perez,Female,51,01215341234,stephen.perez915@gmail.com,Sohag,2026-07-10
684,Richard,Pena,Male,54,01179573250,richard.pena749@hotmail.com,Ismailia,2024-08-04
685,Aaron,Jacobs,Female,36,01195976371,aaron.jacobs495@gmail.com,Giza,2026-03-22
686,Michelle,Terrell,Male,36,01048733420,michelle.terrell180@yahoo.com,Tanta,2024-04-04
687,Ruth,Lowe,Female,38,01107488809,ruth.lowe720@outlook.com,Alexandria,2025-08-23
688,Kirsten,Olsen,Female,40,01579375635,kirsten.olsen722@hotmail.com,Mansoura,2024-08-03
689,Scott,Hernandez,Female,46,01171549315,scott.hernandez588@outlook.com,Giza,2024-04-12
690,Steven,Martin,Female,35,01559339033,steven.martin230@gmail.com,Giza,2024-06-01
691,Tina,Moreno,Female,20,01007465401,tina.moreno497@hotmail.com,Zagazig,2025-04-10
692,Kimberly,Clark,Female,40,01023080355,kimberly.clark930@hotmail.com,Assiut,2024-01-17
693,Austin,Holmes,Male,22,01547515499,austin.holmes823@hotmail.com,Ismailia,2023-12-12
694,Brian,Vargas,Male,44,01297929380,brian.vargas927@gmail.com,Cairo,2024-08-23
695,Heather,Moore,Male,39,01526385600,heather.moore679@hotmail.com,Cairo,2025-09-17
696,Devin,Graham,Male,51,01238538922,devin.graham261@gmail.com,Minya,2025-01-30
697,Gail,Harvey,Female,22,01066555369,gail.harvey783@hotmail.com,Cairo,2023-10-16
698,Amy,Petersen,Male,23,01148935749,amy.petersen62@yahoo.com,Cairo,2024-09-15
699,Zoe,Reyes,Female,60,01062953487,zoe.reyes985@gmail.com,Assiut,2026-02-10
700,Scott,Mccoy,Male,50,01546396536,scott.mccoy395@outlook.com,Cairo,2024-08-19
701,Michael,Ballard,Male,37,01017097553,michael.ballard892@outlook.com,Cairo,2025-08-20
702,Joseph,Nelson,Male,28,01543699517,joseph.nelson268@hotmail.com,Cairo,2026-03-28
703,Anne,Watson,Male,60,01017638608,anne.watson244@hotmail.com,Mansoura,2024-10-14
704,Chris,Cortez,Female,19,01139039192,chris.cortez113@gmail.com,Cairo,2025-04-28
705,Timothy,Austin,Female,53,01517582357,timothy.austin673@yahoo.com,Mansoura,2025-10-12
706,Cassandra,Khan,Male,30,01068292137,cassandra.khan230@gmail.com,Cairo,2024-03-27
707,Peggy,Mitchell,Male,20,01031006605,peggy.mitchell227@hotmail.com,Giza,2026-04-26
708,Christopher,Williams,Male,25,01138404342,christopher.williams357@gmail.com,Tanta,2024-06-30
709,Melissa,Solis,Male,23,01055520726,melissa.solis376@gmail.com,Cairo,2025-11-07
710,Morgan,Turner,Male,51,01225313434,morgan.turner957@hotmail.com,Giza,2025-08-13
711,Joan,Ingram,Female,56,01054212905,joan.ingram769@gmail.com,Sohag,2024-04-02
712,Heather,Thompson,Female,48,01143161724,heather.thompson274@hotmail.com,Cairo,2025-03-31
713,Andrea,Murphy,Female,24,01040077378,andrea.murphy727@yahoo.com,Cairo,2024-03-22
714,Deborah,Mcconnell,Female,37,01061051394,deborah.mcconnell69@outlook.com,Cairo,2024-11-04
715,Michael,Lowery,Male,46,01086607797,michael.lowery834@outlook.com,Cairo,2024-10-29
716,Angelica,Wong,Female,21,01180319054,angelica.wong973@outlook.com,Cairo,2024-04-10
717,Michael,Smith,Female,27,01264487268,michael.smith339@gmail.com,Cairo,2026-04-17
718,Nicole,Rodriguez,Male,40,01224826116,nicole.rodriguez246@outlook.com,Tanta,2025-08-25
719,Angela,Williams,Female,42,01162743948,angela.williams504@yahoo.com,Giza,2024-10-09
720,Rachel,Burgess,Female,32,01279465926,rachel.burgess541@outlook.com,Sohag,2024-12-19
721,Toni,Cabrera,Male,36,01522815261,toni.cabrera557@yahoo.com,Alexandria,2026-06-28
722,Ebony,Evans,Male,45,01587172480,ebony.evans666@outlook.com,Alexandria,2023-10-05
723,Mckenzie,Hines,Female,21,01017501709,mckenzie.hines783@outlook.com,Giza,2023-12-19
724,Daniel,Graham,Female,49,01552914421,daniel.graham977@yahoo.com,Mansoura,2025-12-23
725,Tyler,Mcdonald,Female,54,01024117634,tyler.mcdonald63@gmail.com,Cairo,2025-08-12
726,Brandon,Solis,Female,51,01222434030,brandon.solis193@hotmail.com,Cairo,2025-12-10
727,Erin,Wilson,Male,37,01258742300,erin.wilson13@outlook.com,Cairo,2024-05-02
728,Theresa,Parrish,Female,60,01186256449,theresa.parrish944@yahoo.com,Giza,2025-12-21
729,Crystal,Proctor,Male,47,01225162122,crystal.proctor681@hotmail.com,Giza,2023-10-30
730,Andrew,Duke,Female,19,01536603106,andrew.duke94@yahoo.com,Tanta,2023-08-24
731,Deborah,Nguyen,Female,23,01168846207,deborah.nguyen167@yahoo.com,Giza,2024-01-14
732,Tammy,Li,Male,56,01588591931,tammy.li823@hotmail.com,Assiut,2025-11-19
733,Justin,Butler,Male,41,01151898054,justin.butler801@hotmail.com,Ismailia,2023-10-20
734,James,Torres,Male,48,01238073147,james.torres608@outlook.com,Tanta,2024-10-03
735,Mitchell,Martin,Male,52,01157346288,mitchell.martin825@hotmail.com,Cairo,2023-08-29
736,Brent,Osborne,Male,37,01570800415,brent.osborne650@hotmail.com,Cairo,2025-10-18
737,Rhonda,Roberts,Male,41,01587924361,rhonda.roberts293@yahoo.com,Cairo,2024-03-26
738,Andrew,Mueller,Male,38,01251097371,andrew.mueller475@gmail.com,Alexandria,2024-06-09
739,Aaron,Roberts,Female,24,01552076201,aaron.roberts859@outlook.com,Zagazig,2023-11-21
740,Stephanie,Stephens,Female,23,01047517826,stephanie.stephens348@gmail.com,Cairo,2026-07-06
741,Diana,Kennedy,Male,55,01265223043,diana.kennedy45@yahoo.com,Cairo,2026-01-08
742,Donna,Porter,Male,20,01125342655,donna.porter851@gmail.com,Alexandria,2024-05-20
743,Melissa,Payne,Male,26,01031529906,melissa.payne421@hotmail.com,Mansoura,2023-07-25
744,James,Bush,Female,39,01165538345,james.bush662@gmail.com,Cairo,2023-09-24
745,Mariah,Kim,Female,39,01258927961,mariah.kim72@outlook.com,Giza,2024-04-29
746,Ronald,Stark,Male,33,01128777092,ronald.stark817@outlook.com,Cairo,2024-12-13
747,Brian,Ward,Female,49,01293872787,brian.ward809@outlook.com,Alexandria,2025-06-18
748,Samantha,Cook,Female,18,01036377994,samantha.cook773@gmail.com,Cairo,2026-07-10
749,Austin,Jefferson,Male,54,01111960919,austin.jefferson811@hotmail.com,Cairo,2024-04-26
750,Jessica,Reyes,Female,18,01056966749,jessica.reyes967@hotmail.com,Ismailia,2026-01-18
751,Emily,Nichols,Female,51,01096847512,emily.nichols647@yahoo.com,Minya,2023-09-30
752,Anna,Maynard,Male,56,01266365827,anna.maynard791@gmail.com,Cairo,2025-02-28
753,Matthew,Perry,Female,36,01173373472,matthew.perry296@outlook.com,Tanta,2025-08-25
754,Sean,Santos,Male,46,01247723866,sean.santos699@gmail.com,Cairo,2024-05-27
755,Zachary,Lee,Male,38,01543946527,zachary.lee143@gmail.com,Alexandria,2025-08-14
756,Christian,Rodriguez,Female,20,01204960152,christian.rodriguez419@hotmail.com,Giza,2026-03-23
757,Amanda,Sullivan,Male,58,01143779125,amanda.sullivan224@gmail.com,Cairo,2026-02-15
758,Darren,Howell,Female,57,01570624240,darren.howell662@yahoo.com,Cairo,2025-05-05
759,John,Cole,Female,54,01171471067,john.cole213@yahoo.com,Cairo,2024-10-16
760,Jenna,Ramirez,Female,19,01550940853,jenna.ramirez816@gmail.com,Tanta,2024-04-05
761,Christina,Serrano,Female,59,01564590116,christina.serrano150@gmail.com,Cairo,2024-12-26
762,Jennifer,Myers,Female,58,01275996946,jennifer.myers29@hotmail.com,Cairo,2025-01-04
763,Sydney,Cannon,Female,42,01089353728,sydney.cannon281@gmail.com,Zagazig,2025-01-10
764,Nicholas,Moreno,Male,21,01007502118,nicholas.moreno394@outlook.com,Giza,2024-09-17
765,Rodney,Lamb,Male,26,01264504020,rodney.lamb489@outlook.com,Giza,2024-06-26
766,Lisa,Little,Female,57,01068129740,lisa.little834@gmail.com,Cairo,2023-11-08
767,Jerry,Barrera,Male,42,01097197907,jerry.barrera576@yahoo.com,Alexandria,2024-12-26
768,Rachel,Phillips,Female,47,01259295904,rachel.phillips854@outlook.com,Assiut,2024-08-15
769,Philip,Harris,Female,43,01141342047,philip.harris505@yahoo.com,Cairo,2024-03-10
770,Elizabeth,Rangel,Female,47,01525085957,elizabeth.rangel868@gmail.com,Mansoura,2025-12-23
771,Paul,Koch,Male,20,01080774803,paul.koch521@yahoo.com,Assiut,2026-06-14
772,Paul,Williams,Female,24,01023955938,paul.williams399@outlook.com,Giza,2025-10-15
773,Vickie,Ball,Female,47,01107559106,vickie.ball905@outlook.com,Alexandria,2023-12-02
774,Carla,Schwartz,Male,34,01145990140,carla.schwartz805@gmail.com,Cairo,2023-09-16
775,Kevin,Caldwell,Male,32,01581898844,kevin.caldwell539@yahoo.com,Giza,2023-09-11
776,Brian,Madden,Female,39,01006708646,brian.madden969@hotmail.com,Giza,2024-08-31
777,Joseph,Brennan,Male,60,01533265944,joseph.brennan205@gmail.com,Giza,2023-12-30
778,Heather,Murphy,Male,38,01579268516,heather.murphy383@yahoo.com,Tanta,2024-05-13
779,Carrie,Torres,Female,51,01582149891,carrie.torres741@outlook.com,Zagazig,2023-10-27
780,Anthony,Gallegos,Female,23,01160438397,anthony.gallegos402@outlook.com,Alexandria,2024-06-29
781,Mary,Riddle,Female,59,01247215259,mary.riddle350@outlook.com,Zagazig,2024-01-17
782,Alicia,Tran,Male,57,01134687067,alicia.tran428@hotmail.com,Mansoura,2023-10-14
783,Bianca,Henry,Female,38,01196953670,bianca.henry892@hotmail.com,Zagazig,2025-02-24
784,Christopher,Joseph,Female,27,01248519196,christopher.joseph295@yahoo.com,Zagazig,2025-01-24
785,Jacqueline,Hoover,Female,47,01215896103,jacqueline.hoover216@hotmail.com,Cairo,2025-07-08
786,Michael,Weaver,Female,30,01112738304,michael.weaver16@gmail.com,Giza,2024-04-07
787,Jeffrey,Welch,Male,19,01242113329,jeffrey.welch522@hotmail.com,Zagazig,2023-12-06
788,Darrell,Moore,Female,33,01034891997,darrell.moore228@outlook.com,Cairo,2023-11-20
789,Michael,Hansen,Female,55,01100635504,michael.hansen365@outlook.com,Giza,2026-03-27
790,Jill,Pacheco,Female,44,01557663693,jill.pacheco253@outlook.com,Zagazig,2025-01-18
791,Anna,Edwards,Female,40,01066722951,anna.edwards924@hotmail.com,Zagazig,2026-05-29
792,Jocelyn,Page,Male,37,01124789025,jocelyn.page540@hotmail.com,Cairo,2024-11-07
793,Brandon,Robinson,Female,29,01011430077,brandon.robinson951@yahoo.com,Cairo,2025-04-18
794,Diane,Rose,Female,58,01539767278,diane.rose527@yahoo.com,Giza,2024-03-16
795,Thomas,King,Male,37,01588134634,thomas.king124@hotmail.com,Cairo,2025-11-16
796,Dylan,Smith,Male,26,01166077810,dylan.smith158@outlook.com,Tanta,2026-06-30
797,David,Giles,Male,21,01034100599,david.giles13@hotmail.com,Mansoura,2025-07-20
798,Anthony,Colon,Male,20,01225669593,anthony.colon851@outlook.com,Sohag,2026-03-13
799,Cassandra,Stone,Female,32,01021130830,cassandra.stone154@hotmail.com,Alexandria,2025-09-23
800,Michael,Perez,Male,37,01060772270,michael.perez909@gmail.com,Mansoura,2023-12-31
801,Yvonne,Solis,Female,24,01599259588,yvonne.solis524@gmail.com,Giza,2025-11-08
802,Emily,Wilson,Female,41,01083906988,emily.wilson538@hotmail.com,Cairo,2026-03-14
803,David,Velazquez,Male,60,01131292176,david.velazquez787@outlook.com,Cairo,2025-11-29
804,Shane,Lopez,Female,25,01007377873,shane.lopez333@hotmail.com,Alexandria,2025-02-24
805,David,Smith,Female,34,01085607873,david.smith474@hotmail.com,Alexandria,2024-08-02
806,Margaret,Bailey,Male,22,01033993782,margaret.bailey953@hotmail.com,Mansoura,2026-03-23
807,Geoffrey,Gibson,Male,26,01064438771,geoffrey.gibson876@gmail.com,Zagazig,2026-07-03
808,Chloe,Vega,Male,59,01022186104,chloe.vega555@gmail.com,Ismailia,2025-05-29
809,Jaime,Brown,Female,38,01220538634,jaime.brown92@gmail.com,Alexandria,2025-04-25
810,Emily,Chandler,Female,57,01596831756,emily.chandler51@gmail.com,Cairo,2024-06-09
811,Clayton,Sanchez,Male,37,01505348572,clayton.sanchez971@outlook.com,Giza,2023-11-29
812,Brittany,Steele,Female,30,01048116198,brittany.steele568@outlook.com,Cairo,2024-10-07
813,Matthew,Koch,Male,53,01577320636,matthew.koch718@yahoo.com,Cairo,2023-08-19
814,Kimberly,Evans,Female,22,01265486329,kimberly.evans854@outlook.com,Giza,2026-05-28
815,Maria,Wilson,Female,18,01564176346,maria.wilson242@outlook.com,Cairo,2024-08-29
816,Rebecca,Glenn,Male,35,01014236768,rebecca.glenn320@yahoo.com,Tanta,2025-05-29
817,Tina,Bates,Female,34,01184812284,tina.bates271@gmail.com,Giza,2025-05-15
818,Steven,Lynn,Female,46,01083886844,steven.lynn288@gmail.com,Cairo,2024-03-26
819,Brooke,Mcknight,Male,46,01180452013,brooke.mcknight466@gmail.com,Cairo,2025-12-04
820,Angela,Jackson,Female,43,01251077992,angela.jackson626@outlook.com,Cairo,2024-04-28
821,Brenda,Bailey,Male,39,01182309490,brenda.bailey565@yahoo.com,Giza,2025-01-01
822,Justin,Simon,Male,26,01136196659,justin.simon44@outlook.com,Giza,2025-05-26
823,Mary,Myers,Male,29,01537630510,mary.myers249@yahoo.com,Cairo,2025-02-24
824,Alexis,Martinez,Female,49,01251535121,alexis.martinez920@yahoo.com,Zagazig,2024-06-22
825,Valerie,Henderson,Female,18,01258310618,valerie.henderson724@outlook.com,Cairo,2025-06-21
826,Sherri,Bean,Female,58,01593459879,sherri.bean44@hotmail.com,Giza,2023-11-06
827,Ebony,Powell,Female,53,01561588818,ebony.powell461@outlook.com,Cairo,2023-09-25
828,Richard,Richardson,Female,23,01582087990,richard.richardson420@hotmail.com,Giza,2024-06-18
829,Scott,Elliott,Male,23,01271754924,scott.elliott607@hotmail.com,Cairo,2023-08-03
830,Todd,Pacheco,Female,25,01050012669,todd.pacheco456@yahoo.com,Alexandria,2024-08-22
831,Timothy,Zimmerman,Male,35,01006950750,timothy.zimmerman389@yahoo.com,Alexandria,2026-04-26
832,Tracy,Sullivan,Male,44,01038122010,tracy.sullivan993@outlook.com,Giza,2024-10-10
833,Benjamin,Hernandez,Female,58,01073243535,benjamin.hernandez352@outlook.com,Cairo,2025-01-19
834,Luis,Santiago,Female,48,01242106361,luis.santiago922@hotmail.com,Ismailia,2025-01-27
835,Kimberly,Gardner,Male,57,01210940710,kimberly.gardner933@yahoo.com,Mansoura,2024-03-08
836,Tracy,Thomas,Female,43,01076871507,tracy.thomas14@yahoo.com,Cairo,2026-02-01
837,Gary,Bush,Male,18,01188295377,gary.bush691@yahoo.com,Tanta,2024-12-25
838,Dawn,Mcmahon,Female,24,01562263736,dawn.mcmahon484@outlook.com,Giza,2024-03-29
839,Kenneth,Stanley,Female,49,01277254581,kenneth.stanley449@gmail.com,Giza,2023-10-12
840,Michael,Garcia,Male,41,01204354339,michael.garcia515@outlook.com,Cairo,2024-06-09
841,Dan,Williams,Female,31,01181504397,dan.williams492@gmail.com,Ismailia,2024-01-04
842,Laura,Coleman,Male,27,01130754040,laura.coleman633@gmail.com,Mansoura,2023-08-09
843,Michael,Soto,Female,27,01220102251,michael.soto53@hotmail.com,Ismailia,2024-12-13
844,Laura,Maynard,Male,49,01283585606,laura.maynard749@hotmail.com,Assiut,2025-11-12
845,Molly,Miller,Male,50,01098164022,molly.miller392@yahoo.com,Giza,2026-04-30
846,Marc,Brown,Female,60,01081659905,marc.brown91@outlook.com,Zagazig,2025-04-19
847,Dylan,Gutierrez,Female,45,01126049731,dylan.gutierrez619@yahoo.com,Alexandria,2026-04-14
848,Karen,Mcguire,Male,42,01165663132,karen.mcguire97@hotmail.com,Mansoura,2025-12-06
849,Meghan,Williams,Male,25,01531895557,meghan.williams170@outlook.com,Giza,2025-05-23
850,Robert,Thomas,Female,35,01572595623,robert.thomas907@gmail.com,Giza,2025-05-12
851,Rachael,Brooks,Male,44,01019763606,rachael.brooks632@outlook.com,Cairo,2023-09-21
852,Lisa,Davis,Female,56,01246245194,lisa.davis608@hotmail.com,Giza,2023-09-28
853,Anthony,Hammond,Male,34,01213151243,anthony.hammond887@hotmail.com,Giza,2023-10-30
854,John,Green,Female,42,01234053656,john.green944@gmail.com,Alexandria,2025-09-29
855,Stacy,Price,Female,44,01531377172,stacy.price3@hotmail.com,Giza,2025-03-25
856,Alexander,Hernandez,Male,34,01511772353,alexander.hernandez295@gmail.com,Tanta,2024-06-22
857,Amanda,Johns,Female,30,01095864131,amanda.johns978@gmail.com,Zagazig,2024-08-21
858,Pamela,Rowe,Female,48,01059727039,pamela.rowe785@hotmail.com,Zagazig,2024-01-20
859,Jessica,Jackson,Male,52,01518196393,jessica.jackson910@yahoo.com,Cairo,2025-05-31
860,Deborah,Robinson,Female,53,01596345657,deborah.robinson727@outlook.com,Ismailia,2025-08-12
861,Paul,Kelly,Male,50,01148934935,paul.kelly622@outlook.com,Giza,2026-03-02
862,Katelyn,Carter,Male,43,01550411325,katelyn.carter340@hotmail.com,Alexandria,2025-08-04
863,Keith,Fleming,Male,26,01559288433,keith.fleming162@yahoo.com,Giza,2025-04-15
864,Calvin,Jones,Male,39,01040112144,calvin.jones516@outlook.com,Tanta,2025-08-15
865,Phillip,Russell,Female,28,01554871170,phillip.russell470@outlook.com,Cairo,2024-08-21
866,Sarah,Jensen,Female,57,01544564485,sarah.jensen33@gmail.com,Cairo,2024-08-30
867,Patrick,Brown,Female,32,01023527677,patrick.brown160@outlook.com,Cairo,2023-09-03
868,Melissa,Duran,Male,30,01034499828,melissa.duran388@outlook.com,Mansoura,2025-05-20
869,Mary,Baker,Female,27,01505995489,mary.baker12@outlook.com,Alexandria,2024-10-18
870,Michael,Clarke,Male,33,01577584810,michael.clarke522@outlook.com,Alexandria,2023-12-10
871,Margaret,Collins,Male,38,01143723063,margaret.collins61@gmail.com,Cairo,2025-01-01
872,Ryan,Jackson,Male,27,01248109401,ryan.jackson616@gmail.com,Tanta,2024-07-30
873,Kara,Nash,Female,42,01129648800,kara.nash134@hotmail.com,Alexandria,2025-02-19
874,Richard,Miller,Female,55,01544142522,richard.miller784@yahoo.com,Cairo,2023-07-31
875,Jennifer,Scott,Female,26,01054853870,jennifer.scott586@yahoo.com,Cairo,2024-07-05
876,Brian,Simmons,Female,19,01263908162,brian.simmons976@yahoo.com,Cairo,2026-01-06
877,Brian,Myers,Female,38,01117534840,brian.myers237@gmail.com,Alexandria,2026-02-25
878,Ashley,Willis,Female,43,01189971759,ashley.willis537@hotmail.com,Cairo,2024-04-27
879,Vincent,Little,Female,32,01216615585,vincent.little978@yahoo.com,Cairo,2024-10-10
880,Glenda,Wilson,Female,49,01090447332,glenda.wilson163@outlook.com,Alexandria,2026-03-04
881,Ryan,Jackson,Female,26,01189270694,ryan.jackson452@hotmail.com,Ismailia,2026-03-13
882,Karina,Erickson,Female,30,01558500785,karina.erickson604@hotmail.com,Giza,2026-06-19
883,Alex,Wolf,Male,27,01137075062,alex.wolf298@gmail.com,Assiut,2025-06-24
884,Cynthia,Perez,Female,42,01034162538,cynthia.perez496@gmail.com,Cairo,2024-11-26
885,Roger,Long,Female,24,01149737499,roger.long100@gmail.com,Mansoura,2025-12-01
886,Andrea,Johnson,Male,55,01064737084,andrea.johnson522@outlook.com,Cairo,2025-01-22
887,Dylan,Lawrence,Female,33,01035732965,dylan.lawrence688@gmail.com,Cairo,2024-06-19
888,Roy,Mckinney,Female,40,01211787101,roy.mckinney794@yahoo.com,Cairo,2025-04-08
889,James,Martinez,Female,55,01089549856,james.martinez369@gmail.com,Cairo,2026-06-16
890,Rebecca,Vega,Female,34,01293304604,rebecca.vega63@gmail.com,Ismailia,2026-07-09
891,Ruben,Carson,Male,30,01062998136,ruben.carson942@outlook.com,Mansoura,2024-01-29
892,Jeffrey,Ford,Male,56,01041572177,jeffrey.ford454@gmail.com,Assiut,2024-03-28
893,Mark,Jackson,Female,41,01107439692,mark.jackson597@yahoo.com,Giza,2026-04-20
894,Jennifer,Diaz,Female,47,01150558842,jennifer.diaz574@outlook.com,Minya,2024-03-04
895,Lance,Chang,Female,30,01539377674,lance.chang371@hotmail.com,Cairo,2026-04-05
896,Robert,Lucas,Male,44,01065527636,robert.lucas208@yahoo.com,Zagazig,2025-02-16
897,Michael,Palmer,Male,25,01294456395,michael.palmer980@hotmail.com,Minya,2023-08-24
898,Wanda,Quinn,Male,20,01546791252,wanda.quinn157@yahoo.com,Alexandria,2024-08-03
899,Alex,Poole,Male,40,01036103655,alex.poole372@gmail.com,Sohag,2024-06-13
900,Kendra,Whitaker,Female,60,01038009978,kendra.whitaker627@yahoo.com,Tanta,2023-07-28
901,Michael,Brock,Male,49,01151138574,michael.brock406@yahoo.com,Cairo,2025-08-17
902,Michael,Miller,Male,26,01207907159,michael.miller278@yahoo.com,Alexandria,2024-06-27
903,Sarah,Wilson,Male,24,01020180374,sarah.wilson532@yahoo.com,Tanta,2023-08-24
904,Eric,Baker,Male,36,01110661431,eric.baker394@hotmail.com,Giza,2025-02-25
905,Timothy,Maxwell,Female,35,01204087337,timothy.maxwell751@gmail.com,Zagazig,2024-03-31
906,Stephen,Christian,Male,30,01121551504,stephen.christian501@gmail.com,Mansoura,2026-01-17
907,Joshua,Woods,Female,40,01232259060,joshua.woods144@yahoo.com,Mansoura,2024-09-12
908,Yvette,Patterson,Male,19,01127157924,yvette.patterson111@outlook.com,Alexandria,2024-03-05
909,Nathan,Steele,Male,21,01054249165,nathan.steele387@yahoo.com,Cairo,2026-04-29
910,Michael,Jimenez,Male,30,01519843205,michael.jimenez903@yahoo.com,Alexandria,2025-01-28
911,Julie,Benitez,Female,30,01546599816,julie.benitez249@yahoo.com,Mansoura,2026-02-02
912,Brandon,Spencer,Male,20,01514425694,brandon.spencer891@yahoo.com,Giza,2024-01-27
913,Alyssa,Collins,Male,28,01525701302,alyssa.collins910@outlook.com,Ismailia,2026-06-14
914,Jessica,Spears,Female,53,01227283909,jessica.spears106@yahoo.com,Cairo,2023-08-28
915,Danielle,Mcbride,Female,53,01237891801,danielle.mcbride580@hotmail.com,Cairo,2025-02-07
916,Christopher,Miller,Female,25,01160467926,christopher.miller436@outlook.com,Tanta,2026-06-25
917,Andrew,Cook,Male,49,01276871936,andrew.cook781@yahoo.com,Giza,2026-04-29
918,Laura,White,Male,29,01070216292,laura.white357@hotmail.com,Zagazig,2025-05-12
919,Jonathan,Baker,Male,50,01125107878,jonathan.baker348@gmail.com,Giza,2024-03-04
920,Erin,Williams,Male,57,01100173949,erin.williams813@outlook.com,Cairo,2026-05-13
921,Wyatt,Miller,Female,43,01548762060,wyatt.miller716@yahoo.com,Cairo,2025-02-21
922,Alicia,Mejia,Female,22,01182075732,alicia.mejia171@gmail.com,Tanta,2024-03-07
923,Lauren,Howard,Male,32,01291969075,lauren.howard857@outlook.com,Assiut,2023-07-31
924,Timothy,Levine,Male,18,01279345744,timothy.levine398@yahoo.com,Cairo,2025-08-16
925,Sarah,Rogers,Female,26,01536626478,sarah.rogers583@outlook.com,Cairo,2026-02-22
926,Sydney,Sanders,Male,57,01550133215,sydney.sanders814@yahoo.com,Alexandria,2023-12-18
927,Tabitha,Hobbs,Female,30,01201987218,tabitha.hobbs155@outlook.com,Sohag,2024-03-26
928,Adrian,Contreras,Male,20,01122274561,adrian.contreras314@outlook.com,Tanta,2024-10-24
929,Justin,Meyer,Male,60,01103692856,justin.meyer897@outlook.com,Alexandria,2025-04-25
930,Daniel,Dorsey,Female,26,01255325544,daniel.dorsey297@hotmail.com,Giza,2026-07-10
931,Brian,Walker,Male,43,01250410569,brian.walker333@hotmail.com,Giza,2025-08-05
932,Mark,Potter,Male,57,01205868087,mark.potter930@yahoo.com,Cairo,2023-08-27
933,John,Wilson,Male,29,01153088761,john.wilson646@yahoo.com,Cairo,2026-04-03
934,Wyatt,Armstrong,Male,49,01589326543,wyatt.armstrong618@yahoo.com,Cairo,2024-04-01
935,Melissa,Gillespie,Female,55,01026115945,melissa.gillespie277@yahoo.com,Cairo,2025-01-22
936,Tara,Taylor,Male,34,01214842219,tara.taylor215@outlook.com,Cairo,2024-06-10
937,Ryan,Montoya,Male,46,01177882089,ryan.montoya818@outlook.com,Giza,2026-07-09
938,Ashley,Rogers,Female,38,01108648400,ashley.rogers769@gmail.com,Alexandria,2023-10-21
939,Karen,Mills,Female,51,01155146207,karen.mills30@hotmail.com,Giza,2023-11-10
940,Randall,Russo,Female,55,01205066122,randall.russo91@hotmail.com,Giza,2026-06-11
941,Scott,Jordan,Female,24,01196322825,scott.jordan532@hotmail.com,Cairo,2024-09-29
942,Vicki,Hardy,Female,19,01564528291,vicki.hardy922@yahoo.com,Giza,2023-10-23
943,Michael,Glass,Male,33,01282522854,michael.glass952@hotmail.com,Cairo,2024-09-04
944,Kayla,Young,Male,47,01218829136,kayla.young446@gmail.com,Alexandria,2024-12-14
945,James,Johnson,Male,24,01224278620,james.johnson381@yahoo.com,Cairo,2024-06-24
946,Kara,Allen,Male,38,01030127113,kara.allen75@gmail.com,Zagazig,2023-12-13
947,Bryan,Andersen,Female,33,01085689004,bryan.andersen27@hotmail.com,Giza,2024-10-16
948,Stephanie,Flynn,Male,30,01107407946,stephanie.flynn225@hotmail.com,Cairo,2025-05-15
949,Kayla,Harmon,Female,47,01190657734,kayla.harmon777@hotmail.com,Cairo,2025-07-01
950,Samuel,Fox,Male,23,01238044494,samuel.fox55@outlook.com,Giza,2026-03-06
951,Justin,White,Male,56,01120082961,justin.white209@hotmail.com,Giza,2024-11-06
952,Kyle,Bell,Female,31,01202967231,kyle.bell859@gmail.com,Ismailia,2024-07-18
953,Hayley,Chapman,Male,43,01218457088,hayley.chapman175@gmail.com,Cairo,2025-11-22
954,Anne,Chan,Male,28,01550015344,anne.chan868@yahoo.com,Cairo,2025-08-13
955,Matthew,Mcguire,Male,54,01259997536,matthew.mcguire233@hotmail.com,Zagazig,2023-12-21
956,Gregory,Johnson,Male,38,01298558588,gregory.johnson286@outlook.com,Ismailia,2024-12-16
957,Rachel,Cooper,Male,58,01580315122,rachel.cooper398@hotmail.com,Giza,2025-01-03
958,Amanda,Lee,Female,42,01152048851,amanda.lee163@outlook.com,Giza,2024-08-18
959,Nicole,Barron,Male,34,01579919859,nicole.barron108@yahoo.com,Sohag,2025-01-29
960,Howard,Welch,Male,48,01258498402,howard.welch271@gmail.com,Giza,2024-01-18
961,Colleen,Carlson,Female,44,01145608327,colleen.carlson152@hotmail.com,Alexandria,2023-10-12
962,Robin,Carson,Male,39,01288343409,robin.carson885@outlook.com,Giza,2025-03-22
963,Allison,Peterson,Female,23,01177694367,allison.peterson317@hotmail.com,Cairo,2025-11-21
964,Cody,Shaw,Male,53,01069382483,cody.shaw923@gmail.com,Cairo,2026-03-03
965,Kara,Walker,Male,28,01217274058,kara.walker869@gmail.com,Minya,2025-12-19
966,William,Winters,Female,34,01035025643,william.winters676@yahoo.com,Assiut,2026-02-28
967,Benjamin,Guzman,Male,37,01021614334,benjamin.guzman874@gmail.com,Zagazig,2024-01-06
968,Terri,Murphy,Male,54,01146312612,terri.murphy34@outlook.com,Cairo,2025-06-25
969,Michael,Peters,Female,60,01111510973,michael.peters202@outlook.com,Minya,2024-07-02
970,Joshua,Shelton,Female,49,01561936327,joshua.shelton194@gmail.com,Giza,2025-02-17
971,Ashley,Johnson,Male,60,01504190106,ashley.johnson311@yahoo.com,Alexandria,2026-02-17
972,Matthew,Lopez,Male,32,01291455457,matthew.lopez360@gmail.com,Alexandria,2025-11-03
973,Whitney,Watson,Male,20,01049170645,whitney.watson808@gmail.com,Giza,2024-05-22
974,Joseph,Gross,Female,30,01296768868,joseph.gross748@hotmail.com,Giza,2024-12-09
975,Anthony,Hebert,Male,29,01040344257,anthony.hebert225@yahoo.com,Giza,2024-11-26
976,Tracey,Pennington,Male,60,01123145482,tracey.pennington19@yahoo.com,Assiut,2023-09-21
977,James,Hernandez,Female,18,01025806905,james.hernandez674@hotmail.com,Cairo,2025-12-25
978,Clayton,Thornton,Female,49,01123225166,clayton.thornton262@hotmail.com,Cairo,2023-07-18
979,Raymond,Zuniga,Male,50,01265740005,raymond.zuniga985@yahoo.com,Giza,2024-08-11
980,Anthony,Campbell,Female,54,01518155653,anthony.campbell349@yahoo.com,Mansoura,2024-06-28
981,Nathan,Kline,Male,59,01178233023,nathan.kline702@outlook.com,Giza,2026-06-08
982,Ronald,Reed,Female,49,01006280267,ronald.reed25@outlook.com,Assiut,2025-01-17
983,Patrick,Walker,Male,30,01245737567,patrick.walker687@outlook.com,Cairo,2025-08-06
984,Jaclyn,Hudson,Male,59,01040615659,jaclyn.hudson206@gmail.com,Mansoura,2026-01-28
985,Stuart,Norris,Female,54,01069424719,stuart.norris715@outlook.com,Sohag,2024-04-19
986,Daniel,Young,Male,48,01236510573,daniel.young858@hotmail.com,Mansoura,2025-11-29
987,Diana,Figueroa,Male,55,01071519531,diana.figueroa792@yahoo.com,Cairo,2026-04-12
988,Jasmine,Thomas,Male,43,01132318971,jasmine.thomas293@yahoo.com,Alexandria,2025-04-17
989,Amber,Moore,Male,55,01078639103,amber.moore492@hotmail.com,Cairo,2025-08-28
990,Amanda,Evans,Male,31,01270764625,amanda.evans585@hotmail.com,Cairo,2024-11-13
991,David,Moon,Female,46,01016371451,david.moon516@yahoo.com,Cairo,2025-11-28
992,Ronald,Gonzalez,Female,40,01516851558,ronald.gonzalez441@outlook.com,Cairo,2025-12-06
993,Elizabeth,Roman,Male,57,01592231179,elizabeth.roman834@gmail.com,Cairo,2023-10-10
994,Sean,Marshall,Male,27,01204619858,sean.marshall291@hotmail.com,Tanta,2025-04-03
995,Sean,Hooper,Male,57,01216754177,sean.hooper103@hotmail.com,Cairo,2025-07-22
996,Savannah,Friedman,Female,56,01528927166,savannah.friedman635@gmail.com,Mansoura,2024-03-10
997,Andrew,Bell,Female,59,01160172236,andrew.bell360@outlook.com,Zagazig,2023-10-01
998,Belinda,Juarez,Male,52,01053427031,belinda.juarez119@outlook.com,Zagazig,2025-04-07
999,Scott,Forbes,Female,23,01050436138,scott.forbes346@yahoo.com,Giza,2024-12-04
1000,Grant,Shaffer,Male,27,01226053662,grant.shaffer328@outlook.com,Cairo,2024-11-22
1001,Diane,Calhoun,Male,46,01217827762,diane.calhoun176@yahoo.com,Cairo,2024-12-31
1002,Kevin,Mayo,Female,45,01168491794,kevin.mayo652@hotmail.com,Alexandria,2023-10-19
1003,Melissa,Price,Male,53,01264645382,melissa.price732@yahoo.com,Giza,2023-10-08
1004,Robert,Moore,Male,33,01238639145,robert.moore309@outlook.com,Mansoura,2024-08-15
1005,Mackenzie,Scott,Male,26,01269152108,mackenzie.scott388@gmail.com,Alexandria,2026-02-02
1006,Kevin,Edwards,Male,31,01201880690,kevin.edwards609@hotmail.com,Giza,2024-02-06
1007,Megan,Bell,Male,53,01135049580,megan.bell473@yahoo.com,Cairo,2023-09-17
1008,Todd,Wilson,Female,49,01181189290,todd.wilson65@gmail.com,Ismailia,2026-04-25
1009,Jessica,Turner,Female,39,01015975485,jessica.turner501@outlook.com,Cairo,2023-08-10
1010,Jason,Lewis,Female,50,01255881480,jason.lewis105@gmail.com,Alexandria,2026-06-04
1011,Tiffany,Rodriguez,Female,58,01231181310,tiffany.rodriguez227@yahoo.com,Cairo,2026-03-24
1012,Barbara,Alvarez,Male,22,01552346882,barbara.alvarez212@outlook.com,Alexandria,2025-08-22
1013,Diana,Klein,Female,54,01181727468,diana.klein116@outlook.com,Cairo,2025-05-23
1014,Rachel,Wells,Female,47,01007368785,rachel.wells190@outlook.com,Alexandria,2025-09-13
1015,Joseph,Miller,Female,21,01061961687,joseph.miller957@yahoo.com,Cairo,2023-11-02
1016,Tracey,Walsh,Male,37,01020687816,tracey.walsh426@gmail.com,Cairo,2025-08-30
1017,Gregory,Carlson,Female,28,01010560945,gregory.carlson850@yahoo.com,Zagazig,2025-02-27
1018,Joshua,Tran,Male,57,01071916008,joshua.tran718@gmail.com,Zagazig,2024-02-04
1019,Sarah,Gray,Male,28,01210608672,sarah.gray168@yahoo.com,Giza,2024-09-10
1020,Elizabeth,Howell,Male,45,01527874758,elizabeth.howell126@yahoo.com,Giza,2024-03-05
1021,Elizabeth,Wallace,Male,39,01284413358,elizabeth.wallace99@yahoo.com,Alexandria,2025-11-20
1022,Monique,Johnson,Male,27,01520018087,monique.johnson774@gmail.com,Sohag,2025-12-07
1023,Dawn,Wilson,Female,36,01020736493,dawn.wilson541@yahoo.com,Minya,2026-07-08
1024,Brent,Stout,Male,59,01057445906,brent.stout741@yahoo.com,Mansoura,2023-09-01
1025,Taylor,Casey,Female,37,01571584529,taylor.casey500@yahoo.com,Cairo,2024-04-02
1026,Jeffrey,Miller,Male,49,01155048331,jeffrey.miller357@yahoo.com,Tanta,2025-08-24
1027,Melanie,Rivera,Male,34,01208501866,melanie.rivera431@gmail.com,Mansoura,2024-12-25
1028,Zachary,Gonzalez,Female,19,01036414760,zachary.gonzalez44@hotmail.com,Mansoura,2024-06-08
1029,Amy,Jones,Female,38,01006581284,amy.jones740@outlook.com,Cairo,2025-06-27
1030,David,Gibson,Female,53,01161090979,david.gibson931@yahoo.com,Alexandria,2024-08-17
1031,Jenna,Mcintosh,Female,34,01059370315,jenna.mcintosh519@hotmail.com,Giza,2025-04-27
1032,Kaitlyn,Salas,Male,56,01255354396,kaitlyn.salas379@hotmail.com,Alexandria,2024-11-26
1033,Suzanne,Lopez,Male,33,01248990912,suzanne.lopez283@outlook.com,Alexandria,2023-10-18
1034,Jay,Cooper,Male,49,01184403561,jay.cooper302@gmail.com,Alexandria,2024-07-10
1035,John,Riddle,Male,31,01099934709,john.riddle131@yahoo.com,Giza,2025-06-13
1036,Kyle,Bailey,Male,27,01535331535,kyle.bailey750@outlook.com,Sohag,2025-05-22
1037,Lisa,Graves,Female,52,01092132860,lisa.graves53@yahoo.com,Alexandria,2026-01-23
1038,Julie,Mercado,Female,30,01558356078,julie.mercado569@hotmail.com,Giza,2025-08-24
1039,Jason,Sanders,Male,31,01246453899,jason.sanders34@hotmail.com,Assiut,2023-10-25
1040,Dustin,Hardin,Male,47,01285719488,dustin.hardin502@yahoo.com,Cairo,2023-09-08
1041,Kimberly,Lane,Female,41,01149786289,kimberly.lane652@gmail.com,Alexandria,2024-04-05
1042,Dominique,Spencer,Male,41,01242320458,dominique.spencer967@outlook.com,Tanta,2024-08-16
1043,Claudia,Mora,Female,54,01515010568,claudia.mora864@yahoo.com,Alexandria,2025-02-26
1044,Anna,Moon,Female,26,01506821382,anna.moon724@hotmail.com,Mansoura,2025-09-14
1045,Kelsey,Thomas,Male,49,01103663994,kelsey.thomas41@gmail.com,Cairo,2024-07-07
1046,Sandy,Lopez,Female,38,01522522744,sandy.lopez864@hotmail.com,Giza,2024-08-29
1047,Emily,Gray,Male,56,01102905067,emily.gray899@gmail.com,Cairo,2025-04-15
1048,Deborah,Thompson,Male,40,01244868631,deborah.thompson255@outlook.com,Cairo,2024-08-16
1049,Kimberly,Johnson,Female,25,01280950543,kimberly.johnson716@hotmail.com,Alexandria,2026-06-06
1050,Elizabeth,Garner,Female,22,01525987698,elizabeth.garner395@hotmail.com,Giza,2026-04-07
1051,Heather,Smith,Male,33,01170113527,heather.smith723@hotmail.com,Sohag,2026-01-20
1052,Anna,Barber,Male,51,01506754672,anna.barber745@outlook.com,Alexandria,2025-09-10
1053,Susan,Gomez,Female,24,01129893122,susan.gomez983@gmail.com,Alexandria,2025-03-11
1054,Edward,Benson,Male,31,01247050938,edward.benson762@gmail.com,Giza,2024-05-14
1055,Hannah,Miller,Male,24,01167997478,hannah.miller877@outlook.com,Alexandria,2025-02-24
1056,Sherry,Shaw,Male,57,01134033715,sherry.shaw879@hotmail.com,Alexandria,2024-10-10
1057,Gabrielle,Carter,Male,35,01128473020,gabrielle.carter71@hotmail.com,Cairo,2025-10-17
1058,Melanie,Williams,Female,39,01218525176,melanie.williams740@yahoo.com,Cairo,2026-05-25
1059,Jeffrey,Hill,Female,54,01528103876,jeffrey.hill288@gmail.com,Alexandria,2024-03-07
1060,Elizabeth,Nelson,Male,38,01126474781,elizabeth.nelson290@outlook.com,Giza,2025-03-12
1061,Michelle,Sanders,Female,18,01009094258,michelle.sanders844@outlook.com,Giza,2025-02-09
1062,Alyssa,Fry,Male,58,01126546641,alyssa.fry947@hotmail.com,Cairo,2023-12-09
1063,Kirsten,Miller,Male,23,01037832434,kirsten.miller447@outlook.com,Alexandria,2024-04-27
1064,Sean,Reese,Female,38,01043854958,sean.reese63@gmail.com,Cairo,2024-10-31
1065,Kimberly,Donaldson,Male,37,01204889180,kimberly.donaldson743@yahoo.com,Mansoura,2025-09-18
1066,Michael,Orozco,Female,24,01074800326,michael.orozco651@yahoo.com,Zagazig,2025-11-07
1067,Michele,Ellis,Female,56,01115202896,michele.ellis597@gmail.com,Cairo,2024-07-03
1068,Jennifer,Roberts,Female,43,01009926554,jennifer.roberts814@hotmail.com,Alexandria,2024-01-12
1069,John,Robertson,Female,27,01218595562,john.robertson870@outlook.com,Tanta,2025-02-11
1070,Lynn,Gonzalez,Female,42,01006809838,lynn.gonzalez194@outlook.com,Cairo,2026-05-11
1071,Taylor,Morris,Female,46,01038869342,taylor.morris625@outlook.com,Cairo,2023-09-01
1072,Jennifer,Silva,Female,36,01079410412,jennifer.silva815@outlook.com,Cairo,2023-10-29
1073,Pamela,Jensen,Female,24,01596668342,pamela.jensen131@yahoo.com,Cairo,2023-07-29
1074,Vincent,Bryant,Female,58,01244529109,vincent.bryant590@outlook.com,Cairo,2026-06-29
1075,Sherri,Villarreal,Male,45,01233315987,sherri.villarreal174@hotmail.com,Alexandria,2024-07-19
1076,Terri,Rose,Male,54,01234644047,terri.rose969@gmail.com,Alexandria,2026-05-30
1077,Maria,Patterson,Male,25,01031552036,maria.patterson122@hotmail.com,Cairo,2024-09-25
1078,James,Fox,Female,20,01085277886,james.fox626@gmail.com,Cairo,2026-02-04
1079,Robert,Kirby,Male,50,01119990292,robert.kirby16@yahoo.com,Giza,2025-11-27
1080,Joshua,Davis,Male,28,01077258277,joshua.davis584@gmail.com,Minya,2025-02-10
1081,Ronnie,Evans,Female,46,01069171757,ronnie.evans551@hotmail.com,Minya,2025-10-31
1082,Deborah,Stevens,Male,51,01533348008,deborah.stevens44@outlook.com,Cairo,2025-07-13
1083,Brian,Franklin,Male,57,01224825953,brian.franklin103@gmail.com,Alexandria,2026-03-17
1084,Morgan,Rocha,Female,52,01242377985,morgan.rocha25@outlook.com,Cairo,2024-01-19
1085,Shannon,Gonzalez,Male,21,01238887791,shannon.gonzalez383@yahoo.com,Zagazig,2024-04-21
1086,Linda,Williams,Male,43,01090111588,linda.williams421@outlook.com,Alexandria,2024-01-21
1087,Jonathon,Rhodes,Female,51,01549477296,jonathon.rhodes765@gmail.com,Cairo,2025-08-16
1088,Robert,Crawford,Female,46,01587883403,robert.crawford77@hotmail.com,Cairo,2025-06-14
1089,Kevin,Montgomery,Female,49,01564526839,kevin.montgomery218@outlook.com,Minya,2025-06-16
1090,Shirley,Taylor,Female,34,01294322804,shirley.taylor662@hotmail.com,Ismailia,2025-10-10
1091,Brenda,Davis,Female,49,01551208551,brenda.davis975@outlook.com,Cairo,2023-10-14
1092,Frances,Sparks,Male,19,01134713154,frances.sparks639@yahoo.com,Zagazig,2023-11-18
1093,Karen,Mccoy,Female,41,01575104673,karen.mccoy721@yahoo.com,Cairo,2024-08-16
1094,Sarah,Freeman,Male,47,01122535480,sarah.freeman339@yahoo.com,Cairo,2026-05-02
1095,Jasmine,Allen,Female,20,01103001985,jasmine.allen568@yahoo.com,Cairo,2024-12-04
1096,Nicholas,Orozco,Female,29,01586505501,nicholas.orozco461@outlook.com,Giza,2023-07-28
1097,Heather,Macias,Female,32,01075382029,heather.macias734@gmail.com,Cairo,2025-10-25
1098,Samantha,Gonzales,Male,32,01567303890,samantha.gonzales785@yahoo.com,Zagazig,2023-11-03
1099,Shelly,Davis,Female,23,01565855796,shelly.davis694@hotmail.com,Giza,2024-06-18
1100,Richard,Jones,Female,38,01085968941,richard.jones799@yahoo.com,Cairo,2025-02-19
1101,Kristen,Sloan,Male,38,01056368812,kristen.sloan841@outlook.com,Tanta,2024-01-12
1102,Pamela,Simon,Male,55,01555894158,pamela.simon495@gmail.com,Mansoura,2025-10-25
1103,Jeffrey,Nelson,Male,39,01113465316,jeffrey.nelson221@yahoo.com,Alexandria,2023-09-30
1104,Stephen,Valenzuela,Female,25,01107313440,stephen.valenzuela922@gmail.com,Zagazig,2023-11-20
1105,Christine,Lang,Female,60,01135689428,christine.lang95@hotmail.com,Cairo,2026-01-17
1106,Becky,Davis,Female,44,01179032604,becky.davis446@outlook.com,Giza,2024-11-02
1107,Lisa,Martin,Male,52,01144683046,lisa.martin256@outlook.com,Cairo,2024-02-14
1108,Robert,Foster,Male,36,01588849570,robert.foster786@hotmail.com,Cairo,2026-06-18
1109,Kathryn,Smith,Female,24,01562432543,kathryn.smith844@gmail.com,Giza,2025-12-25
1110,Denise,Smith,Female,54,01223573679,denise.smith959@hotmail.com,Cairo,2024-08-03
1111,Zachary,Gonzales,Male,45,01189308900,zachary.gonzales915@gmail.com,Giza,2025-01-15
1112,Samuel,Hernandez,Female,28,01033262231,samuel.hernandez447@yahoo.com,Giza,2025-02-26
1113,Jennifer,Robertson,Male,48,01523767537,jennifer.robertson938@gmail.com,Giza,2024-11-27
1114,John,Thomas,Male,36,01252974462,john.thomas825@hotmail.com,Tanta,2025-07-19
1115,Anna,Nguyen,Female,36,01177812657,anna.nguyen275@hotmail.com,Mansoura,2024-08-05
1116,Dawn,Fleming,Female,55,01229219263,dawn.fleming76@hotmail.com,Cairo,2025-11-29
1117,Roger,Russell,Male,35,01299443147,roger.russell364@outlook.com,Cairo,2026-07-10
1118,Charles,Austin,Female,57,01179294300,charles.austin767@yahoo.com,Cairo,2024-06-11
1119,Garrett,Ibarra,Male,29,01291756162,garrett.ibarra450@gmail.com,Cairo,2025-04-20
1120,Lindsay,Norris,Male,35,01541419150,lindsay.norris232@yahoo.com,Tanta,2024-04-25
1121,Kyle,Goodman,Male,41,01099583584,kyle.goodman678@gmail.com,Cairo,2025-12-29
1122,Mark,Potter,Female,60,01116328168,mark.potter226@outlook.com,Cairo,2024-11-15
1123,Sara,Shah,Male,60,01075543071,sara.shah284@yahoo.com,Cairo,2023-12-06
1124,Jonathan,Strong,Male,58,01228761920,jonathan.strong19@outlook.com,Zagazig,2024-12-13
1125,Aaron,Owen,Male,53,01118211579,aaron.owen399@yahoo.com,Giza,2023-10-07
1126,Kurt,Cortez,Male,23,01127438387,kurt.cortez570@yahoo.com,Ismailia,2025-12-08
1127,Shelley,Ferrell,Female,21,01094409843,shelley.ferrell590@gmail.com,Cairo,2025-12-15
1128,Riley,Jones,Male,29,01046030059,riley.jones792@yahoo.com,Cairo,2024-10-21
1129,Sean,Fernandez,Female,53,01019183433,sean.fernandez560@outlook.com,Giza,2024-05-16
1130,Patricia,Torres,Male,38,01089977445,patricia.torres380@hotmail.com,Cairo,2024-12-13
1131,Darrell,Dean,Female,41,01199518470,darrell.dean224@yahoo.com,Cairo,2024-06-11
1132,Corey,Holden,Female,42,01523862409,corey.holden752@hotmail.com,Giza,2024-07-02
1133,Brianna,Obrien,Female,45,01520703190,brianna.obrien849@hotmail.com,Tanta,2023-12-20
1134,Melissa,Berger,Female,20,01211477990,melissa.berger937@gmail.com,Zagazig,2024-03-10
1135,Jenna,Todd,Male,52,01565331948,jenna.todd348@gmail.com,Alexandria,2025-11-09
1136,Michael,Torres,Male,23,01063973799,michael.torres577@outlook.com,Minya,2025-09-15
1137,Russell,Perkins,Male,57,01011420198,russell.perkins607@hotmail.com,Cairo,2024-02-17
1138,Robert,Zavala,Male,41,01154423200,robert.zavala674@hotmail.com,Mansoura,2025-04-30
1139,Michael,Bush,Male,19,01141390985,michael.bush483@outlook.com,Cairo,2025-02-19
1140,Brenda,Hamilton,Male,45,01134233554,brenda.hamilton720@yahoo.com,Giza,2025-02-17
1141,Jeremy,Holland,Male,59,01553632685,jeremy.holland799@yahoo.com,Alexandria,2024-09-18
1142,Kristen,Ritter,Female,30,01079308839,kristen.ritter894@outlook.com,Zagazig,2023-12-07
1143,Dawn,Burgess,Male,30,01583280483,dawn.burgess115@outlook.com,Cairo,2026-02-03
1144,Connie,Stewart,Male,34,01128112595,connie.stewart921@yahoo.com,Alexandria,2024-06-07
1145,Teresa,Morgan,Female,59,01259151146,teresa.morgan779@hotmail.com,Giza,2026-02-09
1146,Jessica,Smith,Male,46,01265031740,jessica.smith230@hotmail.com,Ismailia,2024-11-26
1147,Christine,Johnson,Male,37,01582138159,christine.johnson47@hotmail.com,Cairo,2025-08-31
1148,Emily,Young,Female,55,01272099915,emily.young644@yahoo.com,Minya,2026-06-25
1149,Dennis,Hudson,Male,43,01555420292,dennis.hudson980@hotmail.com,Mansoura,2026-02-08
1150,Sandra,Reyes,Female,49,01126605617,sandra.reyes557@hotmail.com,Cairo,2024-09-25
1151,Derek,Hughes,Female,30,01141315662,derek.hughes425@gmail.com,Alexandria,2023-11-27
1152,Matthew,Stephens,Male,27,01281824559,matthew.stephens826@hotmail.com,Alexandria,2024-04-23
1153,Christopher,Smith,Female,27,01095953013,christopher.smith450@gmail.com,Cairo,2025-08-27
1154,Christopher,Blackburn,Female,30,01263351419,christopher.blackburn602@hotmail.com,Tanta,2026-03-31
1155,Jennifer,White,Male,36,01291348337,jennifer.white110@outlook.com,Minya,2026-06-09
1156,Sally,Moreno,Female,26,01122980643,sally.moreno24@gmail.com,Cairo,2025-09-03
1157,Jessica,Bolton,Male,49,01551373280,jessica.bolton707@hotmail.com,Cairo,2025-10-26
1158,Krystal,Carlson,Male,23,01019321243,krystal.carlson206@outlook.com,Alexandria,2026-05-08
1159,Tanya,Bradshaw,Male,33,01253075657,tanya.bradshaw315@gmail.com,Tanta,2024-03-30
1160,Lauren,Soto,Male,39,01001197652,lauren.soto509@gmail.com,Zagazig,2025-12-30
1161,Caleb,Salazar,Female,38,01552786210,caleb.salazar573@outlook.com,Giza,2025-01-11
1162,Monica,Farrell,Female,22,01146084844,monica.farrell303@yahoo.com,Cairo,2025-12-05
1163,James,Rasmussen,Male,58,01245488901,james.rasmussen823@gmail.com,Cairo,2026-06-24
1164,Brandon,Anderson,Female,44,01199317249,brandon.anderson858@hotmail.com,Mansoura,2026-06-10
1165,Joseph,Wilson,Male,60,01109572724,joseph.wilson592@outlook.com,Alexandria,2024-01-27
1166,Craig,Conley,Male,50,01141079870,craig.conley722@hotmail.com,Alexandria,2023-09-10
1167,Victoria,Diaz,Female,38,01252991355,victoria.diaz255@hotmail.com,Cairo,2025-12-18
1168,Donald,Barnes,Male,59,01004728522,donald.barnes746@hotmail.com,Cairo,2025-08-19
1169,Michael,Mills,Male,58,01525338696,michael.mills1@gmail.com,Giza,2023-10-06
1170,Wesley,Fisher,Female,51,01008499089,wesley.fisher566@yahoo.com,Giza,2024-07-22
1171,Peter,Webster,Male,48,01593221879,peter.webster914@yahoo.com,Alexandria,2025-01-24
1172,James,Terry,Male,52,01023825541,james.terry936@outlook.com,Zagazig,2025-05-22
1173,George,Clay,Female,20,01164095648,george.clay611@outlook.com,Cairo,2026-03-10
1174,Michael,Pitts,Female,49,01269501513,michael.pitts613@yahoo.com,Cairo,2026-01-14
1175,Nicholas,Johnson,Male,43,01017737553,nicholas.johnson682@gmail.com,Mansoura,2024-01-21
1176,Martin,Mercer,Male,33,01563876546,martin.mercer757@hotmail.com,Tanta,2024-03-25
1177,Vincent,Wilson,Female,38,01238055879,vincent.wilson16@yahoo.com,Alexandria,2025-08-13
1178,Heather,Vargas,Female,26,01295039836,heather.vargas836@outlook.com,Giza,2024-10-12
1179,William,Little,Female,48,01228188412,william.little887@gmail.com,Giza,2025-08-20
1180,Linda,Carson,Male,21,01065852158,linda.carson155@outlook.com,Alexandria,2025-11-27
1181,Ian,Holder,Female,31,01281440063,ian.holder84@outlook.com,Cairo,2026-06-03
1182,Richard,Wood,Female,30,01120686541,richard.wood80@outlook.com,Minya,2024-12-17
1183,William,Hall,Male,27,01189354680,william.hall306@gmail.com,Giza,2026-05-20
1184,Jennifer,Calhoun,Male,35,01218751362,jennifer.calhoun509@gmail.com,Tanta,2025-05-19
1185,Jeffery,Jackson,Male,60,01082895267,jeffery.jackson274@outlook.com,Alexandria,2025-05-22
1186,Melissa,Gilmore,Male,29,01208079886,melissa.gilmore275@gmail.com,Cairo,2025-07-31
1187,Nicholas,Dunn,Female,35,01140776063,nicholas.dunn482@hotmail.com,Giza,2024-03-18
1188,Erik,Allen,Male,37,01572022485,erik.allen496@yahoo.com,Giza,2026-05-24
1189,Natasha,Wright,Female,18,01053797055,natasha.wright557@yahoo.com,Alexandria,2025-01-19
1190,Michael,Elliott,Male,60,01134783110,michael.elliott477@gmail.com,Sohag,2025-05-08
1191,Manuel,Thomas,Male,52,01231434038,manuel.thomas108@yahoo.com,Cairo,2025-08-06
1192,Joshua,Dunlap,Female,19,01135480865,joshua.dunlap15@yahoo.com,Cairo,2026-01-11
1193,Mary,Fisher,Male,54,01243321275,mary.fisher603@hotmail.com,Cairo,2026-06-28
1194,Keith,Torres,Male,46,01561603243,keith.torres995@gmail.com,Minya,2025-04-30
1195,Catherine,Stewart,Female,54,01224917064,catherine.stewart847@outlook.com,Giza,2025-05-16
1196,Kurt,Sullivan,Male,29,01172504041,kurt.sullivan705@hotmail.com,Cairo,2024-04-22
1197,John,Stokes,Male,21,01561589738,john.stokes120@hotmail.com,Cairo,2024-12-31
1198,Austin,Harris,Male,58,01135842104,austin.harris342@yahoo.com,Cairo,2024-02-17
1199,Cassandra,Fisher,Female,58,01584300138,cassandra.fisher973@hotmail.com,Alexandria,2025-04-04
1200,Samantha,Reyes,Male,25,01098084182,samantha.reyes362@gmail.com,Tanta,2024-04-21
1201,Sarah,Holland,Female,46,01242001723,sarah.holland131@gmail.com,Alexandria,2024-09-22
1202,Jennifer,Anderson,Male,51,01185572720,jennifer.anderson256@outlook.com,Sohag,2026-03-13
1203,Mark,Joseph,Female,34,01063201525,mark.joseph881@gmail.com,Alexandria,2025-01-08
1204,Michael,Hoffman,Female,53,01012047555,michael.hoffman451@gmail.com,Mansoura,2023-10-09
1205,Nicholas,Garcia,Male,40,01044028855,nicholas.garcia822@gmail.com,Alexandria,2023-12-08
1206,Sara,Taylor,Female,58,01545468619,sara.taylor57@gmail.com,Cairo,2024-01-20
1207,Michelle,Scott,Female,33,01022214125,michelle.scott814@outlook.com,Assiut,2025-10-14
1208,Mallory,Young,Male,54,01173342016,mallory.young858@gmail.com,Alexandria,2024-08-20
1209,Michael,Garcia,Female,55,01152233267,michael.garcia368@gmail.com,Cairo,2025-11-18
1210,David,Roberts,Male,29,01216544582,david.roberts949@hotmail.com,Alexandria,2024-07-29
1211,Karen,Houston,Female,42,01556709221,karen.houston605@outlook.com,Cairo,2023-09-01
1212,Todd,Williams,Female,58,01064812808,todd.williams613@gmail.com,Cairo,2026-07-11
1213,Gavin,Robertson,Female,37,01066852352,gavin.robertson329@yahoo.com,Mansoura,2023-08-30
1214,Matthew,Lane,Male,54,01190641134,matthew.lane473@outlook.com,Cairo,2025-05-08
1215,Angela,Nguyen,Male,42,01063391903,angela.nguyen870@hotmail.com,Giza,2026-06-26
1216,Patrick,Berg,Female,19,01051702779,patrick.berg474@yahoo.com,Cairo,2025-05-16
1217,Mark,Jones,Male,37,01526565052,mark.jones843@outlook.com,Alexandria,2025-07-21
1218,Richard,Brown,Female,18,01285477785,richard.brown491@outlook.com,Alexandria,2024-03-26
1219,Angela,Villa,Female,51,01551260651,angela.villa98@yahoo.com,Cairo,2025-07-08
1220,Joshua,Campbell,Female,35,01140883818,joshua.campbell134@outlook.com,Giza,2025-01-06
1221,Kelly,Rodriguez,Female,44,01283849694,kelly.rodriguez678@hotmail.com,Mansoura,2025-05-03
1222,Christina,Torres,Male,30,01207473901,christina.torres421@gmail.com,Alexandria,2026-01-01
1223,Victor,Oconnor,Female,57,01105100076,victor.oconnor422@outlook.com,Cairo,2025-03-25
1224,Gregory,Griffith,Male,57,01027997784,gregory.griffith495@yahoo.com,Cairo,2024-06-11
1225,Melissa,Dodson,Female,47,01250018646,melissa.dodson587@yahoo.com,Cairo,2024-03-13
1226,Nathan,Ross,Female,37,01021206833,nathan.ross326@hotmail.com,Cairo,2024-03-28
1227,David,Miller,Male,34,01295397543,david.miller855@hotmail.com,Mansoura,2026-01-28
1228,Robert,Hunter,Female,18,01193391385,robert.hunter356@outlook.com,Cairo,2024-07-07
1229,Lindsay,Grant,Female,49,01529721814,lindsay.grant973@gmail.com,Alexandria,2025-02-16
1230,Julie,Sanchez,Male,58,01075303504,julie.sanchez340@hotmail.com,Cairo,2024-04-19
1231,Scott,Taylor,Male,29,01519506696,scott.taylor446@hotmail.com,Cairo,2023-12-23
1232,Maria,Thomas,Male,55,01104639943,maria.thomas222@yahoo.com,Ismailia,2023-08-02
1233,Joy,Anderson,Female,56,01244978363,joy.anderson857@yahoo.com,Cairo,2025-04-06
1234,Amy,Odom,Male,33,01138758834,amy.odom686@gmail.com,Giza,2025-10-14
1235,Rebecca,Frazier,Male,45,01189737819,rebecca.frazier812@yahoo.com,Giza,2024-11-04
1236,Martin,Cook,Male,47,01107966818,martin.cook20@yahoo.com,Cairo,2023-11-24
1237,Sandra,Roberts,Female,32,01559396964,sandra.roberts319@outlook.com,Cairo,2024-07-16
1238,William,Bates,Female,36,01252143681,william.bates68@outlook.com,Giza,2026-03-10
1239,Patrick,Montgomery,Male,51,01150938735,patrick.montgomery111@yahoo.com,Alexandria,2023-08-01
1240,Jessica,Lynch,Female,40,01211089401,jessica.lynch268@outlook.com,Cairo,2023-08-29
1241,Katherine,Edwards,Male,55,01127123497,katherine.edwards884@hotmail.com,Mansoura,2026-05-16
1242,Carlos,Williams,Female,56,01552282303,carlos.williams626@yahoo.com,Cairo,2025-09-12
1243,Michael,Perez,Female,37,01265916428,michael.perez159@yahoo.com,Cairo,2025-08-31
1244,Jack,Moore,Male,45,01040013880,jack.moore765@yahoo.com,Sohag,2024-02-28
1245,Robert,Wong,Female,59,01098132594,robert.wong88@hotmail.com,Minya,2025-06-25
1246,Christopher,Jenkins,Male,28,01571351960,christopher.jenkins152@yahoo.com,Alexandria,2025-11-06
1247,Taylor,Harris,Male,49,01191049708,taylor.harris219@hotmail.com,Mansoura,2024-01-21
1248,Matthew,Robertson,Male,47,01118594576,matthew.robertson205@gmail.com,Tanta,2026-06-27
1249,Sheila,Long,Female,19,01012876424,sheila.long939@hotmail.com,Giza,2025-03-06
1250,Amber,Garcia,Male,46,01009508403,amber.garcia219@gmail.com,Mansoura,2025-09-22
1251,Karen,Wagner,Male,22,01523958799,karen.wagner744@gmail.com,Assiut,2024-01-07
1252,Cory,Murillo,Female,54,01168602382,cory.murillo315@outlook.com,Tanta,2024-06-06
1253,Douglas,Smith,Male,31,01110031653,douglas.smith856@yahoo.com,Cairo,2024-07-27
1254,Michael,Martinez,Female,34,01078463568,michael.martinez181@gmail.com,Alexandria,2025-07-05
1255,Dylan,Sandoval,Female,58,01557109869,dylan.sandoval538@hotmail.com,Cairo,2024-03-08
1256,Tyler,Monroe,Female,39,01155096360,tyler.monroe981@gmail.com,Alexandria,2023-11-13
1257,Michelle,Glover,Female,56,01046077876,michelle.glover629@hotmail.com,Assiut,2025-04-18
1258,Henry,Gray,Female,49,01063655216,henry.gray304@outlook.com,Cairo,2026-03-26
1259,Brandon,Diaz,Female,52,01562251907,brandon.diaz211@yahoo.com,Zagazig,2024-03-18
1260,Wanda,Rodriguez,Male,59,01003140757,wanda.rodriguez176@yahoo.com,Giza,2024-10-29
1261,Gerald,Simmons,Male,47,01224854182,gerald.simmons14@outlook.com,Giza,2023-10-08
1262,Tammy,Davis,Male,23,01597362384,tammy.davis224@gmail.com,Giza,2026-05-30
1263,Rachel,Odonnell,Female,57,01574779715,rachel.odonnell36@hotmail.com,Mansoura,2024-07-15
1264,Dale,Vance,Male,58,01080053951,dale.vance788@outlook.com,Giza,2025-02-25
1265,Karina,Saunders,Male,36,01107203409,karina.saunders571@yahoo.com,Cairo,2026-01-04
1266,John,Hatfield,Male,49,01502747217,john.hatfield643@hotmail.com,Minya,2026-06-20
1267,Andrew,Chase,Male,49,01178195081,andrew.chase455@hotmail.com,Alexandria,2024-06-21
1268,Timothy,Mendoza,Male,51,01578929340,timothy.mendoza601@outlook.com,Giza,2024-11-03
1269,Ariel,Whitehead,Female,26,01215909207,ariel.whitehead763@gmail.com,Cairo,2026-03-18
1270,Ann,Long,Male,40,01223628018,ann.long93@outlook.com,Cairo,2026-05-31
1271,Diane,Ross,Female,28,01555417046,diane.ross937@hotmail.com,Minya,2025-04-15
1272,Kristen,Cox,Female,40,01519298178,kristen.cox779@hotmail.com,Ismailia,2023-10-15
1273,Kimberly,Morris,Female,54,01227406999,kimberly.morris766@outlook.com,Zagazig,2026-03-21
1274,Haley,Gray,Female,56,01099938954,haley.gray17@hotmail.com,Mansoura,2024-09-08
1275,John,Long,Male,52,01074047830,john.long290@yahoo.com,Mansoura,2023-10-18
1276,Eric,Mullen,Male,40,01597913472,eric.mullen431@outlook.com,Giza,2026-06-28
1277,Darrell,Aguirre,Female,23,01560740218,darrell.aguirre305@hotmail.com,Alexandria,2026-03-22
1278,Sarah,Cordova,Male,38,01029891955,sarah.cordova120@yahoo.com,Cairo,2025-08-02
1279,Tony,Holmes,Male,59,01231022219,tony.holmes792@outlook.com,Cairo,2025-11-04
1280,Alicia,Delgado,Male,28,01111594215,alicia.delgado341@outlook.com,Cairo,2024-10-25
1281,Jacqueline,Braun,Female,53,01595486879,jacqueline.braun380@outlook.com,Giza,2026-03-27
1282,Carly,Castaneda,Male,44,01073939889,carly.castaneda640@gmail.com,Cairo,2024-06-01
1283,Lisa,Soto,Male,53,01204377181,lisa.soto193@outlook.com,Giza,2023-09-29
1284,Joseph,Wood,Female,52,01199826864,joseph.wood70@gmail.com,Cairo,2023-07-28
1285,Jonathan,Martinez,Male,23,01134781577,jonathan.martinez760@hotmail.com,Giza,2025-01-19
1286,Maria,House,Male,52,01543153600,maria.house138@gmail.com,Cairo,2024-08-18
1287,Mathew,Murphy,Male,32,01176943736,mathew.murphy489@gmail.com,Alexandria,2026-01-12
1288,Alan,Hooper,Female,21,01066810819,alan.hooper40@gmail.com,Tanta,2025-10-22
1289,Jennifer,Ritter,Male,37,01561071730,jennifer.ritter514@hotmail.com,Cairo,2025-08-29
1290,Emily,Bailey,Female,40,01528455479,emily.bailey52@yahoo.com,Cairo,2025-01-03
1291,Erik,Martinez,Female,34,01574993092,erik.martinez405@gmail.com,Giza,2023-11-12
1292,Jared,Murphy,Female,44,01568363791,jared.murphy884@gmail.com,Minya,2024-06-16
1293,Dana,Hendrix,Male,27,01057127773,dana.hendrix535@yahoo.com,Alexandria,2024-09-09
1294,Daniel,Hernandez,Male,30,01578224918,daniel.hernandez7@outlook.com,Zagazig,2025-12-22
1295,Kelly,Myers,Female,54,01515325578,kelly.myers162@outlook.com,Ismailia,2023-08-29
1296,Stefanie,White,Male,22,01042398305,stefanie.white734@outlook.com,Alexandria,2025-09-30
1297,Willie,Silva,Female,30,01140424107,willie.silva864@yahoo.com,Alexandria,2024-01-29
1298,Elizabeth,Moran,Male,26,01006716617,elizabeth.moran757@yahoo.com,Giza,2025-01-14
1299,Michael,Bell,Female,55,01021036672,michael.bell823@hotmail.com,Sohag,2026-05-11
1300,Ashlee,Buck,Male,51,01054273922,ashlee.buck920@outlook.com,Zagazig,2024-03-08
1301,Nicole,Avila,Male,22,01299280152,nicole.avila265@yahoo.com,Giza,2024-08-29
1302,Patricia,Scott,Male,42,01584431474,patricia.scott107@hotmail.com,Cairo,2026-04-01
1303,Taylor,Baker,Male,51,01054637341,taylor.baker777@hotmail.com,Cairo,2025-03-24
1304,Lee,Anderson,Female,36,01179040923,lee.anderson762@outlook.com,Zagazig,2025-02-24
1305,Michele,Ibarra,Male,49,01154608866,michele.ibarra41@outlook.com,Cairo,2023-08-18
1306,Matthew,Ellis,Female,55,01281700147,matthew.ellis980@yahoo.com,Cairo,2026-01-17
1307,Margaret,Flores,Female,40,01146556814,margaret.flores254@yahoo.com,Cairo,2023-07-25
1308,Jennifer,Wright,Female,48,01296585870,jennifer.wright234@outlook.com,Ismailia,2025-11-08
1309,Lauren,Osborne,Male,57,01229915336,lauren.osborne162@gmail.com,Giza,2024-04-21
1310,Tricia,Lewis,Male,47,01542836552,tricia.lewis843@outlook.com,Alexandria,2025-05-03
1311,Alicia,Anderson,Female,38,01145345255,alicia.anderson542@yahoo.com,Alexandria,2025-10-09
1312,Madeline,Hill,Female,21,01124390727,madeline.hill672@outlook.com,Alexandria,2023-11-26
1313,Patrick,Harris,Female,39,01048544628,patrick.harris341@gmail.com,Cairo,2024-12-29
1314,Jack,Clark,Male,26,01597994424,jack.clark9@yahoo.com,Assiut,2024-05-24
1315,Carrie,Vasquez,Male,21,01169986709,carrie.vasquez319@hotmail.com,Cairo,2025-09-13
1316,Dale,Johnson,Male,18,01556218598,dale.johnson482@outlook.com,Mansoura,2023-11-17
1317,Natalie,Griffin,Male,58,01287122922,natalie.griffin141@gmail.com,Cairo,2024-05-01
1318,Maria,Martinez,Female,38,01556456807,maria.martinez839@gmail.com,Cairo,2024-07-26
1319,Sarah,Forbes,Female,47,01137526912,sarah.forbes458@hotmail.com,Cairo,2025-05-07
1320,Sarah,Murray,Female,39,01542355690,sarah.murray164@yahoo.com,Mansoura,2025-07-17
1321,Joyce,Johnson,Female,19,01556263834,joyce.johnson717@yahoo.com,Cairo,2024-04-03
1322,Amy,Martin,Male,41,01099771671,amy.martin666@hotmail.com,Giza,2023-12-01
1323,Michael,Stewart,Male,46,01062741342,michael.stewart296@gmail.com,Cairo,2026-06-19
1324,Elizabeth,Thomas,Male,23,01043675311,elizabeth.thomas202@outlook.com,Alexandria,2025-05-03
1325,Luis,Osborne,Female,55,01117303989,luis.osborne426@hotmail.com,Cairo,2025-02-25
1326,Heather,Frost,Female,18,01278591475,heather.frost317@outlook.com,Giza,2024-12-08
1327,Christopher,Brewer,Female,24,01532344694,christopher.brewer8@yahoo.com,Giza,2024-04-14
1328,Matthew,Johnson,Female,22,01091855026,matthew.johnson10@yahoo.com,Cairo,2025-07-17
1329,Rhonda,Combs,Female,37,01049940809,rhonda.combs186@yahoo.com,Zagazig,2023-08-15
1330,Tammy,Daniel,Male,54,01079986549,tammy.daniel677@outlook.com,Cairo,2025-10-12
1331,Jason,Baker,Male,28,01049818431,jason.baker260@yahoo.com,Alexandria,2024-12-20
1332,Tina,Massey,Female,60,01143910175,tina.massey714@outlook.com,Cairo,2025-07-11
1333,Edward,Ho,Male,38,01002525949,edward.ho136@hotmail.com,Giza,2024-02-29
1334,Justin,Lawrence,Male,55,01163112190,justin.lawrence614@yahoo.com,Cairo,2025-05-19
1335,Thomas,Ibarra,Female,51,01582765517,thomas.ibarra407@gmail.com,Zagazig,2023-07-30
1336,Shirley,Shepherd,Female,25,01203375544,shirley.shepherd15@yahoo.com,Cairo,2025-08-11
1337,Darrell,Anderson,Male,51,01248217677,darrell.anderson726@outlook.com,Cairo,2024-04-05
1338,David,Watson,Female,55,01535630150,david.watson877@outlook.com,Cairo,2024-10-09
1339,Nicholas,English,Female,21,01593453186,nicholas.english526@gmail.com,Giza,2026-02-08
1340,Jacqueline,Powell,Female,41,01588137668,jacqueline.powell76@gmail.com,Mansoura,2025-06-23
1341,Luke,Edwards,Male,28,01255701904,luke.edwards825@yahoo.com,Giza,2025-08-08
1342,Natasha,Schaefer,Male,42,01107014456,natasha.schaefer868@yahoo.com,Alexandria,2026-01-23
1343,James,Bowen,Male,29,01194268968,james.bowen567@outlook.com,Cairo,2023-12-18
1344,Tonya,Smith,Female,21,01063676105,tonya.smith70@hotmail.com,Cairo,2023-11-02
1345,Terri,Wang,Male,45,01236252374,terri.wang103@yahoo.com,Tanta,2025-05-22
1346,Stephanie,Velasquez,Male,55,01538775575,stephanie.velasquez317@gmail.com,Cairo,2023-12-08
1347,James,Gallegos,Male,45,01540165285,james.gallegos960@gmail.com,Cairo,2026-06-08
1348,Donna,Williams,Male,40,01580667603,donna.williams449@hotmail.com,Giza,2025-01-23
1349,Alexa,Hall,Female,44,01577839545,alexa.hall65@hotmail.com,Cairo,2025-06-20
1350,Jonathan,Ward,Female,54,01575008919,jonathan.ward688@hotmail.com,Giza,2025-09-19
1351,Laura,Church,Male,52,01505757901,laura.church355@gmail.com,Sohag,2024-07-22
1352,Mary,Porter,Male,49,01108738747,mary.porter13@outlook.com,Giza,2024-01-06
1353,Scott,Ramos,Female,21,01568428428,scott.ramos329@yahoo.com,Cairo,2024-01-11
1354,Adam,Ramos,Male,58,01267919537,adam.ramos626@outlook.com,Cairo,2025-08-25
1355,Antonio,Hernandez,Female,41,01007103777,antonio.hernandez235@hotmail.com,Cairo,2026-04-22
1356,Rhonda,King,Male,44,01053594541,rhonda.king210@outlook.com,Cairo,2024-03-30
1357,Travis,Bryan,Female,20,01574135522,travis.bryan493@hotmail.com,Cairo,2026-05-06
1358,Raymond,Baldwin,Male,48,01507158223,raymond.baldwin893@outlook.com,Cairo,2025-10-30
1359,Lindsey,Shah,Female,39,01026129789,lindsey.shah905@hotmail.com,Cairo,2023-07-14
1360,Kyle,Taylor,Male,51,01269946311,kyle.taylor877@yahoo.com,Alexandria,2026-05-13
1361,Robert,Brown,Female,20,01081701911,robert.brown530@gmail.com,Giza,2025-09-08
1362,Paul,Morales,Female,45,01544460778,paul.morales536@hotmail.com,Cairo,2025-12-18
1363,Deanna,Richard,Male,40,01594413559,deanna.richard996@yahoo.com,Giza,2025-09-01
1364,Molly,Mcdonald,Male,58,01551589361,molly.mcdonald729@hotmail.com,Giza,2024-04-23
1365,Brittany,Villanueva,Male,46,01181493913,brittany.villanueva968@outlook.com,Cairo,2024-02-24
1366,Ivan,Alvarado,Male,22,01088305729,ivan.alvarado818@hotmail.com,Alexandria,2025-04-29
1367,Vernon,Torres,Female,28,01580390146,vernon.torres107@yahoo.com,Cairo,2026-02-12
1368,Patrick,Reynolds,Female,25,01072888897,patrick.reynolds939@gmail.com,Mansoura,2025-04-29
1369,Randall,Soto,Female,18,01047917850,randall.soto889@gmail.com,Ismailia,2025-08-30
1370,Tanya,Wise,Male,35,01079832025,tanya.wise189@hotmail.com,Alexandria,2025-04-21
1371,Sara,Graham,Female,57,01572751602,sara.graham5@hotmail.com,Alexandria,2023-07-23
1372,Tiffany,Hurst,Male,49,01517799930,tiffany.hurst877@yahoo.com,Cairo,2026-03-17
1373,Lauren,Mays,Female,32,01231145130,lauren.mays128@hotmail.com,Giza,2026-01-20
1374,Cole,Andrews,Female,23,01055458035,cole.andrews294@hotmail.com,Tanta,2025-02-24
1375,John,Stevens,Female,35,01071560634,john.stevens635@gmail.com,Giza,2024-12-24
1376,Riley,Thompson,Male,36,01076485092,riley.thompson730@gmail.com,Cairo,2025-03-18
1377,Richard,Ortiz,Male,43,01017774682,richard.ortiz322@gmail.com,Giza,2024-07-01
1378,Olivia,Jones,Female,31,01111529586,olivia.jones173@hotmail.com,Cairo,2023-10-04
1379,Christine,Todd,Female,55,01258617691,christine.todd651@yahoo.com,Ismailia,2023-10-29
1380,Maurice,Meadows,Female,31,01178748164,maurice.meadows322@yahoo.com,Mansoura,2026-02-03
1381,Laura,Bailey,Male,32,01228080834,laura.bailey715@outlook.com,Tanta,2025-10-08
1382,Christina,Durham,Female,37,01207440724,christina.durham248@outlook.com,Cairo,2026-05-20
1383,Carol,Ingram,Female,48,01015338636,carol.ingram753@yahoo.com,Giza,2024-04-25
1384,Allen,Padilla,Male,37,01067415188,allen.padilla393@yahoo.com,Cairo,2023-10-25
1385,Paul,Bailey,Female,36,01277740326,paul.bailey486@yahoo.com,Cairo,2024-06-21
1386,Michael,Orozco,Male,29,01158461192,michael.orozco651@outlook.com,Cairo,2025-07-03
1387,Robert,Love,Female,32,01507170367,robert.love5@yahoo.com,Cairo,2023-09-17
1388,Alex,Hill,Female,37,01093649093,alex.hill851@hotmail.com,Alexandria,2025-04-06
1389,Jimmy,Greer,Male,25,01120526073,jimmy.greer107@yahoo.com,Giza,2026-04-17
1390,Brittany,Crawford,Female,43,01184463793,brittany.crawford993@outlook.com,Mansoura,2024-09-23
1391,Samantha,Parker,Male,60,01021630751,samantha.parker16@outlook.com,Alexandria,2023-08-03
1392,Candace,Glover,Female,39,01576317476,candace.glover139@outlook.com,Cairo,2025-08-05
1393,James,Murphy,Female,35,01175372012,james.murphy109@hotmail.com,Alexandria,2024-05-31
1394,James,Oneal,Male,49,01562418878,james.oneal740@gmail.com,Cairo,2025-08-04
1395,Andrea,Davila,Female,28,01576502742,andrea.davila960@hotmail.com,Cairo,2025-07-21
1396,Nicole,Green,Female,42,01255304451,nicole.green710@outlook.com,Cairo,2024-06-02
1397,Jennifer,Davis,Male,49,01173020330,jennifer.davis303@yahoo.com,Assiut,2024-02-09
1398,Teresa,Jordan,Female,42,01222714217,teresa.jordan323@yahoo.com,Giza,2023-09-30
1399,Karen,Garza,Female,21,01177472797,karen.garza11@hotmail.com,Alexandria,2023-07-24
1400,Amy,Hayes,Female,37,01096854743,amy.hayes658@hotmail.com,Giza,2024-09-05
1401,Michael,Roberts,Male,60,01275734460,michael.roberts169@hotmail.com,Giza,2025-08-29
1402,Rachel,Schultz,Male,37,01529799021,rachel.schultz103@yahoo.com,Alexandria,2025-01-24
1403,David,Marquez,Male,22,01111315082,david.marquez438@yahoo.com,Minya,2024-10-27
1404,Wendy,Patel,Female,20,01251858547,wendy.patel828@hotmail.com,Cairo,2025-04-13
1405,Mark,Oconnell,Male,50,01091634127,mark.oconnell752@yahoo.com,Tanta,2025-02-19
1406,Nathan,Hardy,Male,40,01187118156,nathan.hardy386@gmail.com,Alexandria,2024-01-06
1407,Hannah,Wood,Female,35,01138388728,hannah.wood803@outlook.com,Tanta,2026-03-31
1408,Judy,Miller,Male,21,01107996725,judy.miller606@outlook.com,Cairo,2024-06-25
1409,Christina,Pearson,Female,32,01030781593,christina.pearson163@hotmail.com,Assiut,2025-06-05
1410,John,White,Female,33,01223837212,john.white318@hotmail.com,Giza,2024-04-15
1411,Allison,Brennan,Male,51,01089243981,allison.brennan104@hotmail.com,Alexandria,2025-12-23
1412,Tammy,Campbell,Female,32,01250785123,tammy.campbell332@outlook.com,Tanta,2024-01-28
1413,Katie,Montgomery,Female,23,01211246009,katie.montgomery614@outlook.com,Giza,2023-09-24
1414,Lisa,Miller,Female,43,01118541522,lisa.miller602@gmail.com,Giza,2023-12-13
1415,Julie,Pearson,Female,18,01003994396,julie.pearson110@yahoo.com,Cairo,2025-11-07
1416,Diane,Smith,Female,24,01106250929,diane.smith670@outlook.com,Giza,2026-05-17
1417,Duane,Crosby,Male,51,01060997286,duane.crosby341@yahoo.com,Cairo,2024-09-02
1418,Ian,Ball,Male,39,01061130807,ian.ball756@outlook.com,Mansoura,2026-03-25
1419,Aaron,Miller,Female,48,01098728650,aaron.miller72@yahoo.com,Giza,2025-04-28
1420,Michael,Le,Male,44,01537187419,michael.le690@hotmail.com,Alexandria,2023-12-31
1421,Brittany,Clarke,Male,27,01500612503,brittany.clarke838@outlook.com,Cairo,2023-11-11
1422,Tiffany,Jackson,Male,57,01203143966,tiffany.jackson196@hotmail.com,Alexandria,2024-07-31
1423,Bradley,Rivera,Female,42,01226179483,bradley.rivera402@gmail.com,Ismailia,2024-02-21
1424,Brian,Snow,Male,20,01121052755,brian.snow756@gmail.com,Alexandria,2024-11-15
1425,Nicholas,Brennan,Male,56,01243543123,nicholas.brennan28@outlook.com,Cairo,2025-06-01
1426,Matthew,Thomas,Male,25,01277463744,matthew.thomas931@hotmail.com,Giza,2026-03-27
1427,Maria,Sanchez,Female,54,01046347581,maria.sanchez159@hotmail.com,Tanta,2026-04-22
1428,Sherry,Perez,Male,39,01220942911,sherry.perez764@yahoo.com,Alexandria,2023-12-17
1429,Logan,Stevenson,Female,44,01541479911,logan.stevenson176@yahoo.com,Cairo,2026-03-12
1430,Keith,Watkins,Female,47,01574796519,keith.watkins288@gmail.com,Cairo,2024-11-23
1431,William,Rodriguez,Male,25,01150531803,william.rodriguez44@gmail.com,Sohag,2026-05-06
1432,Zachary,Briggs,Female,57,01019854265,zachary.briggs222@hotmail.com,Alexandria,2025-10-04
1433,Carly,Best,Male,26,01024266150,carly.best245@yahoo.com,Cairo,2024-11-19
1434,Kristen,Lane,Male,53,01126654930,kristen.lane510@gmail.com,Cairo,2025-01-22
1435,Charlotte,Griffin,Male,37,01052508569,charlotte.griffin563@yahoo.com,Alexandria,2026-01-19
1436,Kimberly,Jones,Female,44,01571511417,kimberly.jones304@hotmail.com,Sohag,2026-01-19
1437,Jamie,Dixon,Male,40,01297505166,jamie.dixon877@outlook.com,Giza,2025-07-24
1438,Michael,Myers,Male,52,01560958858,michael.myers232@outlook.com,Cairo,2024-07-30
1439,Elizabeth,Davis,Female,51,01267125738,elizabeth.davis62@gmail.com,Cairo,2023-11-04
1440,Jacob,Salazar,Female,51,01275020453,jacob.salazar222@gmail.com,Minya,2025-03-04
1441,Jason,Shepherd,Female,32,01115090551,jason.shepherd667@hotmail.com,Giza,2025-07-29
1442,Sarah,Wright,Female,53,01253208336,sarah.wright796@yahoo.com,Cairo,2025-05-20
1443,Joshua,Allen,Male,59,01061440825,joshua.allen1@gmail.com,Cairo,2024-04-04
1444,Robert,Roberts,Female,42,01232276859,robert.roberts158@hotmail.com,Giza,2024-01-06
1445,Melissa,Patterson,Female,31,01081806314,melissa.patterson116@outlook.com,Cairo,2025-11-29
1446,Cheryl,Thomas,Female,29,01510471224,cheryl.thomas460@gmail.com,Zagazig,2025-11-23
1447,Andrea,Clark,Male,24,01204207710,andrea.clark977@gmail.com,Mansoura,2024-06-18
1448,Thomas,Moore,Female,20,01014495532,thomas.moore809@yahoo.com,Giza,2025-01-19
1449,Joshua,Wallace,Male,41,01207134875,joshua.wallace317@outlook.com,Cairo,2023-12-17
1450,Joseph,Hansen,Female,20,01233253168,joseph.hansen322@gmail.com,Cairo,2024-09-17
1451,Rebecca,Martinez,Female,30,01107964979,rebecca.martinez136@yahoo.com,Cairo,2023-07-27
1452,Brianna,Ballard,Female,45,01173160017,brianna.ballard15@gmail.com,Minya,2024-10-22
1453,Richard,Williamson,Female,31,01123274130,richard.williamson794@hotmail.com,Cairo,2025-02-05
1454,Daniel,Best,Female,50,01596131888,daniel.best459@outlook.com,Ismailia,2024-03-14
1455,Ann,Jones,Female,39,01157047988,ann.jones428@gmail.com,Assiut,2025-08-24
1456,Katherine,Proctor,Male,41,01221241553,katherine.proctor406@outlook.com,Cairo,2024-08-15
1457,Olivia,Gomez,Male,20,01267470826,olivia.gomez448@outlook.com,Cairo,2025-01-27
1458,Erica,Lawrence,Male,39,01005174798,erica.lawrence706@yahoo.com,Giza,2025-05-22
1459,Michelle,Jordan,Female,59,01120907598,michelle.jordan87@hotmail.com,Zagazig,2025-11-05
1460,Sarah,Wright,Female,39,01109824074,sarah.wright572@gmail.com,Alexandria,2026-07-05
1461,Ruben,Kennedy,Female,24,01132561697,ruben.kennedy204@yahoo.com,Giza,2026-07-08
1462,Austin,Frazier,Female,24,01121910029,austin.frazier730@hotmail.com,Cairo,2026-06-28
1463,Bailey,Bray,Male,54,01251481880,bailey.bray734@gmail.com,Cairo,2023-07-19
1464,Amber,Gray,Male,53,01582318880,amber.gray470@outlook.com,Cairo,2026-07-08
1465,Jill,Myers,Female,59,01284847982,jill.myers469@outlook.com,Giza,2024-09-20
1466,Kevin,Ward,Male,27,01157870764,kevin.ward481@yahoo.com,Cairo,2025-05-06
1467,Samantha,Fleming,Male,52,01259439892,samantha.fleming633@gmail.com,Cairo,2024-06-08
1468,April,Cook,Female,24,01066350093,april.cook169@hotmail.com,Mansoura,2025-01-22
1469,Nathan,Edwards,Male,42,01214754570,nathan.edwards528@yahoo.com,Cairo,2025-03-29
1470,Jennifer,Hines,Female,42,01172706202,jennifer.hines379@gmail.com,Alexandria,2023-11-11
1471,Kimberly,Tate,Male,36,01025030986,kimberly.tate912@outlook.com,Giza,2023-10-09
1472,Anna,Reyes,Female,23,01116566996,anna.reyes246@gmail.com,Cairo,2024-11-22
1473,Chad,Wright,Female,18,01058140548,chad.wright662@gmail.com,Zagazig,2026-01-04
1474,Dominique,Holland,Male,22,01096494952,dominique.holland459@gmail.com,Giza,2024-08-23
1475,Brandon,Oconnor,Male,46,01012251472,brandon.oconnor844@gmail.com,Cairo,2024-02-18
1476,Ethan,Mcclure,Male,56,01203843470,ethan.mcclure422@outlook.com,Mansoura,2024-04-11
1477,Elizabeth,Khan,Female,40,01064687592,elizabeth.khan97@outlook.com,Cairo,2026-01-17
1478,Don,Davis,Male,47,01230850921,don.davis477@outlook.com,Alexandria,2026-02-18
1479,Robert,Maxwell,Male,52,01577173662,robert.maxwell814@outlook.com,Assiut,2025-12-11
1480,Lori,Oneill,Male,24,01540085876,lori.oneill413@gmail.com,Sohag,2026-06-03
1481,Amanda,Duffy,Female,36,01204865519,amanda.duffy735@hotmail.com,Cairo,2025-07-15
1482,Andrew,Rodriguez,Female,53,01206836590,andrew.rodriguez820@outlook.com,Giza,2024-10-20
1483,Victoria,Leach,Male,33,01123923510,victoria.leach804@gmail.com,Minya,2023-09-11
1484,Jasmin,Peterson,Male,31,01009340205,jasmin.peterson232@yahoo.com,Tanta,2024-03-17
1485,Brian,Flores,Female,23,01023635776,brian.flores828@outlook.com,Cairo,2023-09-26
1486,Shawn,Mitchell,Female,36,01161090929,shawn.mitchell951@gmail.com,Cairo,2023-09-16
1487,Christian,Perry,Male,34,01193558528,christian.perry134@outlook.com,Cairo,2023-10-23
1488,Vanessa,Tran,Female,43,01086498660,vanessa.tran437@outlook.com,Zagazig,2024-06-25
1489,Sandra,Green,Male,53,01108694065,sandra.green173@yahoo.com,Cairo,2025-04-21
1490,Michael,Anderson,Female,26,01518279855,michael.anderson298@outlook.com,Giza,2026-04-10
1491,Lori,Gibson,Male,24,01549216965,lori.gibson963@gmail.com,Ismailia,2025-01-07
1492,Maria,Elliott,Female,42,01590429370,maria.elliott863@yahoo.com,Giza,2026-02-06
1493,Chad,Russell,Female,59,01178511654,chad.russell544@gmail.com,Alexandria,2023-12-31
1494,Andrew,Thompson,Male,49,01275699164,andrew.thompson617@hotmail.com,Ismailia,2024-10-11
1495,Mary,Hardin,Female,40,01178468427,mary.hardin117@outlook.com,Cairo,2024-12-27
1496,Kylie,Patterson,Female,55,01529187377,kylie.patterson391@gmail.com,Cairo,2026-02-23
1497,Patrick,Jacobs,Female,44,01001053466,patrick.jacobs280@yahoo.com,Giza,2023-10-31
1498,Patricia,Weber,Male,21,01282484742,patricia.weber395@hotmail.com,Giza,2025-10-21
1499,Jeremy,Lopez,Male,35,01191824668,jeremy.lopez274@hotmail.com,Cairo,2024-06-26
1500,Michael,Kelley,Female,53,01574940660,michael.kelley406@hotmail.com,Cairo,2026-07-10
1501,Joseph,Mcclain,Male,34,01587704155,joseph.mcclain61@gmail.com,Cairo,2026-05-23
1502,Brianna,Smith,Male,18,01128084001,brianna.smith522@yahoo.com,Minya,2025-07-20
1503,Ashley,Dixon,Male,19,01059224658,ashley.dixon144@outlook.com,Cairo,2026-03-30
1504,Daniel,Cochran,Male,23,01550590962,daniel.cochran138@gmail.com,Alexandria,2026-01-26
1505,Kelsey,Joseph,Female,34,01007032901,kelsey.joseph321@hotmail.com,Alexandria,2025-05-24
1506,Cody,Strickland,Male,53,01180177096,cody.strickland186@hotmail.com,Giza,2023-12-23
1507,Jackie,Tate,Male,58,01534183385,jackie.tate196@hotmail.com,Cairo,2024-03-26
1508,Heidi,Simmons,Male,31,01108751479,heidi.simmons981@gmail.com,Giza,2025-03-31
1509,Carol,Richards,Male,42,01585983942,carol.richards265@outlook.com,Cairo,2026-04-06
1510,Megan,Wilkinson,Male,45,01191642044,megan.wilkinson300@yahoo.com,Alexandria,2025-12-05
1511,David,Patterson,Male,53,01017642885,david.patterson781@outlook.com,Alexandria,2024-06-21
1512,Brian,Henry,Female,60,01212639380,brian.henry322@hotmail.com,Assiut,2025-05-20
1513,Brian,Davis,Female,59,01079192548,brian.davis304@yahoo.com,Giza,2026-05-07
1514,Nina,Cervantes,Female,58,01209814086,nina.cervantes434@outlook.com,Alexandria,2024-01-31
1515,Bailey,Cox,Female,52,01040717720,bailey.cox347@yahoo.com,Alexandria,2025-09-01
1516,Brent,Hopkins,Female,53,01583613504,brent.hopkins291@yahoo.com,Cairo,2024-07-17
1517,Jessica,Wagner,Male,23,01137045504,jessica.wagner348@yahoo.com,Sohag,2024-10-09
1518,Sandy,Frazier,Female,31,01014313780,sandy.frazier609@yahoo.com,Cairo,2025-12-29
1519,Angela,Cameron,Male,56,01111131265,angela.cameron707@gmail.com,Giza,2026-03-21
1520,Natalie,Richard,Male,27,01207166655,natalie.richard821@yahoo.com,Sohag,2024-02-03
1521,Ronald,Hampton,Female,28,01016276604,ronald.hampton454@yahoo.com,Cairo,2023-09-18
1522,Mark,Young,Female,18,01196355634,mark.young532@hotmail.com,Sohag,2023-08-26
1523,Bailey,Cowan,Female,37,01087151810,bailey.cowan349@hotmail.com,Alexandria,2024-03-12
1524,Jonathan,Riley,Female,43,01299788332,jonathan.riley921@gmail.com,Giza,2024-07-24
1525,Roberto,Garcia,Male,39,01113219751,roberto.garcia875@outlook.com,Cairo,2026-03-08
1526,Theresa,Murray,Male,53,01598008738,theresa.murray836@gmail.com,Mansoura,2026-06-22
1527,Natasha,Blair,Male,21,01099385962,natasha.blair817@outlook.com,Giza,2023-10-25
1528,Jessica,Martinez,Female,33,01549090947,jessica.martinez164@hotmail.com,Cairo,2024-01-09
1529,John,Singh,Female,35,01064029847,john.singh211@yahoo.com,Mansoura,2025-06-12
1530,Carl,Chaney,Male,54,01207477895,carl.chaney251@hotmail.com,Giza,2023-11-03
1531,Joseph,Yoder,Male,36,01507275132,joseph.yoder479@gmail.com,Cairo,2025-02-08
1532,Clayton,Brown,Female,57,01595061196,clayton.brown121@yahoo.com,Alexandria,2026-05-09
1533,Danielle,Harrell,Male,24,01214518428,danielle.harrell978@outlook.com,Cairo,2024-05-13
1534,Ralph,Andrews,Male,26,01566799315,ralph.andrews60@hotmail.com,Alexandria,2025-07-10
1535,Michelle,Freeman,Male,18,01157680768,michelle.freeman393@outlook.com,Zagazig,2024-02-24
1536,Sharon,Hunter,Female,27,01017132466,sharon.hunter806@hotmail.com,Alexandria,2026-04-25
1537,John,Mclean,Male,60,01196396539,john.mclean449@yahoo.com,Sohag,2025-01-27
1538,Kimberly,Figueroa,Male,18,01184208597,kimberly.figueroa803@outlook.com,Cairo,2024-07-29
1539,Stephanie,Li,Male,57,01010690635,stephanie.li598@outlook.com,Giza,2024-03-15
1540,Michael,Woods,Female,19,01236989596,michael.woods396@gmail.com,Mansoura,2026-06-08
1541,Suzanne,Gonzalez,Female,29,01193079038,suzanne.gonzalez905@yahoo.com,Tanta,2025-07-07
1542,Ann,Harris,Male,26,01560393103,ann.harris123@gmail.com,Alexandria,2025-03-12
1543,Danielle,Clarke,Male,51,01240222571,danielle.clarke902@hotmail.com,Alexandria,2026-04-29
1544,Laura,Bailey,Female,51,01259380459,laura.bailey249@hotmail.com,Cairo,2023-10-27
1545,David,Chandler,Male,37,01585161681,david.chandler630@hotmail.com,Cairo,2026-05-04
1546,Carmen,Thomas,Female,26,01290756036,carmen.thomas390@gmail.com,Alexandria,2025-08-12
1547,Richard,Baker,Male,19,01166923516,richard.baker519@outlook.com,Cairo,2026-07-01
1548,Christopher,Pace,Female,50,01162852687,christopher.pace855@yahoo.com,Mansoura,2025-02-26
1549,Lauren,Bishop,Female,58,01260381039,lauren.bishop470@yahoo.com,Cairo,2024-02-22
1550,Isaac,Ellis,Male,50,01076047936,isaac.ellis186@hotmail.com,Giza,2024-02-12
1551,Michelle,Taylor,Male,20,01018203712,michelle.taylor154@gmail.com,Giza,2026-02-07
1552,Robert,Stephens,Male,29,01169522581,robert.stephens209@yahoo.com,Tanta,2025-03-15
1553,Colin,Wilson,Female,38,01019178770,colin.wilson142@hotmail.com,Cairo,2025-06-17
1554,Clifford,Moore,Male,25,01563458240,clifford.moore804@hotmail.com,Cairo,2024-01-24
1555,John,Meyer,Male,49,01049505775,john.meyer63@yahoo.com,Giza,2023-12-01
1556,Barbara,Knox,Female,35,01577594837,barbara.knox433@outlook.com,Tanta,2026-06-20
1557,David,Meza,Male,30,01577802277,david.meza481@outlook.com,Ismailia,2024-01-02
1558,Jennifer,Lang,Female,58,01220394415,jennifer.lang258@gmail.com,Alexandria,2026-01-03
1559,Robert,Harper,Male,18,01132091786,robert.harper422@outlook.com,Cairo,2025-11-03
1560,Melissa,Shelton,Male,53,01101844271,melissa.shelton303@hotmail.com,Ismailia,2024-04-28
1561,Bill,Acosta,Male,28,01087184795,bill.acosta272@outlook.com,Minya,2024-04-23
1562,Stanley,Yu,Male,28,01256241937,stanley.yu110@gmail.com,Giza,2023-12-09
1563,Elizabeth,Allison,Female,25,01102819252,elizabeth.allison441@outlook.com,Tanta,2025-04-10
1564,Joseph,Foley,Male,50,01106161016,joseph.foley267@yahoo.com,Alexandria,2023-08-07
1565,Jeffrey,Parks,Male,43,01121475643,jeffrey.parks604@outlook.com,Cairo,2026-01-31
1566,Leslie,Graham,Male,27,01188984271,leslie.graham61@outlook.com,Alexandria,2025-06-23
1567,Jeremy,Weber,Female,54,01286256808,jeremy.weber415@gmail.com,Cairo,2026-03-26
1568,Michael,Ellis,Male,49,01053376252,michael.ellis384@hotmail.com,Ismailia,2024-08-25
1569,Jose,Johns,Female,23,01013512542,jose.johns974@gmail.com,Zagazig,2024-02-04
1570,Mark,Taylor,Male,46,01570315476,mark.taylor145@yahoo.com,Tanta,2026-01-03
1571,Johnathan,Martinez,Female,28,01198453522,johnathan.martinez961@yahoo.com,Zagazig,2025-04-10
1572,Michael,Green,Male,21,01024994980,michael.green636@outlook.com,Alexandria,2025-02-15
1573,Keith,Haynes,Female,35,01259726177,keith.haynes244@hotmail.com,Cairo,2026-02-02
1574,Robert,Perez,Female,39,01171924614,robert.perez972@outlook.com,Alexandria,2024-05-24
1575,Susan,Wright,Female,31,01298220640,susan.wright394@hotmail.com,Giza,2025-12-25
1576,Anna,Hensley,Female,52,01295593405,anna.hensley825@yahoo.com,Cairo,2023-10-25
1577,Christina,Sanders,Female,41,01188405360,christina.sanders862@hotmail.com,Giza,2026-06-27
1578,Audrey,Diaz,Male,27,01251329535,audrey.diaz638@outlook.com,Ismailia,2024-03-10
1579,Justin,Savage,Male,22,01128383200,justin.savage257@gmail.com,Cairo,2023-12-31
1580,Jason,Sanders,Male,28,01096546888,jason.sanders446@gmail.com,Zagazig,2024-11-24
1581,Adam,Smith,Female,42,01180516522,adam.smith596@outlook.com,Giza,2026-02-20
1582,Joy,Martinez,Male,21,01038513252,joy.martinez510@outlook.com,Giza,2025-10-16
1583,Patrick,Lewis,Male,28,01250250382,patrick.lewis913@gmail.com,Cairo,2026-03-27
1584,Sandra,Henderson,Female,44,01156950631,sandra.henderson952@outlook.com,Tanta,2025-10-07
1585,Natalie,Smith,Female,18,01175009587,natalie.smith707@yahoo.com,Alexandria,2024-11-28
1586,David,Carlson,Male,46,01158367073,david.carlson52@yahoo.com,Tanta,2023-12-23
1587,Brittany,Anderson,Male,56,01120629843,brittany.anderson586@gmail.com,Cairo,2025-08-01
1588,Aaron,Goodman,Female,24,01176066441,aaron.goodman339@outlook.com,Giza,2025-04-13
1589,Joseph,Griffin,Male,28,01544787838,joseph.griffin227@gmail.com,Giza,2026-05-02
1590,Timothy,Morgan,Female,57,01091127077,timothy.morgan827@hotmail.com,Cairo,2024-05-19
1591,Barbara,Chaney,Male,20,01139726396,barbara.chaney624@yahoo.com,Cairo,2023-09-05
1592,Regina,Wilson,Female,34,01051743333,regina.wilson807@gmail.com,Cairo,2026-06-27
1593,Felicia,Miller,Male,28,01005090473,felicia.miller773@outlook.com,Alexandria,2025-09-09
1594,Johnny,Mcconnell,Male,44,01032432944,johnny.mcconnell645@hotmail.com,Tanta,2025-10-25
1595,Heather,Reyes,Female,18,01563334719,heather.reyes445@hotmail.com,Cairo,2023-11-14
1596,Martin,White,Female,23,01122100884,martin.white687@gmail.com,Tanta,2026-06-20
1597,Albert,Gordon,Male,42,01295161667,albert.gordon33@gmail.com,Tanta,2024-04-07
1598,William,Johnson,Female,41,01565036396,william.johnson833@hotmail.com,Alexandria,2026-05-29
1599,Randall,Moreno,Male,34,01517914701,randall.moreno529@outlook.com,Cairo,2024-11-09
1600,Melissa,Saunders,Male,21,01071274976,melissa.saunders638@yahoo.com,Cairo,2023-11-20
1601,Anna,Santos,Male,33,01567741316,anna.santos393@hotmail.com,Cairo,2025-11-14
1602,Tamara,Wolfe,Female,43,01578780944,tamara.wolfe166@hotmail.com,Ismailia,2024-04-10
1603,Kylie,Hurley,Female,21,01216748716,kylie.hurley777@hotmail.com,Assiut,2026-03-06
1604,Douglas,Vargas,Female,57,01219729778,douglas.vargas958@yahoo.com,Mansoura,2025-02-24
1605,Jennifer,Ramos,Female,30,01085864050,jennifer.ramos155@outlook.com,Giza,2024-03-23
1606,Randy,Ortiz,Male,53,01269153250,randy.ortiz772@gmail.com,Giza,2025-08-02
1607,Gary,Bailey,Female,26,01018567560,gary.bailey355@outlook.com,Alexandria,2026-02-02
1608,Laurie,Sanders,Female,54,01245200486,laurie.sanders489@outlook.com,Tanta,2024-09-04
1609,Mary,Perez,Male,60,01545965024,mary.perez443@hotmail.com,Cairo,2025-03-20
1610,Thomas,Burton,Female,25,01156685371,thomas.burton5@gmail.com,Cairo,2024-04-09
1611,Aaron,Vaughn,Female,19,01167697812,aaron.vaughn257@yahoo.com,Alexandria,2023-10-19
1612,Amanda,Riley,Male,39,01040342468,amanda.riley804@outlook.com,Alexandria,2025-12-15
1613,Gabriel,Briggs,Male,44,01112762746,gabriel.briggs419@outlook.com,Giza,2024-08-16
1614,Edward,Wang,Female,21,01207468131,edward.wang620@gmail.com,Giza,2024-10-13
1615,Joseph,Lee,Male,46,01160536829,joseph.lee140@outlook.com,Cairo,2026-02-09
1616,Gabriela,Hernandez,Female,44,01276916045,gabriela.hernandez754@yahoo.com,Alexandria,2024-02-06
1617,Nathan,Lopez,Female,52,01270949792,nathan.lopez833@outlook.com,Alexandria,2025-04-19
1618,Adrian,Roberts,Female,28,01087453395,adrian.roberts244@hotmail.com,Mansoura,2024-02-16
1619,William,Lucas,Male,28,01127722024,william.lucas532@gmail.com,Giza,2025-10-14
1620,Anthony,Little,Male,55,01121534510,anthony.little562@hotmail.com,Cairo,2026-04-30
1621,Andrew,Higgins,Male,53,01513177450,andrew.higgins961@hotmail.com,Cairo,2025-08-21
1622,Veronica,Oneal,Male,35,01506509284,veronica.oneal643@hotmail.com,Cairo,2023-11-01
1623,Christine,Thomas,Female,48,01061428913,christine.thomas155@outlook.com,Giza,2024-11-03
1624,Jennifer,Martin,Female,56,01258317401,jennifer.martin596@yahoo.com,Giza,2024-10-10
1625,Helen,Boone,Male,53,01567420420,helen.boone195@outlook.com,Cairo,2023-09-18
1626,Austin,Carney,Female,23,01133624167,austin.carney527@hotmail.com,Giza,2023-08-04
1627,Alec,Andersen,Female,55,01000249416,alec.andersen585@yahoo.com,Alexandria,2025-11-19
1628,Kenneth,Pitts,Female,23,01565494909,kenneth.pitts771@hotmail.com,Giza,2024-07-15
1629,Jose,Hill,Male,29,01276378901,jose.hill480@outlook.com,Giza,2025-01-22
1630,Jesse,Fox,Male,27,01581171976,jesse.fox987@yahoo.com,Zagazig,2025-08-26
1631,Tammy,Miller,Male,48,01516808055,tammy.miller34@hotmail.com,Cairo,2024-06-30
1632,Charles,Ramos,Male,29,01128691268,charles.ramos638@hotmail.com,Sohag,2024-03-31
1633,Melanie,Young,Male,30,01199902717,melanie.young353@yahoo.com,Cairo,2026-04-15
1634,Jessica,Bell,Female,25,01272166180,jessica.bell313@hotmail.com,Giza,2023-10-28
1635,Laura,Maddox,Female,47,01001882841,laura.maddox752@gmail.com,Alexandria,2026-03-28
1636,Alex,Trevino,Female,49,01547411964,alex.trevino54@yahoo.com,Giza,2024-01-23
1637,Jacob,Brown,Female,58,01205679004,jacob.brown432@gmail.com,Zagazig,2026-03-31
1638,Christopher,Collins,Male,59,01290403028,christopher.collins436@yahoo.com,Mansoura,2024-06-14
1639,Jessica,Smith,Male,47,01022187308,jessica.smith205@outlook.com,Giza,2025-08-25
1640,Timothy,Ortiz,Male,30,01574595306,timothy.ortiz894@gmail.com,Cairo,2023-08-22
1641,James,James,Female,23,01278397721,james.james214@outlook.com,Giza,2026-04-11
1642,Sheri,Mitchell,Male,42,01025393948,sheri.mitchell153@yahoo.com,Mansoura,2026-07-08
1643,James,Rodgers,Male,22,01062209531,james.rodgers811@hotmail.com,Zagazig,2024-10-30
1644,Christopher,Moore,Male,34,01088957643,christopher.moore540@outlook.com,Giza,2024-06-24
1645,Christopher,Morris,Female,41,01082947419,christopher.morris51@outlook.com,Minya,2025-11-16
1646,Derek,West,Male,21,01276818153,derek.west23@yahoo.com,Cairo,2024-04-11
1647,Lori,Johnson,Female,58,01020887258,lori.johnson316@hotmail.com,Cairo,2024-08-15
1648,Carl,Kaiser,Male,37,01027469276,carl.kaiser884@outlook.com,Cairo,2026-05-12
1649,Lisa,Wilson,Male,37,01237370110,lisa.wilson62@yahoo.com,Giza,2026-05-19
1650,Elizabeth,Rush,Female,32,01591845876,elizabeth.rush819@outlook.com,Cairo,2026-06-09
1651,Peter,Kaufman,Male,33,01175024003,peter.kaufman156@gmail.com,Alexandria,2025-02-28
1652,Patricia,Obrien,Male,55,01112814950,patricia.obrien284@outlook.com,Tanta,2024-08-31
1653,Mackenzie,Petersen,Female,26,01192652607,mackenzie.petersen689@outlook.com,Cairo,2026-01-20
1654,Richard,Barnes,Male,58,01010121961,richard.barnes454@gmail.com,Giza,2024-10-19
1655,Michael,Wells,Male,23,01142614952,michael.wells250@outlook.com,Tanta,2025-10-25
1656,Samantha,Moore,Female,44,01031312577,samantha.moore288@gmail.com,Tanta,2024-01-12
1657,Stephen,Rivera,Male,36,01524091950,stephen.rivera773@hotmail.com,Cairo,2026-03-08
1658,Brett,Taylor,Female,39,01542093949,brett.taylor81@hotmail.com,Cairo,2026-01-29
1659,Brittany,Reyes,Male,58,01282790347,brittany.reyes863@gmail.com,Mansoura,2023-08-16
1660,Jasmine,Neal,Female,41,01048352083,jasmine.neal2@hotmail.com,Cairo,2025-08-21
1661,Brandon,Taylor,Male,28,01162608842,brandon.taylor329@hotmail.com,Cairo,2025-06-20
1662,Yolanda,Wilson,Male,47,01090331043,yolanda.wilson434@yahoo.com,Cairo,2025-10-16
1663,Bryan,Brady,Male,54,01528972217,bryan.brady513@yahoo.com,Cairo,2025-01-08
1664,Mark,Barber,Male,34,01133006317,mark.barber929@outlook.com,Cairo,2024-01-08
1665,Brian,Kim,Male,58,01132083032,brian.kim938@yahoo.com,Alexandria,2026-06-21
1666,Nicole,Rodgers,Female,50,01130089077,nicole.rodgers949@outlook.com,Alexandria,2024-11-09
1667,Scott,Brennan,Male,42,01155986808,scott.brennan789@hotmail.com,Cairo,2025-04-22
1668,Taylor,Rodgers,Female,32,01510882066,taylor.rodgers938@hotmail.com,Giza,2026-03-27
1669,Danielle,Moreno,Male,56,01118424649,danielle.moreno137@yahoo.com,Cairo,2026-05-30
1670,Christina,Martinez,Female,60,01561143662,christina.martinez303@gmail.com,Assiut,2026-02-18
1671,Peter,Johnson,Female,27,01100122171,peter.johnson415@gmail.com,Cairo,2024-05-25
1672,Timothy,Robinson,Male,57,01540525844,timothy.robinson613@yahoo.com,Alexandria,2023-10-08
1673,Stephen,Price,Female,34,01536827733,stephen.price917@gmail.com,Cairo,2025-05-25
1674,Scott,Maxwell,Male,53,01572097335,scott.maxwell759@gmail.com,Giza,2025-11-22
1675,Destiny,Nicholson,Male,47,01040923196,destiny.nicholson438@hotmail.com,Giza,2025-02-04
1676,Chris,Harper,Male,30,01594841933,chris.harper73@outlook.com,Cairo,2024-08-26
1677,Scott,Leblanc,Female,46,01155735113,scott.leblanc252@gmail.com,Alexandria,2024-12-05
1678,Molly,Lara,Female,30,01271117856,molly.lara202@yahoo.com,Mansoura,2023-09-30
1679,Brandi,Richards,Female,60,01511372973,brandi.richards824@hotmail.com,Giza,2025-04-30
1680,Anne,Garrett,Female,43,01004816906,anne.garrett440@gmail.com,Cairo,2026-01-03
1681,Steven,Meyer,Male,52,01593329102,steven.meyer182@hotmail.com,Giza,2024-12-21
1682,David,Phillips,Male,20,01576520102,david.phillips291@outlook.com,Cairo,2024-08-15
1683,Melissa,Johnston,Female,52,01139861507,melissa.johnston438@yahoo.com,Cairo,2025-01-15
1684,Sherry,Simpson,Male,54,01217396494,sherry.simpson631@hotmail.com,Ismailia,2024-11-19
1685,Alec,Washington,Male,23,01512255688,alec.washington920@yahoo.com,Cairo,2024-10-05
1686,Richard,Duran,Female,55,01559032570,richard.duran642@outlook.com,Cairo,2024-04-08
1687,Mckenzie,Moore,Male,54,01250585785,mckenzie.moore382@yahoo.com,Cairo,2025-06-07
1688,Amanda,Roberts,Male,39,01146997163,amanda.roberts525@outlook.com,Minya,2025-05-19
1689,Robin,Taylor,Male,51,01145195265,robin.taylor421@yahoo.com,Alexandria,2023-08-13
1690,Susan,Peters,Female,40,01250775477,susan.peters334@gmail.com,Alexandria,2025-01-20
1691,Matthew,Long,Male,30,01086723241,matthew.long11@gmail.com,Cairo,2026-01-03
1692,Tony,Skinner,Male,52,01266303384,tony.skinner873@gmail.com,Cairo,2023-08-24
1693,Julie,Hendrix,Female,36,01025668298,julie.hendrix91@hotmail.com,Ismailia,2024-10-20
1694,Luke,Short,Male,48,01136828740,luke.short963@gmail.com,Giza,2024-02-27
1695,Candice,Orozco,Male,24,01036476896,candice.orozco772@outlook.com,Minya,2024-04-24
1696,Nicole,Hess,Female,21,01516089812,nicole.hess107@outlook.com,Cairo,2025-09-03
1697,Joshua,Dickson,Male,24,01506431789,joshua.dickson539@yahoo.com,Cairo,2024-08-19
1698,Matthew,Matthews,Male,59,01021724735,matthew.matthews494@outlook.com,Mansoura,2024-01-09
1699,William,Coleman,Male,32,01049692603,william.coleman152@outlook.com,Alexandria,2024-11-21
1700,Michelle,Morrow,Female,45,01594985612,michelle.morrow657@hotmail.com,Giza,2023-07-28
1701,Emily,Gordon,Female,28,01141827633,emily.gordon229@yahoo.com,Alexandria,2024-03-30
1702,Wanda,Powell,Female,32,01089527397,wanda.powell452@hotmail.com,Cairo,2025-05-27
1703,Emily,Cruz,Male,48,01186429658,emily.cruz731@hotmail.com,Giza,2025-09-25
1704,Kimberly,Morris,Female,50,01127407575,kimberly.morris752@yahoo.com,Cairo,2024-10-13
1705,Benjamin,Lane,Female,40,01155336373,benjamin.lane927@yahoo.com,Cairo,2023-09-06
1706,Richard,Gonzalez,Female,56,01532758294,richard.gonzalez83@hotmail.com,Cairo,2025-08-18
1707,Timothy,Watson,Male,39,01088719365,timothy.watson409@gmail.com,Alexandria,2024-08-30
1708,Patricia,Leonard,Female,57,01179859508,patricia.leonard850@yahoo.com,Mansoura,2024-05-17
1709,Robert,Adams,Female,41,01260086497,robert.adams333@outlook.com,Mansoura,2025-02-18
1710,Rachael,Petersen,Male,24,01550004307,rachael.petersen578@hotmail.com,Giza,2026-01-09
1711,Daniel,Hill,Female,49,01041684780,daniel.hill447@gmail.com,Giza,2026-06-14
1712,Kimberly,Williams,Female,42,01049510737,kimberly.williams299@hotmail.com,Cairo,2024-01-27
1713,Gary,Rodriguez,Male,23,01026935549,gary.rodriguez164@gmail.com,Ismailia,2023-10-03
1714,Sydney,Hamilton,Female,58,01067529030,sydney.hamilton983@gmail.com,Cairo,2026-04-28
1715,James,Collins,Male,19,01577759527,james.collins450@hotmail.com,Alexandria,2025-12-08
1716,William,Owens,Male,55,01161862415,william.owens43@hotmail.com,Cairo,2026-01-27
1717,William,Hernandez,Male,44,01123974774,william.hernandez603@gmail.com,Alexandria,2023-12-07
1718,Jordan,Cooper,Female,26,01293361010,jordan.cooper132@yahoo.com,Alexandria,2026-01-05
1719,Scott,Bell,Female,20,01169330098,scott.bell774@hotmail.com,Zagazig,2025-06-01
1720,Matthew,Gibbs,Male,43,01058719133,matthew.gibbs262@gmail.com,Cairo,2024-12-27
1721,Jon,Joseph,Female,59,01511642816,jon.joseph746@hotmail.com,Cairo,2024-10-09
1722,Joshua,Mora,Female,32,01089290223,joshua.mora801@gmail.com,Cairo,2025-04-09
1723,David,Snyder,Male,18,01082318270,david.snyder87@yahoo.com,Cairo,2025-05-30
1724,Alicia,Holt,Female,22,01095131908,alicia.holt879@gmail.com,Assiut,2025-11-17
1725,Caitlin,Davis,Male,29,01165008914,caitlin.davis327@hotmail.com,Mansoura,2023-11-12
1726,Jeremy,Webb,Male,49,01198695027,jeremy.webb85@gmail.com,Giza,2024-02-04
1727,Matthew,Smith,Female,45,01166742856,matthew.smith685@gmail.com,Zagazig,2023-11-17
1728,Chad,Dixon,Male,55,01258594365,chad.dixon981@gmail.com,Cairo,2025-09-20
1729,Stacy,Reid,Male,20,01128820722,stacy.reid401@gmail.com,Alexandria,2024-01-03
1730,Randy,Terrell,Male,58,01198370599,randy.terrell359@gmail.com,Alexandria,2023-11-26
1731,Mark,Blair,Female,60,01066541387,mark.blair984@gmail.com,Cairo,2026-06-02
1732,Amanda,Burns,Male,20,01514509905,amanda.burns7@gmail.com,Assiut,2025-04-26
1733,David,Smith,Male,44,01090895386,david.smith425@hotmail.com,Giza,2024-11-12
1734,Kevin,Burns,Female,27,01055261810,kevin.burns765@yahoo.com,Giza,2025-04-05
1735,Richard,Glass,Male,37,01593062311,richard.glass629@yahoo.com,Mansoura,2024-12-05
1736,Steven,Matthews,Female,57,01147835051,steven.matthews416@yahoo.com,Minya,2025-07-23
1737,Chad,Melendez,Female,29,01103382978,chad.melendez564@yahoo.com,Minya,2023-08-10
1738,Lisa,Gordon,Male,56,01516313295,lisa.gordon886@hotmail.com,Giza,2025-03-10
1739,Kimberly,Harris,Female,55,01087015623,kimberly.harris888@hotmail.com,Cairo,2024-05-31
1740,John,Johnson,Female,39,01538974458,john.johnson543@gmail.com,Giza,2024-02-21
1741,Lisa,Garcia,Male,26,01555740176,lisa.garcia395@gmail.com,Giza,2023-07-27
1742,Laura,Moore,Male,52,01147311676,laura.moore464@outlook.com,Cairo,2024-06-26
1743,Karen,Burton,Male,49,01150954525,karen.burton291@hotmail.com,Cairo,2023-10-08
1744,Cynthia,Wagner,Male,24,01018424719,cynthia.wagner60@hotmail.com,Mansoura,2024-04-13
1745,Lauren,Schneider,Female,18,01510889320,lauren.schneider95@yahoo.com,Giza,2025-02-10
1746,Benjamin,Delgado,Female,60,01044893281,benjamin.delgado341@hotmail.com,Giza,2024-10-25
1747,Adam,Anderson,Female,60,01122060943,adam.anderson155@gmail.com,Giza,2025-09-16
1748,Kevin,Martinez,Female,45,01029078323,kevin.martinez345@outlook.com,Giza,2025-01-04
1749,Brittany,Brady,Male,51,01056576465,brittany.brady894@yahoo.com,Cairo,2024-01-08
1750,Javier,Clark,Male,45,01546823372,javier.clark199@hotmail.com,Giza,2025-11-03
1751,Joshua,Ballard,Male,48,01019524686,joshua.ballard22@gmail.com,Tanta,2024-08-26
1752,Audrey,Smith,Male,53,01080941548,audrey.smith354@outlook.com,Alexandria,2024-07-12
1753,Marcus,Davis,Female,41,01588862303,marcus.davis615@hotmail.com,Cairo,2025-06-14
1754,Dawn,Salazar,Female,41,01260250171,dawn.salazar898@hotmail.com,Cairo,2024-01-30
1755,Meredith,Miller,Female,22,01289926945,meredith.miller284@yahoo.com,Cairo,2024-12-08
1756,Regina,Hodges,Female,24,01529589734,regina.hodges116@gmail.com,Cairo,2024-01-04
1757,Sheila,Moore,Female,38,01533861438,sheila.moore108@yahoo.com,Giza,2024-05-27
1758,William,Sanchez,Female,58,01079917061,william.sanchez941@gmail.com,Mansoura,2023-11-22
1759,Janet,Everett,Female,36,01124784993,janet.everett733@outlook.com,Giza,2024-12-01
1760,Micheal,Benton,Male,41,01190385132,micheal.benton840@hotmail.com,Giza,2026-02-09
1761,Steven,Hartman,Male,42,01163404247,steven.hartman383@yahoo.com,Cairo,2024-07-20
1762,Ronald,Cox,Female,32,01525349329,ronald.cox260@yahoo.com,Alexandria,2024-06-24
1763,Miguel,Richardson,Male,48,01035693419,miguel.richardson226@hotmail.com,Alexandria,2023-07-20
1764,Michael,Lewis,Male,37,01066129128,michael.lewis632@yahoo.com,Cairo,2025-02-03
1765,Wesley,Scott,Female,40,01286696755,wesley.scott126@hotmail.com,Giza,2026-01-28
1766,Jason,Pena,Male,24,01521796345,jason.pena314@hotmail.com,Zagazig,2025-02-17
1767,Kevin,Hurst,Female,42,01058794879,kevin.hurst662@yahoo.com,Giza,2025-01-27
1768,Rebecca,Reynolds,Male,43,01098135472,rebecca.reynolds131@yahoo.com,Tanta,2025-11-11
1769,Katie,King,Male,54,01523681866,katie.king855@outlook.com,Cairo,2025-11-11
1770,Anthony,Thompson,Male,58,01559942379,anthony.thompson376@hotmail.com,Alexandria,2026-06-17
1771,Darin,Grant,Male,30,01164327059,darin.grant285@outlook.com,Alexandria,2026-07-02
1772,Ashlee,Hunter,Male,30,01240663088,ashlee.hunter702@yahoo.com,Cairo,2023-07-26
1773,Michael,Solomon,Female,49,01108611542,michael.solomon94@hotmail.com,Cairo,2023-12-15
1774,Nicholas,Gardner,Male,55,01207884337,nicholas.gardner81@gmail.com,Cairo,2025-11-29
1775,Meagan,Bell,Female,60,01182408263,meagan.bell734@outlook.com,Cairo,2025-07-02
1776,Melinda,Cobb,Male,38,01521706968,melinda.cobb916@yahoo.com,Zagazig,2024-07-15
1777,Kimberly,Kelley,Female,60,01204945215,kimberly.kelley769@outlook.com,Zagazig,2023-12-04
1778,Amanda,Carter,Female,49,01171017711,amanda.carter753@outlook.com,Giza,2025-05-05
1779,Rebecca,Myers,Female,22,01524804862,rebecca.myers725@hotmail.com,Giza,2023-11-01
1780,Justin,Young,Male,56,01594630685,justin.young865@gmail.com,Alexandria,2024-08-18
1781,Daniel,Moses,Male,51,01054035793,daniel.moses733@hotmail.com,Tanta,2026-01-04
1782,Raven,Rogers,Male,45,01283829884,raven.rogers258@yahoo.com,Cairo,2023-08-18
1783,John,Green,Male,60,01070482536,john.green912@gmail.com,Zagazig,2026-05-21
1784,John,Smith,Female,59,01117251873,john.smith631@hotmail.com,Cairo,2025-08-02
1785,Tyler,Collins,Male,18,01085367849,tyler.collins579@gmail.com,Zagazig,2024-10-12
1786,Tony,Cooper,Female,54,01113079820,tony.cooper593@hotmail.com,Alexandria,2025-08-05
1787,John,Leonard,Female,50,01574743310,john.leonard982@outlook.com,Cairo,2024-02-17
1788,Katherine,Moore,Female,56,01161150525,katherine.moore863@hotmail.com,Cairo,2025-12-22
1789,Kimberly,Herman,Male,42,01061073480,kimberly.herman779@gmail.com,Cairo,2026-07-06
1790,Patrick,Bennett,Female,40,01077359387,patrick.bennett385@hotmail.com,Sohag,2024-01-07
1791,Cynthia,Hamilton,Female,53,01507757977,cynthia.hamilton861@gmail.com,Cairo,2024-06-16
1792,Juan,Huynh,Male,37,01259891978,juan.huynh250@gmail.com,Alexandria,2024-08-02
1793,Christy,Garcia,Female,38,01039445156,christy.garcia160@gmail.com,Giza,2025-12-02
1794,Shane,Macias,Female,35,01277563646,shane.macias872@outlook.com,Alexandria,2025-11-22
1795,Melinda,Combs,Female,34,01543034707,melinda.combs248@gmail.com,Giza,2024-06-03
1796,Debbie,Shaw,Male,26,01575585760,debbie.shaw500@gmail.com,Cairo,2024-02-19
1797,Amy,Davis,Male,50,01563197153,amy.davis215@outlook.com,Cairo,2024-06-06
1798,Jennifer,Lee,Female,42,01130594320,jennifer.lee154@hotmail.com,Cairo,2024-07-30
1799,Daniel,Duran,Female,19,01140693004,daniel.duran5@yahoo.com,Alexandria,2025-10-16
1800,Shelly,Reyes,Female,60,01512657634,shelly.reyes643@gmail.com,Giza,2024-11-06
1801,Sarah,Valdez,Female,29,01579019972,sarah.valdez749@outlook.com,Cairo,2025-01-03
1802,Matthew,Baldwin,Male,44,01236255043,matthew.baldwin97@yahoo.com,Minya,2023-11-23
1803,Bethany,Brooks,Female,53,01149241616,bethany.brooks59@gmail.com,Cairo,2024-07-15
1804,Debra,Thomas,Female,48,01158846083,debra.thomas169@hotmail.com,Cairo,2023-11-30
1805,Jessica,Bailey,Female,57,01062523344,jessica.bailey8@hotmail.com,Cairo,2024-11-19
1806,Kristen,Young,Male,31,01131582527,kristen.young523@hotmail.com,Cairo,2024-12-25
1807,Julie,Shepard,Male,31,01263567883,julie.shepard638@gmail.com,Alexandria,2026-03-13
1808,Vanessa,Kaufman,Male,43,01586437452,vanessa.kaufman280@outlook.com,Alexandria,2024-05-25
1809,Gregory,Turner,Male,40,01125772669,gregory.turner426@yahoo.com,Mansoura,2024-03-27
1810,Catherine,Hubbard,Male,32,01517954353,catherine.hubbard569@outlook.com,Cairo,2026-01-10
1811,Caitlin,Murphy,Female,28,01524887853,caitlin.murphy318@outlook.com,Alexandria,2025-01-17
1812,Jason,Horn,Male,31,01597024220,jason.horn385@gmail.com,Giza,2026-06-12
1813,Elizabeth,Lozano,Male,24,01524585938,elizabeth.lozano135@hotmail.com,Alexandria,2024-01-11
1814,Miguel,Gonzalez,Male,34,01297783031,miguel.gonzalez256@gmail.com,Assiut,2025-08-10
1815,Timothy,Scott,Female,55,01115438561,timothy.scott278@outlook.com,Cairo,2026-04-29
1816,Patricia,Smith,Female,45,01546747140,patricia.smith256@gmail.com,Giza,2025-05-16
1817,Thomas,Brown,Female,31,01058237300,thomas.brown684@hotmail.com,Mansoura,2024-10-13
1818,Joy,Kim,Female,56,01284957667,joy.kim134@yahoo.com,Alexandria,2025-10-17
1819,Patrick,Sims,Female,36,01091666995,patrick.sims903@hotmail.com,Tanta,2025-12-14
1820,Hannah,Robbins,Male,25,01198176385,hannah.robbins522@outlook.com,Cairo,2024-12-14
1821,Alexa,Livingston,Female,20,01222548577,alexa.livingston216@outlook.com,Cairo,2024-03-23
1822,Abigail,Garrett,Male,45,01102005961,abigail.garrett711@outlook.com,Cairo,2025-04-06
1823,Frank,Jenkins,Male,51,01501870726,frank.jenkins403@outlook.com,Mansoura,2025-09-16
1824,Raymond,Hall,Female,45,01238605621,raymond.hall148@outlook.com,Sohag,2023-09-21
1825,Megan,Carr,Female,38,01566659244,megan.carr322@hotmail.com,Cairo,2025-09-25
1826,Kayla,Fernandez,Male,31,01294533058,kayla.fernandez373@gmail.com,Cairo,2025-06-12
1827,Jon,Cardenas,Female,33,01246622875,jon.cardenas821@hotmail.com,Tanta,2023-08-07
1828,Vincent,Taylor,Male,40,01266229157,vincent.taylor773@yahoo.com,Alexandria,2025-07-09
1829,Steven,Horton,Female,37,01563087629,steven.horton263@yahoo.com,Giza,2025-11-04
1830,Donald,Gardner,Male,44,01597569487,donald.gardner233@yahoo.com,Cairo,2025-07-02
1831,Nathan,Crane,Male,55,01592292930,nathan.crane2@yahoo.com,Cairo,2025-07-15
1832,Jose,Wheeler,Male,24,01263914446,jose.wheeler394@gmail.com,Cairo,2024-02-07
1833,Lindsey,Perkins,Male,25,01170257387,lindsey.perkins804@gmail.com,Cairo,2026-05-11
1834,Catherine,Burton,Female,54,01518447526,catherine.burton164@yahoo.com,Assiut,2024-02-10
1835,Michelle,Rose,Male,26,01110520304,michelle.rose436@gmail.com,Minya,2023-08-05
1836,Amanda,Howard,Female,24,01181246215,amanda.howard251@outlook.com,Ismailia,2024-01-28
1837,John,Hunt,Female,45,01555798581,john.hunt320@outlook.com,Cairo,2026-05-19
1838,Paul,Gomez,Male,32,01534931909,paul.gomez158@gmail.com,Zagazig,2023-09-07
1839,Mark,Johnson,Female,55,01252055301,mark.johnson522@hotmail.com,Mansoura,2023-08-21
1840,Leah,Lawson,Female,33,01290546236,leah.lawson132@gmail.com,Cairo,2024-10-28
1841,Taylor,Reynolds,Female,34,01098016348,taylor.reynolds391@yahoo.com,Alexandria,2025-10-16
1842,Justin,Wilson,Female,45,01063909790,justin.wilson137@gmail.com,Mansoura,2025-01-18
1843,Brendan,Benson,Male,23,01169700744,brendan.benson515@yahoo.com,Giza,2025-02-17
1844,Courtney,Johnson,Male,57,01502647193,courtney.johnson765@gmail.com,Cairo,2024-04-19
1845,Terry,Matthews,Male,47,01083659708,terry.matthews47@yahoo.com,Cairo,2024-01-03
1846,Troy,Bishop,Male,27,01011610637,troy.bishop154@hotmail.com,Cairo,2025-03-27
1847,Matthew,Hawkins,Male,37,01062905276,matthew.hawkins812@yahoo.com,Giza,2025-08-30
1848,Linda,Valdez,Female,33,01032460876,linda.valdez941@gmail.com,Giza,2026-07-10
1849,Elizabeth,Robles,Female,58,01256927596,elizabeth.robles178@gmail.com,Cairo,2023-08-16
1850,James,Sutton,Male,34,01016918636,james.sutton321@outlook.com,Cairo,2025-12-02
1851,Amanda,Nelson,Male,53,01250758370,amanda.nelson376@hotmail.com,Tanta,2023-10-21
1852,Mark,George,Female,34,01584482124,mark.george946@outlook.com,Giza,2025-05-05
1853,Wayne,Simpson,Male,40,01523650343,wayne.simpson881@gmail.com,Giza,2026-01-08
1854,Michelle,Smith,Female,58,01208698107,michelle.smith571@hotmail.com,Tanta,2024-12-21
1855,Melissa,Thompson,Male,18,01082767145,melissa.thompson903@outlook.com,Mansoura,2025-08-11
1856,Douglas,Camacho,Female,45,01062235828,douglas.camacho687@hotmail.com,Assiut,2023-10-14
1857,Cody,Beck,Female,43,01089356510,cody.beck323@outlook.com,Assiut,2024-04-03
1858,Kim,Williams,Male,42,01528696774,kim.williams119@outlook.com,Giza,2025-11-24
1859,Sean,Cooper,Female,55,01221150377,sean.cooper616@hotmail.com,Cairo,2025-12-05
1860,Wendy,Byrd,Female,18,01282518053,wendy.byrd157@outlook.com,Cairo,2024-06-08
1861,Alicia,Nguyen,Female,22,01275154969,alicia.nguyen976@hotmail.com,Minya,2023-09-29
1862,Daniel,Williams,Female,50,01531626982,daniel.williams606@gmail.com,Cairo,2023-08-07
1863,Robert,Hernandez,Female,43,01159897025,robert.hernandez992@gmail.com,Giza,2025-04-22
1864,Raymond,Ortiz,Female,54,01258595159,raymond.ortiz662@yahoo.com,Giza,2023-11-26
1865,Mary,Murphy,Male,44,01264535070,mary.murphy438@hotmail.com,Cairo,2026-04-09
1866,Darrell,Li,Female,59,01594482966,darrell.li46@outlook.com,Giza,2023-11-23
1867,Eric,Grant,Female,37,01540426701,eric.grant820@yahoo.com,Giza,2023-10-07
1868,Michelle,Dean,Female,54,01176936030,michelle.dean343@gmail.com,Alexandria,2026-01-28
1869,Richard,Brock,Male,18,01186769644,richard.brock453@outlook.com,Giza,2026-02-15
1870,Ruben,Evans,Male,59,01078693982,ruben.evans705@gmail.com,Alexandria,2024-05-07
1871,Kevin,Brown,Female,37,01050933342,kevin.brown392@gmail.com,Cairo,2026-04-17
1872,Shirley,Tran,Male,44,01514617655,shirley.tran870@hotmail.com,Giza,2025-07-12
1873,Amy,Kerr,Male,44,01049420451,amy.kerr638@gmail.com,Alexandria,2026-06-21
1874,Jamie,Wells,Female,39,01074632413,jamie.wells437@hotmail.com,Mansoura,2025-07-05
1875,Daisy,Bradley,Female,31,01182096367,daisy.bradley100@yahoo.com,Cairo,2024-12-06
1876,Daniel,Jacobson,Male,30,01022639779,daniel.jacobson764@gmail.com,Cairo,2025-03-31
1877,Caroline,Hayes,Female,52,01135315896,caroline.hayes417@yahoo.com,Alexandria,2023-10-19
1878,Karen,Hendrix,Male,30,01279900175,karen.hendrix532@yahoo.com,Cairo,2025-10-11
1879,Christopher,Smith,Male,53,01205490544,christopher.smith797@gmail.com,Cairo,2023-12-09
1880,Michelle,Flowers,Male,53,01240918687,michelle.flowers587@gmail.com,Tanta,2023-09-18
1881,Ricardo,Roberts,Male,39,01150512496,ricardo.roberts861@hotmail.com,Alexandria,2025-04-29
1882,Carl,Anderson,Male,27,01139523650,carl.anderson271@gmail.com,Alexandria,2024-10-24
1883,Patrick,Palmer,Female,29,01149668643,patrick.palmer673@outlook.com,Giza,2024-10-13
1884,Christopher,Smith,Male,19,01009115590,christopher.smith621@hotmail.com,Tanta,2025-03-13
1885,Kimberly,Martinez,Female,21,01260328658,kimberly.martinez358@gmail.com,Minya,2026-05-03
1886,Catherine,Ho,Male,37,01030649333,catherine.ho716@outlook.com,Cairo,2024-04-12
1887,Linda,Crawford,Male,20,01582847770,linda.crawford685@hotmail.com,Giza,2025-10-05
1888,Lauren,Harris,Male,55,01025642324,lauren.harris204@outlook.com,Mansoura,2025-01-21
1889,Adam,Lynch,Female,53,01559212927,adam.lynch284@hotmail.com,Alexandria,2025-04-12
1890,Donald,Rodriguez,Female,36,01582151282,donald.rodriguez881@hotmail.com,Tanta,2025-08-13
1891,Jacqueline,Hester,Female,54,01266606380,jacqueline.hester706@hotmail.com,Giza,2025-04-16
1892,Austin,Miller,Female,26,01166259734,austin.miller966@yahoo.com,Cairo,2024-02-11
1893,Amber,Harrington,Female,56,01552367533,amber.harrington93@gmail.com,Cairo,2025-01-19
1894,Lisa,Morales,Female,38,01205779418,lisa.morales172@outlook.com,Cairo,2025-12-19
1895,Pamela,Oneal,Male,24,01053601900,pamela.oneal90@yahoo.com,Sohag,2026-06-25
1896,Derek,Thomas,Female,44,01183468389,derek.thomas360@gmail.com,Cairo,2026-04-04
1897,April,Holt,Male,42,01028064846,april.holt735@outlook.com,Cairo,2026-05-28
1898,Samantha,Evans,Female,52,01566662707,samantha.evans727@hotmail.com,Tanta,2023-11-15
1899,Jose,Brown,Female,42,01197530040,jose.brown294@outlook.com,Tanta,2023-11-13
1900,Whitney,Johnson,Male,40,01568560058,whitney.johnson486@hotmail.com,Giza,2024-12-09
1901,Angela,Welch,Male,20,01119188202,angela.welch649@hotmail.com,Mansoura,2025-09-17
1902,Mary,Fry,Male,26,01535834405,mary.fry428@hotmail.com,Alexandria,2025-01-14
1903,Deborah,Rodriguez,Female,37,01189387858,deborah.rodriguez34@gmail.com,Minya,2023-07-17
1904,Renee,Pitts,Female,41,01005599126,renee.pitts863@outlook.com,Cairo,2024-10-28
1905,Daniel,Curtis,Female,43,01255252053,daniel.curtis521@yahoo.com,Zagazig,2025-01-31
1906,Anthony,Arnold,Male,46,01222969912,anthony.arnold793@gmail.com,Giza,2025-07-17
1907,Jennifer,Acosta,Female,46,01526013883,jennifer.acosta331@gmail.com,Cairo,2024-04-16
1908,Laura,Butler,Male,22,01114033573,laura.butler257@outlook.com,Alexandria,2025-07-31
1909,Stephanie,Werner,Male,43,01075573802,stephanie.werner644@hotmail.com,Cairo,2024-11-10
1910,Douglas,Franco,Female,58,01234053917,douglas.franco103@gmail.com,Sohag,2025-12-22
1911,Michael,Brown,Female,27,01197875174,michael.brown721@gmail.com,Tanta,2026-06-18
1912,Sarah,Wilson,Male,46,01136568939,sarah.wilson165@gmail.com,Cairo,2026-04-03
1913,Amber,Spencer,Female,33,01078661203,amber.spencer393@gmail.com,Cairo,2024-11-04
1914,Cathy,Stevens,Male,52,01094440289,cathy.stevens955@gmail.com,Alexandria,2024-07-29
1915,Ruth,Payne,Male,23,01111145460,ruth.payne632@hotmail.com,Cairo,2026-06-04
1916,Kimberly,Diaz,Female,59,01253103917,kimberly.diaz601@outlook.com,Minya,2025-01-30
1917,Michele,Robbins,Female,46,01125172390,michele.robbins574@hotmail.com,Sohag,2024-08-01
1918,Dennis,Miller,Male,34,01060056198,dennis.miller34@gmail.com,Giza,2024-11-16
1919,Jacqueline,Le,Male,55,01195153255,jacqueline.le503@yahoo.com,Cairo,2026-05-10
1920,Tamara,Torres,Female,18,01185728921,tamara.torres891@yahoo.com,Alexandria,2024-02-06
1921,William,West,Female,45,01163016458,william.west99@gmail.com,Cairo,2024-03-25
1922,Kathleen,Stone,Female,19,01523597197,kathleen.stone990@yahoo.com,Cairo,2025-11-02
1923,Stephanie,Mata,Male,49,01051479884,stephanie.mata516@gmail.com,Giza,2025-09-07
1924,John,Anderson,Female,24,01594242863,john.anderson825@outlook.com,Ismailia,2023-08-26
1925,Jacob,James,Female,26,01582374137,jacob.james455@gmail.com,Giza,2023-11-02
1926,Stephanie,Ortiz,Male,60,01594001265,stephanie.ortiz78@hotmail.com,Zagazig,2025-09-18
1927,Alexis,Foster,Male,42,01599731169,alexis.foster778@gmail.com,Giza,2025-06-29
1928,William,Smith,Male,20,01177920058,william.smith242@hotmail.com,Cairo,2025-09-01
1929,Richard,Morris,Male,25,01057057215,richard.morris437@gmail.com,Sohag,2026-01-31
1930,Lisa,Klein,Male,34,01548631557,lisa.klein465@yahoo.com,Ismailia,2026-02-25
1931,Christopher,Aguilar,Female,19,01230814750,christopher.aguilar540@outlook.com,Cairo,2023-11-15
1932,Michelle,Garrett,Female,58,01556181821,michelle.garrett233@outlook.com,Cairo,2026-06-26
1933,Tiffany,Brown,Male,40,01004032689,tiffany.brown446@gmail.com,Cairo,2025-12-05
1934,Pam,Leach,Female,33,01053778680,pam.leach630@hotmail.com,Zagazig,2025-04-10
1935,Mariah,Sexton,Female,52,01033950579,mariah.sexton849@gmail.com,Cairo,2025-05-05
1936,Barbara,Donaldson,Male,23,01093213595,barbara.donaldson922@outlook.com,Cairo,2026-07-02
1937,Christopher,Palmer,Male,26,01005817104,christopher.palmer444@outlook.com,Giza,2023-10-17
1938,Brandon,Anderson,Female,28,01128859192,brandon.anderson726@gmail.com,Cairo,2024-01-16
1939,Joel,Clark,Female,50,01224915692,joel.clark415@gmail.com,Cairo,2024-07-17
1940,Nicholas,Ochoa,Male,44,01088847914,nicholas.ochoa497@yahoo.com,Giza,2026-05-09
1941,Jesse,Salazar,Male,45,01509214148,jesse.salazar425@outlook.com,Tanta,2025-10-03
1942,David,Johnson,Male,18,01595344591,david.johnson314@hotmail.com,Alexandria,2023-08-26
1943,Tami,Archer,Female,26,01575104028,tami.archer262@gmail.com,Cairo,2025-11-03
1944,Joseph,Padilla,Female,26,01197296104,joseph.padilla123@yahoo.com,Alexandria,2025-02-17
1945,Wendy,Mosley,Male,51,01297286828,wendy.mosley506@gmail.com,Cairo,2024-09-17
1946,Christopher,Lucero,Female,49,01528012487,christopher.lucero363@gmail.com,Cairo,2025-06-05
1947,Sarah,Stewart,Female,49,01520503693,sarah.stewart743@outlook.com,Mansoura,2024-08-15
1948,Paul,Ward,Male,26,01593195349,paul.ward526@gmail.com,Tanta,2023-12-12
1949,Anna,Collins,Male,24,01256160178,anna.collins725@hotmail.com,Mansoura,2025-05-28
1950,Shawn,Gordon,Male,22,01181543202,shawn.gordon165@gmail.com,Cairo,2024-09-04
1951,Matthew,Shepherd,Male,51,01101931902,matthew.shepherd561@outlook.com,Cairo,2025-12-10
1952,Tony,Bishop,Female,40,01116613199,tony.bishop263@yahoo.com,Tanta,2024-03-21
1953,Barbara,Melton,Female,28,01504653004,barbara.melton13@gmail.com,Cairo,2025-05-28
1954,Paul,Mercer,Female,41,01235016758,paul.mercer586@gmail.com,Tanta,2025-06-22
1955,Heather,Robbins,Female,58,01179920110,heather.robbins383@hotmail.com,Minya,2025-01-07
1956,Donald,Harris,Female,21,01008899938,donald.harris599@hotmail.com,Cairo,2026-03-17
1957,Philip,Moore,Male,49,01235796348,philip.moore690@outlook.com,Giza,2023-08-24
1958,Carolyn,Camacho,Male,36,01060436966,carolyn.camacho174@hotmail.com,Mansoura,2023-11-06
1959,Adrian,Torres,Female,28,01001390861,adrian.torres938@hotmail.com,Cairo,2023-07-28
1960,John,Fowler,Female,45,01574264538,john.fowler282@gmail.com,Cairo,2025-09-11
1961,Randy,Short,Female,22,01228665773,randy.short443@gmail.com,Assiut,2026-06-05
1962,Nicole,King,Male,33,01239073316,nicole.king123@outlook.com,Mansoura,2025-07-28
1963,Jennifer,Stephens,Female,47,01045852383,jennifer.stephens419@outlook.com,Giza,2024-10-18
1964,Lori,Petersen,Male,27,01108283061,lori.petersen871@gmail.com,Zagazig,2024-06-01
1965,Erika,Flores,Male,54,01508433093,erika.flores427@yahoo.com,Giza,2025-07-17
1966,Jesus,Andrade,Female,34,01236277924,jesus.andrade326@outlook.com,Alexandria,2025-11-29
1967,Vincent,Thomas,Female,53,01125211614,vincent.thomas24@gmail.com,Cairo,2025-12-16
1968,Hannah,Lucas,Female,30,01204517909,hannah.lucas605@outlook.com,Assiut,2025-03-10
1969,Lisa,Johns,Female,45,01560455825,lisa.johns472@outlook.com,Giza,2025-07-29
1970,Anthony,Obrien,Male,53,01521606873,anthony.obrien535@hotmail.com,Cairo,2025-02-27
1971,Dwayne,Torres,Female,36,01173831310,dwayne.torres871@outlook.com,Mansoura,2026-05-12
1972,Susan,Hall,Male,55,01074770014,susan.hall427@yahoo.com,Tanta,2025-06-03
1973,Cathy,Harrington,Male,39,01272172168,cathy.harrington703@outlook.com,Tanta,2023-08-10
1974,Brandy,Aguilar,Male,34,01201394447,brandy.aguilar473@outlook.com,Alexandria,2026-05-03
1975,Michelle,Murphy,Male,56,01584574294,michelle.murphy569@hotmail.com,Cairo,2024-01-28
1976,Suzanne,Frank,Male,47,01050464146,suzanne.frank554@hotmail.com,Cairo,2025-04-27
1977,William,Wilson,Female,36,01038004220,william.wilson333@gmail.com,Giza,2026-06-07
1978,Eddie,Santos,Female,18,01112175414,eddie.santos640@hotmail.com,Mansoura,2023-08-26
1979,Courtney,Williams,Female,24,01183031120,courtney.williams148@gmail.com,Ismailia,2025-12-31
1980,Bethany,Powell,Male,54,01239298120,bethany.powell122@gmail.com,Ismailia,2025-04-26
1981,Lisa,Olson,Female,36,01560954195,lisa.olson58@yahoo.com,Cairo,2024-09-02
1982,Destiny,Larson,Female,39,01226915341,destiny.larson971@gmail.com,Zagazig,2023-07-29
1983,Micheal,Hughes,Female,35,01543110409,micheal.hughes486@yahoo.com,Giza,2023-08-14
1984,Michael,Peterson,Female,58,01299212848,michael.peterson533@hotmail.com,Ismailia,2023-11-02
1985,Yolanda,Payne,Male,55,01099492860,yolanda.payne652@gmail.com,Cairo,2025-01-13
1986,Ashley,Cunningham,Male,41,01244884154,ashley.cunningham21@outlook.com,Cairo,2026-01-11
1987,Daniel,Suarez,Female,33,01500346046,daniel.suarez339@gmail.com,Mansoura,2025-09-10
1988,Linda,Watson,Male,39,01212968285,linda.watson435@yahoo.com,Cairo,2024-02-29
1989,Shawn,Jordan,Female,52,01552156457,shawn.jordan765@hotmail.com,Cairo,2024-06-11
1990,Rhonda,Griffith,Female,39,01294859401,rhonda.griffith246@yahoo.com,Cairo,2023-12-15
1991,Brianna,Grant,Female,54,01578671028,brianna.grant41@hotmail.com,Cairo,2023-11-04
1992,Benjamin,Jones,Male,42,01513396272,benjamin.jones668@hotmail.com,Giza,2025-03-05
1993,Anna,Forbes,Male,28,01153871359,anna.forbes540@yahoo.com,Zagazig,2024-07-05
1994,Christopher,Ryan,Male,18,01192692456,christopher.ryan358@yahoo.com,Mansoura,2026-04-14
1995,Michelle,Hernandez,Male,43,01248556562,michelle.hernandez282@gmail.com,Alexandria,2024-09-18
1996,Carla,Brown,Female,43,01140433918,carla.brown662@yahoo.com,Alexandria,2024-10-19
1997,Aaron,Rubio,Female,58,01243555861,aaron.rubio877@hotmail.com,Alexandria,2024-09-02
1998,Kenneth,Drake,Male,23,01115277908,kenneth.drake647@outlook.com,Mansoura,2024-01-01
1999,Troy,Smith,Female,25,01299497189,troy.smith555@hotmail.com,Cairo,2025-06-05
2000,Brittany,Alvarez,Male,30,01528616622,brittany.alvarez970@gmail.com,Cairo,2025-08-07
2001,Melanie,Young,Male,33,01534231830,melanie.young828@hotmail.com,Giza,2026-06-06
2002,Adam,Jones,Male,22,01009760674,adam.jones450@gmail.com,Mansoura,2023-12-08
2003,Judy,Johnson,Male,51,01002263051,judy.johnson271@gmail.com,Cairo,2025-09-17
2004,Victoria,Alexander,Female,44,01293938955,victoria.alexander906@gmail.com,Cairo,2025-05-15
2005,Christina,Tyler,Female,57,01235039780,christina.tyler867@gmail.com,Mansoura,2026-05-16
2006,Alicia,Frey,Female,43,01026046250,alicia.frey837@outlook.com,Cairo,2026-05-02
2007,Robert,Barrett,Male,32,01107779208,robert.barrett894@outlook.com,Tanta,2025-01-26
2008,Curtis,Snyder,Female,30,01035801427,curtis.snyder204@hotmail.com,Cairo,2024-10-12
2009,Joseph,Yoder,Female,32,01288577430,joseph.yoder79@outlook.com,Zagazig,2023-11-14
2010,Leslie,Kelly,Male,53,01290591789,leslie.kelly604@gmail.com,Ismailia,2024-02-10
2011,Edwin,Cox,Female,25,01054844349,edwin.cox895@hotmail.com,Tanta,2024-01-08
2012,Mark,Frazier,Female,29,01176377369,mark.frazier548@gmail.com,Giza,2026-02-20
2013,Anthony,Taylor,Female,41,01061762058,anthony.taylor435@hotmail.com,Alexandria,2025-05-24
2014,Christopher,Thomas,Male,36,01592119073,christopher.thomas619@yahoo.com,Mansoura,2024-10-19
2015,Julie,Anderson,Female,47,01587044212,julie.anderson453@yahoo.com,Cairo,2026-03-08
2016,Sharon,Lee,Female,32,01210806615,sharon.lee375@outlook.com,Alexandria,2025-11-09
2017,Debbie,Romero,Female,44,01015996224,debbie.romero207@yahoo.com,Tanta,2024-07-06
2018,Michael,Wallace,Female,39,01121386701,michael.wallace502@hotmail.com,Giza,2026-01-30
2019,Edward,Lopez,Male,49,01198390458,edward.lopez814@outlook.com,Giza,2024-08-25
2020,Michael,Beck,Male,54,01106728206,michael.beck648@hotmail.com,Alexandria,2026-01-10
2021,Joshua,Mckinney,Female,45,01153609206,joshua.mckinney929@yahoo.com,Cairo,2026-04-06
2022,Brett,Baker,Male,25,01578322278,brett.baker54@gmail.com,Cairo,2024-11-02
2023,Amber,Wheeler,Female,20,01085748729,amber.wheeler510@gmail.com,Zagazig,2025-11-10
2024,Micheal,Jackson,Female,46,01229861478,micheal.jackson82@yahoo.com,Giza,2025-10-26
2025,Richard,Sims,Male,47,01099494342,richard.sims834@yahoo.com,Giza,2024-05-20
2026,Scott,Mills,Male,58,01070940611,scott.mills498@gmail.com,Cairo,2026-06-04
2027,Carol,Reynolds,Female,48,01502030907,carol.reynolds203@gmail.com,Cairo,2023-09-29
2028,Emily,Turner,Female,40,01051967304,emily.turner767@hotmail.com,Cairo,2026-04-22
2029,David,Kelly,Female,40,01079836431,david.kelly536@hotmail.com,Assiut,2024-03-16
2030,Lauren,Webb,Male,26,01105768429,lauren.webb12@gmail.com,Cairo,2025-10-04
2031,Daniel,Rodriguez,Male,58,01031999659,daniel.rodriguez37@hotmail.com,Cairo,2026-05-11
2032,Nicole,Hicks,Male,26,01184945792,nicole.hicks353@yahoo.com,Cairo,2026-02-03
2033,Brandon,Thomas,Female,56,01532310663,brandon.thomas772@hotmail.com,Cairo,2026-05-21
2034,Danielle,Soto,Female,34,01582683266,danielle.soto623@hotmail.com,Giza,2025-03-20
2035,Jesse,Morris,Female,19,01050716929,jesse.morris495@outlook.com,Cairo,2024-10-02
2036,Lisa,Hill,Male,34,01052434510,lisa.hill176@outlook.com,Mansoura,2025-05-27
2037,Eric,Kim,Male,30,01237372204,eric.kim162@gmail.com,Mansoura,2026-01-03
2038,Rebecca,Lester,Male,51,01195940308,rebecca.lester804@gmail.com,Alexandria,2023-12-03
2039,Robert,Cohen,Male,20,01167149934,robert.cohen616@yahoo.com,Mansoura,2026-03-13
2040,Jacob,Lara,Male,31,01046772363,jacob.lara628@hotmail.com,Cairo,2025-11-27
2041,Katherine,Tate,Female,37,01267873403,katherine.tate746@gmail.com,Zagazig,2023-11-15
2042,Michael,Jackson,Male,33,01563008362,michael.jackson951@gmail.com,Sohag,2023-09-22
2043,Ronald,Wyatt,Male,53,01569727965,ronald.wyatt620@yahoo.com,Mansoura,2024-07-19
2044,David,Rivera,Male,45,01152496788,david.rivera983@yahoo.com,Giza,2026-04-13
2045,David,Chavez,Female,60,01260344701,david.chavez575@outlook.com,Alexandria,2025-06-06
2046,Nicholas,Ramirez,Female,49,01148093761,nicholas.ramirez51@yahoo.com,Mansoura,2026-04-02
2047,Beth,Hill,Female,50,01123537824,beth.hill334@outlook.com,Zagazig,2024-11-20
2048,Michael,Anderson,Female,39,01138885103,michael.anderson311@outlook.com,Sohag,2024-04-13
2049,Karen,King,Female,41,01296297614,karen.king482@yahoo.com,Alexandria,2025-01-31
2050,Paige,Powell,Male,37,01227615002,paige.powell810@gmail.com,Ismailia,2026-01-19
2051,Samantha,Dalton,Male,59,01209274346,samantha.dalton909@gmail.com,Mansoura,2025-09-28
2052,Whitney,Palmer,Female,21,01570656584,whitney.palmer384@gmail.com,Zagazig,2025-05-26
2053,Ana,Thomas,Male,22,01000298018,ana.thomas110@outlook.com,Cairo,2025-04-26
2054,Stephanie,Clark,Female,34,01050721814,stephanie.clark792@hotmail.com,Giza,2023-08-18
2055,Anna,Jimenez,Female,48,01287463499,anna.jimenez720@yahoo.com,Cairo,2024-04-07
2056,Samantha,Escobar,Male,55,01118764789,samantha.escobar164@outlook.com,Cairo,2025-08-31
2057,Steven,Henson,Male,29,01226620767,steven.henson866@outlook.com,Sohag,2024-10-30
2058,Craig,Miller,Female,32,01095403627,craig.miller636@yahoo.com,Cairo,2025-05-26
2059,David,White,Female,25,01260458120,david.white68@gmail.com,Zagazig,2024-07-04
2060,Veronica,Hernandez,Female,30,01200843183,veronica.hernandez484@yahoo.com,Giza,2024-02-18
2061,Patrick,Guerrero,Male,59,01573633183,patrick.guerrero328@hotmail.com,Cairo,2024-06-01
2062,James,Taylor,Female,19,01185784854,james.taylor334@gmail.com,Mansoura,2024-05-20
2063,Jennifer,Brewer,Male,60,01075758941,jennifer.brewer516@gmail.com,Giza,2025-07-12
2064,Brandi,Nichols,Female,57,01174071544,brandi.nichols935@outlook.com,Cairo,2025-05-28
2065,Thomas,Decker,Male,28,01096702490,thomas.decker443@gmail.com,Giza,2024-05-25
2066,Jennifer,Lindsey,Female,41,01123006471,jennifer.lindsey487@gmail.com,Cairo,2024-07-20
2067,Abigail,Stevens,Female,55,01059503444,abigail.stevens400@hotmail.com,Cairo,2026-01-21
2068,Ryan,Mason,Female,26,01035172088,ryan.mason821@hotmail.com,Tanta,2026-06-22
2069,James,Williams,Female,57,01107917691,james.williams592@gmail.com,Giza,2024-01-29
2070,Joseph,Smith,Male,56,01242216943,joseph.smith252@gmail.com,Cairo,2023-09-13
2071,Nicole,Miranda,Male,59,01519276366,nicole.miranda465@hotmail.com,Giza,2025-04-02
2072,David,Cooper,Male,43,01532642196,david.cooper668@gmail.com,Mansoura,2025-03-16
2073,Tammy,Alvarado,Female,22,01264631882,tammy.alvarado757@gmail.com,Giza,2025-01-06
2074,Anna,Barnes,Female,35,01520797417,anna.barnes112@gmail.com,Giza,2025-11-17
2075,Roberto,Jones,Female,22,01598556227,roberto.jones737@yahoo.com,Alexandria,2024-08-04
2076,Mary,Walker,Female,60,01018173348,mary.walker734@yahoo.com,Cairo,2024-06-02
2077,Todd,Lewis,Male,21,01542105118,todd.lewis574@hotmail.com,Cairo,2025-11-15
2078,Brenda,Patrick,Male,38,01291861339,brenda.patrick442@gmail.com,Giza,2026-07-13
2079,Joel,Hodges,Female,44,01206473135,joel.hodges700@hotmail.com,Mansoura,2026-04-28
2080,Guy,Wells,Female,22,01280494604,guy.wells986@yahoo.com,Mansoura,2026-02-15
2081,Andrew,Kirby,Female,60,01192527579,andrew.kirby254@gmail.com,Cairo,2024-09-04
2082,Jessica,Jackson,Female,46,01296023918,jessica.jackson43@hotmail.com,Alexandria,2025-11-29
2083,Kylie,Thomas,Male,37,01006641790,kylie.thomas401@outlook.com,Assiut,2024-01-21
2084,William,Stanley,Female,32,01068443000,william.stanley975@outlook.com,Cairo,2026-06-27
2085,Madeline,Green,Male,35,01273040885,madeline.green913@yahoo.com,Ismailia,2026-04-22
2086,Michael,Miller,Male,48,01506639124,michael.miller851@gmail.com,Minya,2023-12-01
2087,Deborah,Collins,Male,60,01556642582,deborah.collins394@outlook.com,Ismailia,2026-03-28
2088,Edward,Wilkins,Female,27,01295923746,edward.wilkins630@outlook.com,Cairo,2026-04-07
2089,Troy,Maxwell,Male,40,01056342026,troy.maxwell528@gmail.com,Alexandria,2026-06-17
2090,Daniel,Blanchard,Female,60,01594729610,daniel.blanchard42@outlook.com,Alexandria,2026-03-10
2091,Jacob,Campbell,Female,49,01537497273,jacob.campbell79@hotmail.com,Cairo,2026-05-13
2092,Heather,Boyd,Male,41,01561695806,heather.boyd233@outlook.com,Cairo,2024-04-21
2093,Benjamin,Roberts,Female,55,01291736618,benjamin.roberts774@outlook.com,Giza,2026-01-05
2094,Richard,Kim,Male,30,01032149060,richard.kim365@gmail.com,Cairo,2026-01-14
2095,Daniel,Walker,Female,27,01063678092,daniel.walker673@outlook.com,Cairo,2024-12-05
2096,Kristin,Davis,Female,33,01170156428,kristin.davis152@gmail.com,Assiut,2024-09-24
2097,Brian,Phillips,Female,46,01204093299,brian.phillips238@yahoo.com,Cairo,2024-03-16
2098,Jared,Brown,Male,19,01597427351,jared.brown71@yahoo.com,Cairo,2023-10-12
2099,Bryan,Wise,Female,58,01119575078,bryan.wise262@hotmail.com,Minya,2025-06-20
2100,Fernando,Scott,Male,50,01172048764,fernando.scott388@gmail.com,Ismailia,2026-05-09
2101,Wendy,Howard,Male,54,01212647311,wendy.howard780@hotmail.com,Giza,2024-01-04
2102,Jason,Higgins,Male,42,01241803549,jason.higgins76@gmail.com,Cairo,2023-07-30
2103,Sharon,Hanson,Male,35,01295526410,sharon.hanson45@yahoo.com,Giza,2025-09-01
2104,Brian,Chandler,Male,26,01560220495,brian.chandler137@hotmail.com,Giza,2023-08-02
2105,David,Hebert,Female,43,01251388182,david.hebert616@gmail.com,Zagazig,2023-08-02
2106,William,Johnson,Male,50,01249705882,william.johnson262@gmail.com,Giza,2024-09-02
2107,Diana,Gomez,Female,25,01146875590,diana.gomez451@yahoo.com,Giza,2024-11-03
2108,Frank,Singh,Female,32,01136332811,frank.singh228@hotmail.com,Alexandria,2026-03-09
2109,Megan,Brooks,Male,41,01557215050,megan.brooks791@yahoo.com,Cairo,2026-01-05
2110,Victoria,Evans,Female,56,01126017422,victoria.evans79@yahoo.com,Ismailia,2024-02-12
2111,Brett,Campbell,Male,50,01285701002,brett.campbell249@gmail.com,Ismailia,2025-10-19
2112,Tina,Brooks,Female,36,01158372626,tina.brooks44@yahoo.com,Tanta,2023-11-03
2113,Denise,Ali,Male,33,01296328521,denise.ali248@yahoo.com,Giza,2024-01-12
2114,Michael,Grant,Female,43,01031439069,michael.grant929@gmail.com,Giza,2025-07-30
2115,Morgan,Rodgers,Male,56,01083638779,morgan.rodgers679@outlook.com,Assiut,2024-05-30
2116,Yvonne,Sharp,Male,45,01244810313,yvonne.sharp34@hotmail.com,Cairo,2026-06-20
2117,Anita,King,Male,24,01044825138,anita.king641@gmail.com,Giza,2026-05-02
2118,Kara,Simpson,Male,33,01239021973,kara.simpson615@gmail.com,Tanta,2026-04-16
2119,Terry,Rodriguez,Female,41,01590669761,terry.rodriguez215@hotmail.com,Cairo,2025-01-09
2120,Sarah,Torres,Male,22,01245807308,sarah.torres42@hotmail.com,Cairo,2024-03-04
2121,Derek,Heath,Male,43,01552229270,derek.heath712@gmail.com,Alexandria,2023-07-18
2122,Kenneth,Hamilton,Female,50,01514495423,kenneth.hamilton814@hotmail.com,Giza,2023-09-13
2123,Victor,Ward,Male,50,01111932275,victor.ward249@hotmail.com,Cairo,2026-02-23
2124,Lisa,Landry,Female,21,01553220583,lisa.landry775@yahoo.com,Cairo,2024-06-28
2125,Denise,Martinez,Male,42,01512421650,denise.martinez727@hotmail.com,Alexandria,2026-05-26
2126,Elizabeth,Ray,Male,47,01074503409,elizabeth.ray91@yahoo.com,Cairo,2023-08-11
2127,Tammy,Morgan,Male,54,01514671786,tammy.morgan955@gmail.com,Giza,2025-07-11
2128,Nathaniel,Mathis,Male,47,01079496095,nathaniel.mathis88@yahoo.com,Cairo,2024-02-03
2129,Sarah,Simmons,Male,49,01236773897,sarah.simmons76@hotmail.com,Zagazig,2026-07-10
2130,Carmen,Beasley,Male,29,01585749211,carmen.beasley831@yahoo.com,Cairo,2024-05-30
2131,Robert,Mendoza,Male,49,01250309176,robert.mendoza284@hotmail.com,Zagazig,2024-02-12
2132,Chelsea,Allen,Female,43,01171955501,chelsea.allen569@yahoo.com,Tanta,2025-01-23
2133,Tanya,Campbell,Female,58,01231786794,tanya.campbell763@gmail.com,Alexandria,2024-06-01
2134,Jonathan,Espinoza,Male,36,01123405324,jonathan.espinoza148@gmail.com,Alexandria,2023-07-17
2135,James,Reilly,Male,50,01008878536,james.reilly747@outlook.com,Cairo,2026-03-09
2136,Lauren,Mcdonald,Female,19,01527569457,lauren.mcdonald587@hotmail.com,Alexandria,2025-10-13
2137,Erica,Foley,Female,30,01081201408,erica.foley572@hotmail.com,Zagazig,2023-07-16
2138,Amy,Bailey,Male,60,01570890029,amy.bailey324@gmail.com,Alexandria,2025-06-29
2139,Caleb,Jenkins,Female,33,01215936777,caleb.jenkins116@hotmail.com,Giza,2025-12-30
2140,Brittany,Castillo,Male,55,01136624011,brittany.castillo924@yahoo.com,Alexandria,2026-02-23
2141,Samuel,Lawrence,Female,53,01579699098,samuel.lawrence354@yahoo.com,Giza,2026-04-13
2142,Crystal,Farmer,Female,22,01046516284,crystal.farmer1@yahoo.com,Alexandria,2024-08-12
2143,Melissa,Parsons,Male,38,01179591987,melissa.parsons869@gmail.com,Mansoura,2024-04-16
2144,Gina,Floyd,Male,56,01061601886,gina.floyd821@outlook.com,Cairo,2023-09-03
2145,Shelley,Johnson,Female,53,01202044288,shelley.johnson37@gmail.com,Mansoura,2026-02-04
2146,Edward,Cole,Male,49,01215448906,edward.cole983@hotmail.com,Giza,2023-07-23
2147,Mitchell,Rodriguez,Male,42,01117200418,mitchell.rodriguez24@gmail.com,Cairo,2025-04-13
2148,Kevin,Jones,Female,51,01263015799,kevin.jones382@hotmail.com,Cairo,2026-07-09
2149,Andrew,Smith,Male,27,01000665743,andrew.smith572@yahoo.com,Cairo,2024-04-18
2150,Robert,Curry,Female,51,01510550090,robert.curry258@outlook.com,Cairo,2026-05-28
2151,Christine,Sims,Female,56,01205396271,christine.sims253@yahoo.com,Tanta,2026-04-22
2152,Hannah,Hale,Male,52,01261409409,hannah.hale110@outlook.com,Giza,2024-03-01
2153,John,Lynch,Female,46,01061524542,john.lynch450@hotmail.com,Mansoura,2025-03-21
2154,David,Young,Female,49,01524286099,david.young165@hotmail.com,Ismailia,2024-07-05
2155,Timothy,Bell,Male,25,01505481728,timothy.bell92@yahoo.com,Alexandria,2024-04-26
2156,Wendy,Thompson,Female,22,01293419412,wendy.thompson893@gmail.com,Cairo,2026-04-14
2157,Kristina,Guerra,Male,45,01227085636,kristina.guerra32@yahoo.com,Alexandria,2026-04-06
2158,Sarah,Harper,Male,32,01536384496,sarah.harper593@outlook.com,Cairo,2026-04-05
2159,Scott,Marshall,Male,55,01004647552,scott.marshall810@gmail.com,Cairo,2025-06-19
2160,Amanda,Moore,Male,59,01077005624,amanda.moore67@gmail.com,Tanta,2023-10-26
2161,Stephanie,Day,Female,58,01228747592,stephanie.day122@hotmail.com,Zagazig,2025-08-17
2162,Cory,Perry,Female,44,01552522317,cory.perry710@hotmail.com,Cairo,2023-12-18
2163,Vanessa,Davis,Male,30,01256316846,vanessa.davis562@hotmail.com,Cairo,2024-11-06
2164,David,Aguirre,Female,40,01029760348,david.aguirre997@yahoo.com,Ismailia,2024-08-24
2165,Zoe,Webster,Female,41,01579467440,zoe.webster727@outlook.com,Giza,2025-06-04
2166,Charles,Gates,Male,50,01239777840,charles.gates14@hotmail.com,Cairo,2023-11-08
2167,Timothy,Curry,Female,19,01257801424,timothy.curry875@yahoo.com,Giza,2025-11-27
2168,Amber,Adams,Female,26,01262272218,amber.adams771@yahoo.com,Zagazig,2026-06-10
2169,Erin,Hansen,Female,37,01208178950,erin.hansen134@outlook.com,Mansoura,2025-07-12
2170,Jessica,Carr,Male,29,01213813591,jessica.carr43@outlook.com,Cairo,2025-03-27
2171,Kenneth,Cook,Female,60,01191313807,kenneth.cook974@gmail.com,Giza,2024-06-06
2172,Tonya,Rojas,Female,39,01562533934,tonya.rojas84@gmail.com,Cairo,2026-06-24
2173,Daniel,Gentry,Female,45,01093424329,daniel.gentry301@outlook.com,Zagazig,2024-11-11
2174,Andrew,Garrett,Female,46,01222931582,andrew.garrett648@gmail.com,Cairo,2024-08-29
2175,Charles,Porter,Female,46,01145808536,charles.porter342@outlook.com,Alexandria,2026-01-16
2176,Sara,Jackson,Male,19,01501178301,sara.jackson106@hotmail.com,Giza,2024-04-04
2177,Hannah,George,Male,33,01548689931,hannah.george106@hotmail.com,Ismailia,2024-04-19
2178,William,Morales,Male,35,01161909294,william.morales771@outlook.com,Zagazig,2023-12-24
2179,Robert,Brown,Female,51,01141724971,robert.brown346@yahoo.com,Zagazig,2023-11-29
2180,Katherine,Lopez,Male,27,01520853356,katherine.lopez831@outlook.com,Cairo,2025-11-24
2181,David,Murphy,Female,23,01574274653,david.murphy819@hotmail.com,Giza,2024-06-27
2182,Mark,Mckay,Female,32,01209771404,mark.mckay504@gmail.com,Mansoura,2024-12-24
2183,Shirley,Wilson,Female,58,01007933051,shirley.wilson993@yahoo.com,Zagazig,2026-07-13
2184,Richard,Mendez,Male,50,01053536530,richard.mendez896@yahoo.com,Assiut,2024-03-08
2185,Mary,Odonnell,Male,52,01515322842,mary.odonnell5@hotmail.com,Cairo,2024-06-21
2186,Virginia,Sanchez,Female,31,01192768369,virginia.sanchez512@gmail.com,Alexandria,2024-04-22
2187,John,Morgan,Female,23,01286849776,john.morgan822@gmail.com,Mansoura,2024-07-23
2188,Thomas,Davis,Male,47,01251883695,thomas.davis720@hotmail.com,Cairo,2024-10-03
2189,Eric,Jordan,Male,28,01192938025,eric.jordan585@outlook.com,Giza,2026-02-13
2190,Samantha,Turner,Male,32,01117554083,samantha.turner324@yahoo.com,Cairo,2023-08-18
2191,Jon,Pacheco,Male,42,01259310699,jon.pacheco765@yahoo.com,Cairo,2025-12-22
2192,Tamara,Nash,Male,49,01586270040,tamara.nash64@gmail.com,Cairo,2024-07-06
2193,Michael,Robinson,Female,38,01161735131,michael.robinson523@hotmail.com,Giza,2024-09-08
2194,Amanda,Robinson,Male,45,01028308063,amanda.robinson115@gmail.com,Alexandria,2023-11-30
2195,Holly,Long,Male,56,01094248329,holly.long698@gmail.com,Alexandria,2024-11-08
2196,Leslie,Fischer,Female,47,01118969456,leslie.fischer358@outlook.com,Giza,2025-09-17
2197,Melinda,Callahan,Female,58,01077758657,melinda.callahan629@outlook.com,Giza,2026-02-10
2198,Tracey,Cook,Female,48,01542641404,tracey.cook805@gmail.com,Assiut,2026-04-12
2199,Rebecca,Roberts,Male,25,01109575772,rebecca.roberts887@yahoo.com,Cairo,2023-11-13
2200,Sabrina,Brooks,Male,30,01158643470,sabrina.brooks527@outlook.com,Giza,2023-08-25
2201,Daniel,Cherry,Male,58,01592253130,daniel.cherry346@outlook.com,Cairo,2023-10-26
2202,Kristen,Russell,Male,47,01217893249,kristen.russell713@yahoo.com,Cairo,2024-07-27
2203,Corey,Becker,Female,56,01581110627,corey.becker799@outlook.com,Giza,2023-11-08
2204,Zachary,Thomas,Female,47,01512310565,zachary.thomas332@yahoo.com,Giza,2025-09-01
2205,Jessica,Moore,Male,55,01033678666,jessica.moore920@outlook.com,Cairo,2024-11-07
2206,Courtney,Medina,Female,18,01512819739,courtney.medina487@gmail.com,Giza,2023-12-03
2207,Thomas,Reeves,Female,30,01008624095,thomas.reeves615@hotmail.com,Cairo,2023-09-09
2208,Teresa,Bradley,Male,47,01154062925,teresa.bradley176@yahoo.com,Cairo,2023-11-26
2209,Tyler,Price,Female,35,01263007812,tyler.price581@gmail.com,Cairo,2024-03-03
2210,Lauren,Ingram,Male,46,01117770827,lauren.ingram612@yahoo.com,Giza,2026-02-25
2211,Theodore,Farmer,Female,59,01245625409,theodore.farmer831@gmail.com,Cairo,2024-01-01
2212,Mary,Silva,Male,48,01049323654,mary.silva307@hotmail.com,Cairo,2025-08-01
2213,Frank,Payne,Male,21,01502964228,frank.payne847@outlook.com,Giza,2023-07-20
2214,Robert,Cobb,Male,50,01261726859,robert.cobb973@outlook.com,Giza,2025-06-15
2215,Amanda,Cook,Female,44,01091294646,amanda.cook952@gmail.com,Cairo,2024-06-01
2216,Brooke,Smith,Male,37,01139347201,brooke.smith804@outlook.com,Tanta,2023-11-29
2217,Dean,Brown,Male,27,01530216253,dean.brown615@hotmail.com,Cairo,2025-06-17
2218,Sheri,Page,Male,37,01548401456,sheri.page997@gmail.com,Alexandria,2024-06-07
2219,Christina,Dean,Male,33,01014873541,christina.dean507@hotmail.com,Cairo,2026-06-29
2220,Tiffany,Bowman,Female,23,01055100172,tiffany.bowman500@hotmail.com,Cairo,2025-04-23
2221,Haley,Ferguson,Male,53,01550174679,haley.ferguson354@gmail.com,Cairo,2025-12-20
2222,Denise,Le,Female,51,01531919245,denise.le152@outlook.com,Ismailia,2024-08-05
2223,Jessica,Bates,Female,39,01501596985,jessica.bates613@gmail.com,Assiut,2025-02-27
2224,Michael,Chambers,Female,58,01244127824,michael.chambers71@hotmail.com,Minya,2025-04-18
2225,Emily,Galvan,Male,31,01558003858,emily.galvan775@outlook.com,Zagazig,2025-08-02
2226,Matthew,Murphy,Female,37,01001200061,matthew.murphy303@yahoo.com,Tanta,2023-11-10
2227,Michael,Nguyen,Female,56,01150726167,michael.nguyen179@gmail.com,Cairo,2024-11-12
2228,Nathan,Rodriguez,Male,40,01292821662,nathan.rodriguez27@yahoo.com,Alexandria,2025-03-25
2229,Courtney,Franklin,Female,52,01530980468,courtney.franklin177@yahoo.com,Cairo,2025-11-15
2230,Lisa,Barrera,Female,55,01102598909,lisa.barrera862@hotmail.com,Tanta,2026-04-27
2231,Sandra,Fuentes,Male,50,01020828160,sandra.fuentes532@hotmail.com,Zagazig,2023-10-28
2232,Tony,Franklin,Male,20,01212893716,tony.franklin122@yahoo.com,Tanta,2025-02-17
2233,Rachel,Weaver,Male,40,01169578665,rachel.weaver161@hotmail.com,Ismailia,2023-07-27
2234,Cody,Daniel,Male,52,01129475445,cody.daniel695@hotmail.com,Giza,2025-02-26
2235,Kathy,Sanchez,Female,30,01158764015,kathy.sanchez174@yahoo.com,Cairo,2026-03-31
2236,Erica,Alvarez,Female,56,01535753652,erica.alvarez195@hotmail.com,Cairo,2024-09-21
2237,Stacey,Hobbs,Female,27,01110671766,stacey.hobbs556@gmail.com,Giza,2025-03-04
2238,Sandra,Dunlap,Male,24,01179012158,sandra.dunlap663@outlook.com,Cairo,2024-02-15
2239,Christopher,Barker,Female,53,01274597986,christopher.barker697@gmail.com,Ismailia,2023-08-31
2240,Dana,Garza,Female,20,01049802070,dana.garza913@yahoo.com,Giza,2025-07-07
2241,Keith,Rojas,Female,58,01527308816,keith.rojas745@outlook.com,Cairo,2025-11-18
2242,Jimmy,Turner,Male,31,01002342377,jimmy.turner268@hotmail.com,Alexandria,2024-08-30
2243,Andrea,Zuniga,Female,53,01273370072,andrea.zuniga393@gmail.com,Zagazig,2026-06-09
2244,Derek,Ryan,Female,33,01571341780,derek.ryan196@gmail.com,Cairo,2024-07-09
2245,Alejandro,Larsen,Male,18,01073029292,alejandro.larsen832@gmail.com,Ismailia,2024-12-12
2246,Katherine,Torres,Male,38,01094528394,katherine.torres53@outlook.com,Cairo,2024-02-18
2247,Aimee,Collins,Female,56,01109632747,aimee.collins255@outlook.com,Giza,2026-07-10
2248,Sara,Reid,Male,45,01223130233,sara.reid862@gmail.com,Ismailia,2024-06-21
2249,Kimberly,Freeman,Female,22,01086771397,kimberly.freeman662@hotmail.com,Giza,2026-02-27
2250,Maria,Maldonado,Female,47,01189191792,maria.maldonado315@hotmail.com,Cairo,2025-07-06
2251,Daniel,Meadows,Female,51,01533462518,daniel.meadows565@hotmail.com,Cairo,2023-12-02
2252,Jacob,Hernandez,Male,60,01181194356,jacob.hernandez350@outlook.com,Mansoura,2025-02-25
2253,Christopher,Willis,Female,39,01048709530,christopher.willis460@yahoo.com,Sohag,2024-07-28
2254,Timothy,Lin,Male,33,01541600375,timothy.lin479@yahoo.com,Sohag,2026-04-29
2255,William,Cole,Female,35,01207357917,william.cole905@hotmail.com,Mansoura,2024-06-18
2256,Catherine,Pace,Female,39,01079464177,catherine.pace431@yahoo.com,Alexandria,2026-01-11
2257,Christopher,Farley,Female,27,01567661145,christopher.farley291@gmail.com,Alexandria,2025-04-06
2258,Eugene,Armstrong,Female,51,01067284711,eugene.armstrong676@gmail.com,Giza,2025-10-08
2259,Scott,Chan,Female,33,01597045160,scott.chan452@outlook.com,Tanta,2024-03-21
2260,Kara,Weber,Female,53,01066398060,kara.weber889@hotmail.com,Cairo,2025-08-16
2261,Mary,Hernandez,Female,22,01006549133,mary.hernandez965@gmail.com,Cairo,2024-03-02
2262,Mathew,Mcdonald,Male,25,01594675104,mathew.mcdonald402@gmail.com,Cairo,2023-12-25
2263,Jo,Martinez,Male,47,01526454931,jo.martinez658@gmail.com,Ismailia,2026-04-17
2264,Samuel,Jenkins,Female,50,01558388444,samuel.jenkins326@hotmail.com,Alexandria,2026-01-20
2265,Zachary,Bryant,Female,49,01138286707,zachary.bryant361@hotmail.com,Cairo,2026-07-09
2266,Jessica,Martin,Female,53,01505603943,jessica.martin630@hotmail.com,Tanta,2025-06-04
2267,Philip,Salinas,Male,23,01101735254,philip.salinas90@yahoo.com,Zagazig,2025-11-09
2268,Monica,Michael,Female,40,01519192999,monica.michael350@gmail.com,Cairo,2025-07-20
2269,Caitlin,Perez,Male,43,01505925032,caitlin.perez612@hotmail.com,Cairo,2024-12-08
2270,Sarah,Austin,Male,56,01258918202,sarah.austin836@yahoo.com,Zagazig,2023-09-04
2271,David,Shaffer,Male,23,01121461537,david.shaffer928@hotmail.com,Giza,2025-05-06
2272,Matthew,Taylor,Male,48,01561086136,matthew.taylor916@hotmail.com,Cairo,2024-09-09
2273,Brandon,Bautista,Female,54,01197849866,brandon.bautista994@outlook.com,Cairo,2025-04-09
2274,Donald,Johnson,Male,48,01135157687,donald.johnson989@gmail.com,Giza,2023-07-25
2275,John,Parker,Female,59,01193688169,john.parker46@outlook.com,Cairo,2025-10-07
2276,Roger,Brown,Male,52,01158668937,roger.brown791@hotmail.com,Cairo,2024-12-16
2277,Charles,Liu,Female,35,01575071511,charles.liu35@yahoo.com,Giza,2025-02-15
2278,Jose,Smith,Female,32,01019241316,jose.smith737@gmail.com,Cairo,2024-10-02
2279,Mary,Giles,Male,46,01579850795,mary.giles117@gmail.com,Cairo,2024-05-04
2280,Rebecca,Bennett,Female,33,01230884827,rebecca.bennett734@yahoo.com,Cairo,2023-08-23
2281,Colin,Todd,Male,43,01123179918,colin.todd161@yahoo.com,Cairo,2024-07-15
2282,Frederick,Delacruz,Female,34,01070210998,frederick.delacruz829@outlook.com,Cairo,2024-01-25
2283,David,Hudson,Female,39,01048370482,david.hudson141@yahoo.com,Tanta,2024-05-16
2284,Michael,Short,Male,20,01008518034,michael.short844@yahoo.com,Cairo,2024-11-12
2285,Kevin,Morrison,Male,18,01519273206,kevin.morrison169@gmail.com,Zagazig,2026-02-13
2286,Sarah,Pierce,Female,36,01296350452,sarah.pierce717@yahoo.com,Cairo,2024-06-06
2287,Susan,Sandoval,Female,54,01008195387,susan.sandoval920@outlook.com,Giza,2024-12-18
2288,Laura,Martinez,Male,50,01195796620,laura.martinez61@outlook.com,Cairo,2026-06-03
2289,Ashley,Fischer,Male,33,01157289763,ashley.fischer35@yahoo.com,Giza,2025-04-15
2290,Gary,Wood,Male,31,01593340746,gary.wood24@yahoo.com,Alexandria,2025-03-31
2291,Yolanda,Moore,Female,52,01538775800,yolanda.moore968@hotmail.com,Alexandria,2024-07-19
2292,William,Levy,Female,60,01214386386,william.levy989@yahoo.com,Alexandria,2025-03-23
2293,Donna,Gardner,Female,45,01117092457,donna.gardner85@yahoo.com,Giza,2023-11-29
2294,David,Preston,Male,44,01179194638,david.preston491@outlook.com,Zagazig,2024-07-27
2295,Adrienne,Blanchard,Female,31,01176798213,adrienne.blanchard843@outlook.com,Mansoura,2024-01-17
2296,John,Weeks,Female,44,01580779687,john.weeks230@outlook.com,Tanta,2025-06-01
2297,Linda,Wilson,Male,23,01039385559,linda.wilson265@hotmail.com,Zagazig,2024-03-19
2298,Kristine,Morgan,Male,48,01060658564,kristine.morgan216@gmail.com,Cairo,2026-03-19
2299,Susan,Miller,Female,58,01299641097,susan.miller40@gmail.com,Cairo,2025-01-29
2300,Nicole,Taylor,Male,56,01579621663,nicole.taylor3@hotmail.com,Cairo,2024-08-13
2301,Paula,Greene,Female,25,01286091888,paula.greene814@gmail.com,Cairo,2025-01-04
2302,Mark,Hunt,Female,42,01221435641,mark.hunt81@outlook.com,Giza,2024-08-18
2303,Stephanie,Stark,Female,55,01230189741,stephanie.stark977@hotmail.com,Cairo,2025-05-11
2304,Kristina,Smith,Female,21,01550723444,kristina.smith239@hotmail.com,Zagazig,2024-07-04
2305,Franklin,Woods,Male,55,01204743240,franklin.woods785@hotmail.com,Cairo,2023-08-05
2306,Kevin,Hampton,Female,46,01171670229,kevin.hampton237@outlook.com,Giza,2024-03-16
2307,Julie,Williamson,Male,30,01145890094,julie.williamson892@yahoo.com,Minya,2024-12-28
2308,Steven,Jackson,Female,45,01116213862,steven.jackson491@yahoo.com,Giza,2025-11-08
2309,Larry,Olson,Female,18,01548672877,larry.olson728@outlook.com,Giza,2026-02-12
2310,Mitchell,Mitchell,Male,58,01033140815,mitchell.mitchell282@hotmail.com,Cairo,2025-10-14
2311,Johnathan,Schmidt,Male,43,01012143752,johnathan.schmidt878@hotmail.com,Giza,2024-08-29
2312,Stacy,Stout,Male,57,01512349338,stacy.stout639@yahoo.com,Zagazig,2025-05-21
2313,Ashley,Fox,Male,53,01203688096,ashley.fox925@gmail.com,Giza,2024-11-25
2314,Michael,Wright,Male,33,01589692375,michael.wright719@hotmail.com,Cairo,2026-07-13
2315,Melanie,White,Male,33,01190259851,melanie.white525@yahoo.com,Ismailia,2025-07-08
2316,Jessica,Martinez,Female,30,01203786715,jessica.martinez748@outlook.com,Giza,2025-12-17
2317,John,Hall,Female,21,01544203352,john.hall451@gmail.com,Cairo,2025-07-31
2318,Nicholas,Clark,Female,58,01026627500,nicholas.clark519@outlook.com,Zagazig,2024-10-26
2319,Chad,Lopez,Female,41,01577789035,chad.lopez799@gmail.com,Alexandria,2025-11-01
2320,Robert,Thompson,Female,38,01186834984,robert.thompson199@yahoo.com,Alexandria,2025-02-13
2321,Tina,Jones,Female,21,01076135373,tina.jones978@hotmail.com,Alexandria,2026-04-08
2322,Daniel,James,Female,25,01149945038,daniel.james701@hotmail.com,Cairo,2024-04-03
2323,Christopher,Taylor,Male,32,01022413924,christopher.taylor537@hotmail.com,Tanta,2024-01-14
2324,Mary,Smith,Female,42,01180485448,mary.smith500@hotmail.com,Alexandria,2026-04-25
2325,Thomas,Wilson,Male,34,01247188674,thomas.wilson714@outlook.com,Zagazig,2025-04-23
2326,David,Ward,Female,46,01175256790,david.ward780@outlook.com,Cairo,2023-10-29
2327,John,Davis,Female,24,01109141129,john.davis484@hotmail.com,Zagazig,2025-12-25
2328,John,Berg,Male,22,01111625796,john.berg296@yahoo.com,Tanta,2025-09-10
2329,Carl,Nelson,Male,54,01162372459,carl.nelson910@outlook.com,Cairo,2026-06-22
2330,Angela,Mcdonald,Female,41,01573929473,angela.mcdonald763@hotmail.com,Giza,2024-07-27
2331,Alvin,Melton,Female,60,01280035566,alvin.melton160@hotmail.com,Alexandria,2024-08-27
2332,Elizabeth,Harper,Female,50,01583785291,elizabeth.harper713@outlook.com,Cairo,2025-05-25
2333,Cynthia,Cole,Female,52,01507093904,cynthia.cole104@outlook.com,Cairo,2025-12-04
2334,Dawn,Ruiz,Male,45,01298469003,dawn.ruiz123@gmail.com,Cairo,2026-05-16
2335,Matthew,Jefferson,Female,48,01563640969,matthew.jefferson628@outlook.com,Giza,2025-09-30
2336,Sara,Jackson,Male,42,01180883270,sara.jackson214@hotmail.com,Alexandria,2024-06-08
2337,Marissa,Merritt,Male,31,01588057361,marissa.merritt309@yahoo.com,Ismailia,2024-01-06
2338,Bradley,Hall,Female,25,01189870395,bradley.hall76@hotmail.com,Giza,2023-11-05
2339,Kathy,Ramos,Female,42,01540122139,kathy.ramos441@hotmail.com,Mansoura,2026-04-09
2340,Angela,Campbell,Male,22,01576717636,angela.campbell152@gmail.com,Ismailia,2024-02-07
2341,Jason,Wilson,Female,50,01538162757,jason.wilson323@hotmail.com,Mansoura,2025-08-18
2342,Brittany,Smith,Female,56,01547102062,brittany.smith536@hotmail.com,Cairo,2025-04-04
2343,Breanna,Medina,Female,38,01094953227,breanna.medina648@hotmail.com,Cairo,2025-05-09
2344,Aaron,Jones,Female,19,01503210211,aaron.jones929@yahoo.com,Alexandria,2026-03-06
2345,Bobby,Bennett,Male,31,01055185226,bobby.bennett589@hotmail.com,Cairo,2026-07-04
2346,Amanda,Davies,Female,26,01100207856,amanda.davies438@yahoo.com,Zagazig,2026-06-13
2347,Phillip,Thomas,Male,40,01554848797,phillip.thomas636@hotmail.com,Zagazig,2026-06-25
2348,Mark,Hutchinson,Female,57,01146692276,mark.hutchinson881@outlook.com,Alexandria,2025-03-18
2349,Sheila,Thompson,Female,23,01011295189,sheila.thompson554@yahoo.com,Alexandria,2024-03-28
2350,Luis,Mathis,Male,56,01509292633,luis.mathis568@yahoo.com,Cairo,2025-12-06
2351,Wanda,Rice,Female,42,01049669277,wanda.rice260@yahoo.com,Cairo,2025-09-18
2352,Katelyn,Smith,Female,53,01537316131,katelyn.smith373@yahoo.com,Giza,2023-11-04
2353,Steven,Lawrence,Female,30,01539895652,steven.lawrence899@gmail.com,Mansoura,2023-08-09
2354,Catherine,Ryan,Female,46,01580383173,catherine.ryan709@hotmail.com,Giza,2024-04-08
2355,Marilyn,Carter,Male,57,01203645342,marilyn.carter212@gmail.com,Cairo,2025-06-17
2356,Kristen,Foley,Female,37,01180016236,kristen.foley122@yahoo.com,Giza,2025-02-03
2357,Susan,Marshall,Male,39,01082788413,susan.marshall73@yahoo.com,Alexandria,2024-02-29
2358,Megan,Walker,Female,41,01209728963,megan.walker187@gmail.com,Tanta,2024-10-21
2359,Jennifer,Lewis,Female,56,01218281482,jennifer.lewis356@yahoo.com,Tanta,2025-01-21
2360,William,Barnett,Female,24,01106052361,william.barnett467@yahoo.com,Alexandria,2024-06-03
2361,Michael,Webb,Female,35,01198053553,michael.webb500@outlook.com,Zagazig,2024-12-29
2362,Justin,Velazquez,Male,27,01155810347,justin.velazquez424@gmail.com,Giza,2024-08-12
2363,Katie,Mcpherson,Female,40,01137471127,katie.mcpherson738@yahoo.com,Cairo,2023-10-14
2364,James,Dyer,Female,43,01005319376,james.dyer364@gmail.com,Sohag,2026-07-05
2365,Keith,Joseph,Female,22,01055036502,keith.joseph610@gmail.com,Mansoura,2025-03-11
2366,Jared,Thomas,Female,39,01538486826,jared.thomas148@gmail.com,Giza,2026-04-12
2367,Amy,Zavala,Female,34,01017654073,amy.zavala872@hotmail.com,Mansoura,2025-10-04
2368,Mary,Baker,Female,38,01089692383,mary.baker993@gmail.com,Cairo,2025-05-09
2369,Elizabeth,Hutchinson,Female,33,01586081439,elizabeth.hutchinson465@yahoo.com,Cairo,2023-10-02
2370,Anthony,Novak,Male,60,01283056672,anthony.novak324@hotmail.com,Giza,2023-09-05
2371,Michael,Vargas,Male,32,01228279517,michael.vargas311@outlook.com,Giza,2023-09-25
2372,Denise,Parker,Male,21,01539905785,denise.parker262@outlook.com,Tanta,2025-10-26
2373,John,Johnson,Female,21,01537912878,john.johnson671@yahoo.com,Ismailia,2026-05-02
2374,Michael,Martin,Female,57,01081537322,michael.martin37@hotmail.com,Alexandria,2023-07-26
2375,Susan,Martin,Male,34,01142405112,susan.martin447@outlook.com,Cairo,2025-07-30
2376,Emily,Rodriguez,Male,28,01244532552,emily.rodriguez729@outlook.com,Cairo,2024-04-12
2377,Mary,Williams,Female,45,01034861994,mary.williams326@hotmail.com,Mansoura,2025-09-04
2378,Joshua,Mcmillan,Male,59,01053203033,joshua.mcmillan921@hotmail.com,Alexandria,2023-10-12
2379,Michelle,Hunt,Male,47,01515859308,michelle.hunt450@hotmail.com,Tanta,2023-10-11
2380,Mark,Reed,Male,43,01008447123,mark.reed894@gmail.com,Giza,2023-09-17
2381,Melinda,Gordon,Male,53,01295431039,melinda.gordon685@outlook.com,Alexandria,2023-10-19
2382,Melissa,Mosley,Male,59,01512453703,melissa.mosley516@yahoo.com,Cairo,2025-06-20
2383,Ronald,Huang,Male,29,01062224029,ronald.huang928@outlook.com,Giza,2026-03-13
2384,Nathaniel,Martinez,Male,33,01234536104,nathaniel.martinez738@gmail.com,Giza,2023-11-17
2385,Todd,Love,Male,43,01521183839,todd.love687@outlook.com,Giza,2025-05-29
2386,Marissa,Warren,Female,47,01260603984,marissa.warren342@gmail.com,Alexandria,2024-11-03
2387,Juan,Blevins,Female,35,01555636754,juan.blevins25@yahoo.com,Mansoura,2024-12-23
2388,Rebecca,English,Female,27,01557409253,rebecca.english316@outlook.com,Tanta,2024-11-25
2389,Brian,Shepherd,Female,57,01546148170,brian.shepherd767@outlook.com,Cairo,2024-10-26
2390,Olivia,Sanchez,Female,52,01559769128,olivia.sanchez192@yahoo.com,Ismailia,2025-11-20
2391,Bobby,Gonzalez,Female,53,01220650632,bobby.gonzalez611@yahoo.com,Cairo,2024-11-30
2392,Pamela,Anderson,Female,49,01191541134,pamela.anderson95@gmail.com,Sohag,2024-07-25
2393,Matthew,Myers,Male,52,01598411832,matthew.myers847@yahoo.com,Cairo,2024-10-13
2394,Jennifer,Garcia,Male,21,01182772693,jennifer.garcia714@yahoo.com,Giza,2023-11-22
2395,Heather,Wheeler,Male,48,01104863106,heather.wheeler56@hotmail.com,Giza,2024-05-31
2396,Luis,Miles,Male,47,01037257738,luis.miles51@hotmail.com,Alexandria,2023-11-29
2397,Sean,Young,Female,52,01158469205,sean.young125@hotmail.com,Cairo,2024-07-13
2398,Susan,Cortez,Male,28,01260638618,susan.cortez280@gmail.com,Giza,2024-03-05
2399,Mark,Sanders,Female,28,01531417224,mark.sanders231@hotmail.com,Cairo,2025-11-23
2400,Brooke,Rodriguez,Female,51,01543319152,brooke.rodriguez32@gmail.com,Giza,2026-01-28
2401,Heather,Cunningham,Female,57,01143464082,heather.cunningham667@hotmail.com,Giza,2024-05-20
2402,Richard,Wilson,Male,59,01079212420,richard.wilson927@yahoo.com,Tanta,2025-07-30
2403,Stephen,Davis,Female,31,01089949254,stephen.davis163@gmail.com,Giza,2024-01-19
2404,Trevor,Gonzalez,Female,55,01568120372,trevor.gonzalez281@outlook.com,Giza,2025-08-18
2405,Tonya,Hernandez,Female,54,01230933861,tonya.hernandez718@gmail.com,Cairo,2025-07-18
2406,Sierra,Smith,Female,39,01540666026,sierra.smith200@gmail.com,Giza,2026-05-01
2407,Stephen,Serrano,Male,33,01014038997,stephen.serrano886@hotmail.com,Minya,2023-09-21
2408,Timothy,Gray,Male,21,01271351728,timothy.gray634@hotmail.com,Ismailia,2023-11-01
2409,Lauren,Woodward,Female,46,01288653734,lauren.woodward446@gmail.com,Giza,2024-05-24
2410,Randall,Mills,Male,52,01218881626,randall.mills899@outlook.com,Cairo,2023-07-28
2411,Justin,Ballard,Female,35,01225625780,justin.ballard227@yahoo.com,Giza,2024-09-16
2412,Angela,Dawson,Female,32,01580633242,angela.dawson272@outlook.com,Cairo,2023-12-18
2413,Michael,Hart,Male,47,01255415914,michael.hart137@yahoo.com,Cairo,2025-08-11
2414,Gregory,Henderson,Male,38,01218848235,gregory.henderson627@outlook.com,Cairo,2026-07-08
2415,Jonathan,Kemp,Female,45,01016950166,jonathan.kemp18@gmail.com,Alexandria,2023-12-22
2416,Brad,Miller,Female,33,01088694456,brad.miller334@yahoo.com,Alexandria,2023-07-15
2417,Grant,Morales,Male,25,01575253517,grant.morales958@yahoo.com,Minya,2026-03-02
2418,Connie,Skinner,Male,28,01125390581,connie.skinner142@gmail.com,Cairo,2023-09-01
2419,Jacqueline,Payne,Male,49,01222373136,jacqueline.payne142@yahoo.com,Mansoura,2023-11-20
2420,Kyle,Morgan,Male,20,01067520649,kyle.morgan162@gmail.com,Cairo,2025-03-12
2421,Scott,Saunders,Male,34,01072041662,scott.saunders145@yahoo.com,Giza,2026-03-06
2422,Julie,Franklin,Male,26,01582526847,julie.franklin628@yahoo.com,Alexandria,2024-08-16
2423,George,Carr,Female,47,01587216735,george.carr59@outlook.com,Cairo,2025-08-09
2424,Sandra,Blevins,Male,19,01242157555,sandra.blevins111@gmail.com,Cairo,2025-01-27
2425,Jason,Herrera,Female,20,01539635017,jason.herrera84@hotmail.com,Cairo,2025-05-18
2426,John,Brewer,Female,36,01165836891,john.brewer583@outlook.com,Cairo,2025-05-17
2427,Maureen,Wilson,Female,25,01248183022,maureen.wilson393@yahoo.com,Alexandria,2023-10-20
2428,Jamie,Ward,Female,35,01121672177,jamie.ward884@hotmail.com,Cairo,2026-01-24
2429,Kristi,Thomas,Female,18,01514068392,kristi.thomas886@yahoo.com,Giza,2026-05-12
2430,Erica,Pace,Male,23,01210146485,erica.pace428@yahoo.com,Mansoura,2024-02-22
2431,Krista,Mayo,Male,28,01552989354,krista.mayo884@hotmail.com,Tanta,2025-05-24
2432,Andrew,Young,Female,38,01506659300,andrew.young700@gmail.com,Assiut,2023-11-13
2433,Ethan,Roberson,Female,36,01297939216,ethan.roberson819@hotmail.com,Giza,2024-10-28
2434,Suzanne,Lopez,Male,41,01590338860,suzanne.lopez296@hotmail.com,Zagazig,2025-10-04
2435,Kristen,Ray,Male,34,01220040369,kristen.ray719@outlook.com,Giza,2024-03-31
2436,Michael,Zimmerman,Male,22,01526626653,michael.zimmerman471@outlook.com,Minya,2024-07-06
2437,Veronica,Figueroa,Female,32,01163490330,veronica.figueroa617@gmail.com,Giza,2024-10-05
2438,Tonya,Leonard,Male,57,01552131773,tonya.leonard689@yahoo.com,Cairo,2025-03-12
2439,Alexis,Howard,Male,59,01081319874,alexis.howard155@yahoo.com,Cairo,2025-03-12
2440,Kyle,Gibbs,Male,29,01298606055,kyle.gibbs695@outlook.com,Alexandria,2025-01-11
2441,Margaret,Frank,Male,57,01578147598,margaret.frank379@hotmail.com,Cairo,2025-11-25
2442,Anthony,Carlson,Male,37,01072086216,anthony.carlson178@yahoo.com,Mansoura,2025-08-31
2443,Tracy,Newton,Female,19,01160662054,tracy.newton103@gmail.com,Giza,2024-03-31
2444,Gabriel,Neal,Male,47,01254391133,gabriel.neal87@gmail.com,Alexandria,2025-04-06
2445,Kimberly,Ward,Female,21,01155408145,kimberly.ward382@hotmail.com,Alexandria,2024-01-28
2446,Tanya,Campbell,Male,57,01256873812,tanya.campbell454@hotmail.com,Cairo,2025-04-26
2447,Robert,Willis,Male,30,01030733016,robert.willis683@gmail.com,Alexandria,2025-12-31
2448,Joseph,Young,Female,49,01268636822,joseph.young674@hotmail.com,Ismailia,2023-07-27
2449,John,Blair,Male,46,01177889744,john.blair746@outlook.com,Minya,2025-04-07
2450,Jim,Thomas,Male,34,01584068555,jim.thomas657@hotmail.com,Mansoura,2023-11-30
2451,Heidi,Coleman,Male,18,01176806508,heidi.coleman691@gmail.com,Cairo,2024-05-13
2452,John,Murray,Female,41,01196166653,john.murray295@outlook.com,Alexandria,2024-03-06
2453,Zachary,Stephens,Male,24,01009068041,zachary.stephens786@gmail.com,Cairo,2024-09-29
2454,Eric,Flores,Male,43,01091826967,eric.flores124@yahoo.com,Cairo,2024-09-10
2455,Vanessa,Bishop,Male,36,01271131985,vanessa.bishop355@hotmail.com,Zagazig,2023-09-16
2456,Kimberly,James,Male,25,01571273006,kimberly.james717@yahoo.com,Cairo,2025-02-05
2457,Clayton,Higgins,Male,40,01518911122,clayton.higgins424@yahoo.com,Zagazig,2026-01-30
2458,Angela,Lindsey,Female,31,01028859585,angela.lindsey880@hotmail.com,Ismailia,2025-01-21
2459,Margaret,Delgado,Male,39,01249822285,margaret.delgado946@gmail.com,Giza,2024-02-09
2460,Daniel,Walker,Male,39,01112145893,daniel.walker54@hotmail.com,Ismailia,2025-04-09
2461,Richard,Brown,Male,44,01271119739,richard.brown604@gmail.com,Alexandria,2025-10-30
2462,Tammy,Harris,Female,23,01145874138,tammy.harris724@hotmail.com,Cairo,2024-05-08
2463,John,Holder,Female,47,01540435960,john.holder782@yahoo.com,Zagazig,2025-06-15
2464,Angela,Lane,Female,36,01201165315,angela.lane666@yahoo.com,Cairo,2025-04-10
2465,Raymond,Robinson,Male,45,01558740731,raymond.robinson525@hotmail.com,Mansoura,2025-02-17
2466,Timothy,Williams,Female,33,01065445116,timothy.williams896@hotmail.com,Assiut,2026-03-16
2467,Rebecca,Mcfarland,Female,56,01201079533,rebecca.mcfarland422@hotmail.com,Giza,2024-01-31
2468,Kelli,Baker,Male,57,01057861480,kelli.baker502@hotmail.com,Cairo,2024-09-28
2469,Leah,Moore,Male,57,01518121123,leah.moore443@gmail.com,Giza,2025-05-22
2470,Elizabeth,Williams,Female,59,01114329511,elizabeth.williams75@outlook.com,Ismailia,2023-08-11
2471,Brian,Allison,Female,54,01007320618,brian.allison97@yahoo.com,Zagazig,2026-01-04
2472,Angelica,French,Male,23,01263765168,angelica.french97@gmail.com,Cairo,2025-06-28
2473,Lisa,Martin,Male,46,01255326905,lisa.martin662@gmail.com,Ismailia,2023-07-25
2474,Shannon,Powers,Male,40,01508689552,shannon.powers956@yahoo.com,Cairo,2024-03-12
2475,Michelle,Moore,Female,24,01051299926,michelle.moore22@gmail.com,Tanta,2024-05-25
2476,Elizabeth,Shepard,Male,41,01088069330,elizabeth.shepard346@gmail.com,Zagazig,2024-03-31
2477,Julia,Juarez,Female,44,01552402483,julia.juarez211@outlook.com,Cairo,2025-01-06
2478,Stephanie,Anderson,Male,58,01503866693,stephanie.anderson967@outlook.com,Cairo,2023-12-09
2479,Christopher,Cochran,Female,41,01543558653,christopher.cochran158@outlook.com,Cairo,2024-03-26
2480,Theresa,Fowler,Male,41,01221087670,theresa.fowler355@yahoo.com,Cairo,2023-10-26
2481,Stephanie,Johnston,Female,32,01237691882,stephanie.johnston681@outlook.com,Tanta,2026-04-27
2482,Robin,Guzman,Male,56,01286047496,robin.guzman775@outlook.com,Cairo,2024-06-15
2483,Adam,Summers,Female,57,01177647669,adam.summers139@gmail.com,Cairo,2026-01-17
2484,Antonio,Anthony,Female,43,01050059257,antonio.anthony49@gmail.com,Mansoura,2023-09-24
2485,Michael,Carpenter,Male,41,01541812255,michael.carpenter336@yahoo.com,Giza,2025-06-01
2486,Lisa,Washington,Female,25,01118484173,lisa.washington766@gmail.com,Alexandria,2025-01-24
2487,William,Williams,Male,31,01264887393,william.williams682@gmail.com,Cairo,2025-05-27
2488,Shelly,Turner,Female,31,01257051812,shelly.turner97@gmail.com,Tanta,2025-06-09
2489,Daniel,Washington,Female,41,01154098484,daniel.washington212@hotmail.com,Zagazig,2026-07-09
2490,Jessica,Cameron,Male,51,01123758000,jessica.cameron495@yahoo.com,Mansoura,2025-06-02
2491,Melissa,Davidson,Female,47,01586493990,melissa.davidson266@yahoo.com,Cairo,2025-09-20
2492,Jill,Williams,Male,51,01257281899,jill.williams403@hotmail.com,Giza,2024-10-30
2493,Gregory,Walker,Male,51,01084376421,gregory.walker393@gmail.com,Tanta,2024-09-25
2494,Carla,Burton,Male,53,01114609607,carla.burton246@outlook.com,Cairo,2025-12-21
2495,Kristen,Guerrero,Male,54,01130539411,kristen.guerrero545@hotmail.com,Cairo,2026-02-11
2496,Derrick,Pearson,Male,33,01271685671,derrick.pearson942@yahoo.com,Alexandria,2023-08-24
2497,Eric,White,Male,19,01200273474,eric.white558@hotmail.com,Alexandria,2023-11-13
2498,George,Lane,Male,44,01194091172,george.lane797@gmail.com,Giza,2025-06-07
2499,Kyle,Smith,Female,39,01133733207,kyle.smith678@outlook.com,Cairo,2024-09-30
2500,Terri,Scott,Female,28,01544655361,terri.scott876@gmail.com,Ismailia,2025-04-19
2501,Raymond,Reed,Female,29,01040163910,raymond.reed245@yahoo.com,Tanta,2025-01-08
2502,Rachel,Davis,Male,57,01032031658,rachel.davis592@hotmail.com,Cairo,2024-04-12
2503,Michael,Nguyen,Male,43,01151683606,michael.nguyen700@hotmail.com,Ismailia,2024-10-22
2504,Regina,Fields,Female,40,01178747323,regina.fields796@gmail.com,Zagazig,2024-03-12
2505,Michael,Sosa,Male,56,01114681646,michael.sosa359@yahoo.com,Cairo,2025-10-06
2506,Megan,Anderson,Female,27,01571955429,megan.anderson498@gmail.com,Mansoura,2026-01-25
2507,Mackenzie,Harris,Male,36,01059516602,mackenzie.harris345@gmail.com,Cairo,2025-07-07
2508,Aaron,King,Female,18,01176406538,aaron.king513@outlook.com,Giza,2025-05-09
2509,Matthew,Nichols,Female,27,01009590076,matthew.nichols222@hotmail.com,Cairo,2023-07-26
2510,Louis,Sanchez,Male,20,01235712590,louis.sanchez249@hotmail.com,Alexandria,2023-12-01
2511,Kenneth,Powers,Male,53,01534824193,kenneth.powers736@hotmail.com,Cairo,2024-02-27
2512,Sarah,Edwards,Male,30,01227804179,sarah.edwards79@gmail.com,Zagazig,2024-07-06
2513,John,Byrd,Male,56,01262036591,john.byrd946@gmail.com,Cairo,2024-08-30
2514,Madison,Perez,Female,56,01082934135,madison.perez657@outlook.com,Cairo,2023-08-04
2515,Maria,Kline,Male,24,01261354969,maria.kline405@gmail.com,Cairo,2025-07-27
2516,Jerry,Howard,Female,37,01536804423,jerry.howard444@outlook.com,Cairo,2026-07-10
2517,Patricia,Gilbert,Male,57,01288234432,patricia.gilbert467@yahoo.com,Cairo,2026-05-26
2518,Susan,Rodriguez,Female,60,01116111412,susan.rodriguez735@hotmail.com,Tanta,2025-06-26
2519,Tammy,Torres,Male,34,01017255079,tammy.torres338@yahoo.com,Alexandria,2026-01-27
2520,Jerry,Neal,Male,56,01571174544,jerry.neal115@gmail.com,Cairo,2023-11-06
2521,Jeffrey,Wang,Female,24,01219008440,jeffrey.wang45@gmail.com,Cairo,2025-11-19
2522,Samuel,Fletcher,Female,43,01154644988,samuel.fletcher138@outlook.com,Cairo,2026-04-06
2523,Ryan,Hall,Male,26,01542730153,ryan.hall798@hotmail.com,Alexandria,2026-04-05
2524,Nancy,Nelson,Female,52,01539414398,nancy.nelson621@outlook.com,Giza,2024-08-14
2525,Michael,Craig,Female,28,01140240652,michael.craig938@outlook.com,Tanta,2025-06-11
2526,Nicholas,Parker,Male,19,01122857107,nicholas.parker203@hotmail.com,Sohag,2023-10-25
2527,Amy,Stokes,Male,33,01051214517,amy.stokes601@gmail.com,Mansoura,2025-06-07
2528,Chelsea,Marquez,Female,31,01203182885,chelsea.marquez704@yahoo.com,Alexandria,2024-03-25
2529,Isaac,Gamble,Female,48,01185378115,isaac.gamble766@yahoo.com,Minya,2024-01-15
2530,Ernest,Morales,Female,37,01205015996,ernest.morales294@yahoo.com,Alexandria,2026-02-14
2531,Shelby,Sloan,Female,60,01541827225,shelby.sloan150@yahoo.com,Giza,2023-07-28
2532,Sandra,Richmond,Female,34,01088645280,sandra.richmond492@yahoo.com,Cairo,2024-02-19
2533,Victor,Miller,Female,37,01023957253,victor.miller566@hotmail.com,Sohag,2026-02-16
2534,Beth,Andrews,Female,37,01141863951,beth.andrews764@outlook.com,Mansoura,2025-07-27
2535,John,Avila,Male,26,01149332183,john.avila263@outlook.com,Assiut,2025-01-29
2536,Jose,Spears,Male,35,01048070952,jose.spears983@gmail.com,Cairo,2024-06-02
2537,Misty,Garcia,Female,18,01032815942,misty.garcia227@outlook.com,Alexandria,2024-10-02
2538,Robert,Espinoza,Female,56,01558834076,robert.espinoza360@hotmail.com,Mansoura,2023-08-31
2539,Sonia,Phillips,Male,38,01139097874,sonia.phillips112@gmail.com,Cairo,2025-10-03
2540,Luis,Kelly,Female,40,01104476720,luis.kelly414@yahoo.com,Giza,2024-12-05
2541,Melissa,Velazquez,Female,60,01168977627,melissa.velazquez61@gmail.com,Assiut,2026-01-08
2542,Andrew,Frost,Female,58,01253159514,andrew.frost583@yahoo.com,Mansoura,2026-06-01
2543,Julie,Arias,Female,54,01075544175,julie.arias946@yahoo.com,Sohag,2025-04-04
2544,Charles,Morrison,Female,58,01291487280,charles.morrison366@hotmail.com,Alexandria,2026-03-16
2545,Brian,Burgess,Male,26,01048575841,brian.burgess678@gmail.com,Tanta,2026-02-06
2546,David,Snyder,Male,34,01570531817,david.snyder415@yahoo.com,Mansoura,2026-04-25
2547,Amanda,Davis,Male,43,01283996799,amanda.davis901@hotmail.com,Mansoura,2025-12-20
2548,Ashley,Levy,Female,31,01533328837,ashley.levy673@hotmail.com,Alexandria,2025-12-04
2549,Vickie,Ramos,Female,18,01038109384,vickie.ramos942@outlook.com,Ismailia,2025-12-03
2550,Meagan,Hawkins,Female,48,01171928126,meagan.hawkins135@outlook.com,Cairo,2025-06-16
2551,Scott,Hutchinson,Male,29,01114068387,scott.hutchinson122@outlook.com,Giza,2025-06-03
2552,Shelby,Howell,Male,60,01024057172,shelby.howell445@outlook.com,Alexandria,2025-01-09
2553,Jeremy,Jones,Female,48,01117748370,jeremy.jones486@outlook.com,Giza,2025-02-13
2554,Brad,Ramos,Male,60,01559849427,brad.ramos977@gmail.com,Giza,2026-05-16
2555,John,Smith,Male,56,01061307172,john.smith523@gmail.com,Alexandria,2026-06-22
2556,Lucas,Morales,Female,56,01048168535,lucas.morales950@yahoo.com,Giza,2025-07-13
2557,Michael,Foley,Male,59,01190093848,michael.foley732@yahoo.com,Tanta,2024-07-09
2558,Tammy,Patel,Male,31,01265140922,tammy.patel332@gmail.com,Giza,2025-09-19
2559,Ashley,Shelton,Male,33,01505474138,ashley.shelton487@gmail.com,Alexandria,2024-01-08
2560,Michael,Kelley,Male,31,01187834406,michael.kelley198@outlook.com,Cairo,2026-04-27
2561,Brittany,Green,Male,41,01568389479,brittany.green368@hotmail.com,Minya,2026-01-06
2562,Stacey,Jones,Female,41,01244274103,stacey.jones798@yahoo.com,Giza,2025-01-06
2563,Christopher,Sanders,Male,43,01239505697,christopher.sanders140@gmail.com,Cairo,2025-11-05
2564,Karina,Charles,Female,60,01170027478,karina.charles253@gmail.com,Giza,2026-01-05
2565,Samantha,Smith,Female,41,01297604342,samantha.smith574@yahoo.com,Cairo,2025-03-14
2566,Eric,Parker,Male,43,01068120360,eric.parker436@hotmail.com,Tanta,2025-10-10
2567,Lee,Glover,Female,23,01143373879,lee.glover636@hotmail.com,Giza,2025-12-17
2568,Bethany,White,Female,33,01146802049,bethany.white380@hotmail.com,Assiut,2025-07-27
2569,Larry,Rodriguez,Female,55,01118163595,larry.rodriguez902@outlook.com,Cairo,2024-05-15
2570,Kelli,Ray,Female,43,01516323845,kelli.ray670@yahoo.com,Cairo,2024-10-16
2571,Felicia,Smith,Female,51,01555204906,felicia.smith548@gmail.com,Giza,2026-03-13
2572,Nicole,Garcia,Female,32,01535659675,nicole.garcia623@hotmail.com,Cairo,2024-10-24
2573,Karen,Hicks,Female,31,01152882485,karen.hicks924@yahoo.com,Giza,2024-02-24
2574,Charles,Sims,Male,48,01143140280,charles.sims273@outlook.com,Giza,2024-07-21
2575,Adam,Hall,Male,25,01248087181,adam.hall935@outlook.com,Cairo,2024-02-26
2576,James,Flores,Male,37,01106897436,james.flores436@gmail.com,Mansoura,2024-01-04
2577,Karen,Hart,Female,40,01133547103,karen.hart31@gmail.com,Cairo,2024-11-10
2578,Colleen,Anderson,Male,43,01057089702,colleen.anderson652@hotmail.com,Cairo,2025-03-10
2579,Emily,Williams,Male,53,01592161758,emily.williams308@yahoo.com,Cairo,2024-03-22
2580,Michael,Ramos,Male,60,01245404260,michael.ramos779@yahoo.com,Alexandria,2026-02-04
2581,Leah,Peterson,Male,23,01278884711,leah.peterson984@outlook.com,Giza,2024-12-22
2582,Katie,Hill,Female,21,01533188044,katie.hill599@hotmail.com,Cairo,2025-09-06
2583,Kimberly,Turner,Male,28,01593186217,kimberly.turner521@outlook.com,Cairo,2024-11-23
2584,Kyle,Williams,Male,20,01122950829,kyle.williams85@gmail.com,Tanta,2025-08-02
2585,Paul,Lawson,Female,43,01153568951,paul.lawson99@hotmail.com,Ismailia,2024-08-08
2586,Cheryl,Holmes,Male,40,01003693389,cheryl.holmes400@yahoo.com,Tanta,2023-12-15
2587,Kyle,Olson,Male,34,01150790628,kyle.olson217@gmail.com,Cairo,2025-02-17
2588,Natalie,Cisneros,Female,30,01227817286,natalie.cisneros898@gmail.com,Zagazig,2023-07-26
2589,Steven,Martinez,Female,29,01031747199,steven.martinez168@hotmail.com,Cairo,2024-03-23
2590,Michael,Preston,Male,54,01218847704,michael.preston907@yahoo.com,Giza,2025-09-26
2591,Steven,Stanton,Female,31,01150365520,steven.stanton285@outlook.com,Minya,2025-12-05
2592,Gina,Hill,Female,25,01043779079,gina.hill108@yahoo.com,Mansoura,2025-02-23
2593,Stephen,Simpson,Female,20,01038289847,stephen.simpson98@yahoo.com,Giza,2025-03-05
2594,Brian,Lyons,Male,29,01266766295,brian.lyons918@gmail.com,Cairo,2026-04-06
2595,Nicholas,Stone,Male,51,01251230207,nicholas.stone165@gmail.com,Tanta,2025-11-25
2596,Julie,Roman,Male,34,01500917679,julie.roman616@hotmail.com,Cairo,2024-09-21
2597,Michael,Clark,Male,20,01114800255,michael.clark89@yahoo.com,Cairo,2024-11-23
2598,Molly,Berry,Female,33,01022567130,molly.berry264@gmail.com,Alexandria,2024-05-05
2599,Leslie,Griffith,Male,34,01138769600,leslie.griffith258@hotmail.com,Alexandria,2025-05-15
2600,Tammy,Holland,Female,55,01532432579,tammy.holland483@yahoo.com,Tanta,2024-05-14
2601,Jesus,Adams,Female,55,01191392779,jesus.adams254@gmail.com,Alexandria,2023-08-23
2602,Jeffrey,Gonzalez,Male,48,01005011881,jeffrey.gonzalez779@outlook.com,Mansoura,2024-11-18
2603,Christopher,Jacobson,Female,59,01204732159,christopher.jacobson936@yahoo.com,Cairo,2025-03-02
2604,Elizabeth,Price,Female,34,01080116833,elizabeth.price201@yahoo.com,Zagazig,2023-10-30
2605,Michael,Peterson,Male,60,01029930873,michael.peterson209@yahoo.com,Ismailia,2023-09-30
2606,Lori,Boyd,Male,39,01262005550,lori.boyd81@outlook.com,Tanta,2023-09-04
2607,Kevin,Allen,Female,40,01071853214,kevin.allen3@gmail.com,Giza,2024-04-01
2608,Sean,Shannon,Male,23,01044402889,sean.shannon838@outlook.com,Ismailia,2023-09-08
2609,Jamie,Sampson,Male,54,01237087834,jamie.sampson887@hotmail.com,Giza,2026-02-22
2610,Michael,Wright,Female,53,01075170590,michael.wright369@hotmail.com,Cairo,2025-12-29
2611,Stephanie,Waller,Female,22,01590306360,stephanie.waller720@yahoo.com,Giza,2025-03-01
2612,Victor,Guerra,Female,48,01555759501,victor.guerra354@gmail.com,Tanta,2023-08-30
2613,Kathryn,James,Male,31,01173548504,kathryn.james97@hotmail.com,Cairo,2025-07-06
2614,Lauren,Anderson,Female,60,01233376742,lauren.anderson349@gmail.com,Cairo,2024-07-24
2615,Jeffrey,Larson,Female,27,01282713940,jeffrey.larson645@outlook.com,Alexandria,2025-02-07
2616,Wesley,Romero,Female,36,01034460133,wesley.romero963@hotmail.com,Cairo,2023-10-05
2617,Rodney,Mcpherson,Female,50,01166842046,rodney.mcpherson623@outlook.com,Giza,2025-10-11
2618,Brittany,Gibson,Female,39,01142382563,brittany.gibson522@hotmail.com,Cairo,2023-12-03
2619,Brady,Stokes,Female,40,01035531994,brady.stokes556@outlook.com,Sohag,2025-11-23
2620,Kayla,David,Female,28,01173939886,kayla.david729@gmail.com,Alexandria,2025-10-19
2621,Natasha,Ferrell,Male,30,01128056073,natasha.ferrell574@outlook.com,Cairo,2025-09-27
2622,Valerie,Neal,Female,18,01094490181,valerie.neal277@yahoo.com,Cairo,2024-06-09
2623,Chad,Blackburn,Female,22,01061506835,chad.blackburn190@outlook.com,Alexandria,2023-10-12
2624,Steve,Ayala,Female,36,01174704129,steve.ayala676@outlook.com,Mansoura,2024-07-06
2625,Jenny,Dixon,Female,30,01071986048,jenny.dixon313@outlook.com,Mansoura,2024-12-19
2626,Jose,Brown,Male,56,01285879897,jose.brown449@gmail.com,Giza,2026-01-09
2627,Gregory,Byrd,Male,46,01525791672,gregory.byrd624@yahoo.com,Mansoura,2023-07-18
2628,Carl,Nguyen,Female,46,01195422064,carl.nguyen382@gmail.com,Cairo,2024-12-10
2629,Allison,Mitchell,Female,33,01033928804,allison.mitchell93@outlook.com,Mansoura,2025-12-20
2630,Deanna,Leach,Male,32,01055308909,deanna.leach52@yahoo.com,Cairo,2026-03-19
2631,Troy,Campbell,Female,46,01217558066,troy.campbell968@yahoo.com,Giza,2025-10-24
2632,Karen,Miller,Male,28,01293120100,karen.miller424@outlook.com,Minya,2025-08-20
2633,Donna,Soto,Male,55,01208025367,donna.soto373@yahoo.com,Giza,2023-11-17
2634,Adam,Bailey,Male,30,01538687752,adam.bailey784@hotmail.com,Cairo,2024-04-19
2635,Pamela,Wells,Female,47,01542142021,pamela.wells770@outlook.com,Cairo,2026-03-29
2636,Jennifer,Pacheco,Female,51,01064761086,jennifer.pacheco577@hotmail.com,Tanta,2024-12-03
2637,Lynn,Jackson,Male,50,01275307687,lynn.jackson275@gmail.com,Cairo,2023-10-04
2638,Jason,Singleton,Male,21,01576208587,jason.singleton121@outlook.com,Cairo,2024-06-24
2639,Brent,Moody,Female,30,01510898047,brent.moody531@gmail.com,Cairo,2026-03-07
2640,Lauren,Lopez,Female,41,01225632322,lauren.lopez578@gmail.com,Zagazig,2025-09-11
2641,Timothy,Woodard,Male,59,01119399048,timothy.woodard480@outlook.com,Cairo,2024-03-23
2642,Thomas,Yates,Male,30,01595018507,thomas.yates802@hotmail.com,Zagazig,2025-02-27
2643,Amy,Buck,Female,59,01530049119,amy.buck170@yahoo.com,Assiut,2024-02-14
2644,Thomas,Pena,Male,20,01195517816,thomas.pena708@hotmail.com,Giza,2025-02-19
2645,Diana,Golden,Female,54,01508367906,diana.golden882@hotmail.com,Alexandria,2023-10-31
2646,Janice,Mckay,Male,21,01533750867,janice.mckay558@outlook.com,Tanta,2025-01-18
2647,Whitney,Foster,Female,51,01128117162,whitney.foster521@outlook.com,Giza,2023-12-27
2648,Craig,Sanders,Male,49,01248131672,craig.sanders940@yahoo.com,Cairo,2025-04-09
2649,Angel,Foster,Male,39,01570276864,angel.foster933@gmail.com,Giza,2025-03-22
2650,Tasha,Wright,Female,25,01010751384,tasha.wright816@outlook.com,Tanta,2024-02-03
2651,Scott,Schmitt,Male,47,01086697537,scott.schmitt143@yahoo.com,Cairo,2024-11-08
2652,Joseph,Wilson,Male,29,01588995807,joseph.wilson358@yahoo.com,Cairo,2024-12-11
2653,Savannah,Farmer,Male,55,01068485305,savannah.farmer782@gmail.com,Alexandria,2024-05-12
2654,Anna,Smith,Male,43,01293456198,anna.smith669@gmail.com,Tanta,2024-02-14
2655,Kimberly,Bender,Male,43,01516578885,kimberly.bender466@yahoo.com,Alexandria,2024-09-01
2656,Keith,Smith,Female,43,01531760320,keith.smith36@gmail.com,Cairo,2025-08-03
2657,Christopher,Miller,Female,19,01516529102,christopher.miller790@gmail.com,Giza,2025-06-05
2658,Melissa,Hart,Female,54,01277121871,melissa.hart612@hotmail.com,Cairo,2025-01-04
2659,Manuel,Terry,Female,47,01231406740,manuel.terry690@hotmail.com,Giza,2026-03-03
2660,Linda,Johnson,Female,18,01265392249,linda.johnson379@hotmail.com,Cairo,2023-11-12
2661,Kelly,Brown,Male,30,01064618131,kelly.brown169@outlook.com,Giza,2023-12-01
2662,Lynn,Clark,Female,58,01037500805,lynn.clark927@hotmail.com,Giza,2026-06-24
2663,Kimberly,Singh,Female,48,01263854135,kimberly.singh407@hotmail.com,Ismailia,2025-06-27
2664,Mary,Jones,Female,26,01237531304,mary.jones135@hotmail.com,Cairo,2024-09-10
2665,Joshua,Herrera,Female,40,01029491482,joshua.herrera747@hotmail.com,Cairo,2024-04-04
2666,April,Wallace,Female,38,01562461992,april.wallace416@outlook.com,Assiut,2024-11-03
2667,Jermaine,Tran,Female,45,01266581262,jermaine.tran907@gmail.com,Cairo,2025-08-01
2668,Tony,Goodman,Male,27,01116418852,tony.goodman97@gmail.com,Giza,2024-10-11
2669,Joseph,Harris,Female,22,01272800733,joseph.harris738@hotmail.com,Sohag,2026-01-28
2670,Robert,Solomon,Male,27,01180127635,robert.solomon911@outlook.com,Sohag,2025-12-14
2671,Erica,Stevenson,Male,39,01503040519,erica.stevenson803@gmail.com,Giza,2024-09-22
2672,Brad,Dunn,Male,24,01261892024,brad.dunn59@yahoo.com,Mansoura,2026-01-05
2673,Kathleen,Wagner,Male,31,01101611997,kathleen.wagner137@gmail.com,Giza,2025-02-24
2674,Miguel,Johnson,Male,42,01590582254,miguel.johnson131@yahoo.com,Cairo,2026-03-06
2675,Emily,Lin,Male,20,01229708182,emily.lin303@yahoo.com,Cairo,2024-11-09
2676,Kathy,Willis,Female,36,01157476365,kathy.willis453@hotmail.com,Cairo,2024-02-24
2677,Brett,Stephens,Female,22,01545233088,brett.stephens129@gmail.com,Assiut,2024-07-24
2678,Andrew,Smith,Female,25,01073859988,andrew.smith662@yahoo.com,Tanta,2024-04-28
2679,Michael,Wood,Female,31,01110691650,michael.wood604@gmail.com,Cairo,2024-01-16
2680,Ronald,Solis,Female,49,01101429391,ronald.solis861@hotmail.com,Cairo,2025-02-28
2681,Derek,Phelps,Female,41,01501948833,derek.phelps659@outlook.com,Giza,2023-09-07
2682,Jerry,Pearson,Female,42,01506446427,jerry.pearson334@yahoo.com,Mansoura,2024-07-13
2683,Jennifer,Farrell,Female,42,01051017236,jennifer.farrell621@yahoo.com,Assiut,2025-07-22
2684,Emily,Brown,Male,37,01528110478,emily.brown655@gmail.com,Tanta,2026-06-02
2685,Jacqueline,Henry,Female,31,01551403383,jacqueline.henry298@hotmail.com,Zagazig,2026-06-13
2686,Jessica,Anderson,Male,46,01559281120,jessica.anderson503@hotmail.com,Cairo,2026-04-16
2687,Bridget,Mitchell,Male,27,01285763099,bridget.mitchell631@hotmail.com,Tanta,2023-09-23
2688,Ryan,Edwards,Male,22,01287463157,ryan.edwards200@outlook.com,Cairo,2024-10-15
2689,Glenda,Thompson,Male,33,01277572781,glenda.thompson370@yahoo.com,Zagazig,2025-12-14
2690,Rebecca,Lewis,Female,29,01257031688,rebecca.lewis839@outlook.com,Giza,2024-05-13
2691,Anthony,Herman,Male,19,01083990954,anthony.herman898@hotmail.com,Cairo,2024-12-18
2692,John,Sanchez,Female,30,01238748904,john.sanchez432@yahoo.com,Mansoura,2024-12-16
2693,Michelle,Powers,Female,55,01086564185,michelle.powers574@yahoo.com,Giza,2023-11-12
2694,Anthony,House,Male,33,01240821916,anthony.house808@gmail.com,Assiut,2025-01-22
2695,Russell,Myers,Male,22,01288611238,russell.myers184@yahoo.com,Mansoura,2025-02-22
2696,Jenna,Nicholson,Female,51,01132181356,jenna.nicholson978@hotmail.com,Alexandria,2026-03-06
2697,Katherine,Mcdaniel,Male,53,01271916443,katherine.mcdaniel963@outlook.com,Alexandria,2023-08-28
2698,Robin,Riggs,Male,23,01540660233,robin.riggs257@gmail.com,Mansoura,2024-11-26
2699,Keith,Murillo,Female,22,01000800886,keith.murillo870@outlook.com,Alexandria,2023-12-03
2700,Amy,Manning,Female,44,01026642926,amy.manning501@hotmail.com,Tanta,2023-10-11
2701,Carolyn,Humphrey,Male,22,01155380239,carolyn.humphrey933@yahoo.com,Cairo,2025-09-14
2702,Rebecca,Castillo,Male,32,01505817082,rebecca.castillo924@outlook.com,Cairo,2025-05-04
2703,Tina,Silva,Female,20,01123696919,tina.silva473@gmail.com,Mansoura,2024-09-19
2704,Kayla,Morris,Female,48,01040059038,kayla.morris203@yahoo.com,Cairo,2024-03-24
2705,Jesse,Bell,Female,41,01288696368,jesse.bell808@hotmail.com,Alexandria,2025-04-24
2706,Joshua,Bradley,Female,41,01555723354,joshua.bradley530@hotmail.com,Mansoura,2024-05-22
2707,Beth,Palmer,Female,23,01558376032,beth.palmer933@gmail.com,Zagazig,2025-06-25
2708,Leonard,Hamilton,Male,56,01264607016,leonard.hamilton403@outlook.com,Zagazig,2026-05-24
2709,Christopher,Martin,Male,30,01253354539,christopher.martin404@gmail.com,Cairo,2024-04-21
2710,Melissa,Perez,Female,40,01140738700,melissa.perez958@outlook.com,Giza,2025-11-19
2711,Christopher,Hernandez,Male,34,01173615634,christopher.hernandez330@gmail.com,Assiut,2023-08-19
2712,Jacob,Montoya,Female,38,01548271960,jacob.montoya573@yahoo.com,Cairo,2024-05-24
2713,Deborah,Lopez,Male,21,01547010775,deborah.lopez607@yahoo.com,Cairo,2026-06-03
2714,Shannon,Adams,Female,44,01062877470,shannon.adams375@hotmail.com,Alexandria,2023-09-05
2715,Natalie,Brooks,Male,47,01053232826,natalie.brooks759@hotmail.com,Mansoura,2026-02-25
2716,Matthew,Wood,Female,55,01184774162,matthew.wood97@yahoo.com,Alexandria,2024-08-03
2717,Joel,Cain,Female,19,01549022942,joel.cain75@outlook.com,Giza,2024-06-15
2718,Jill,Simmons,Female,45,01094723817,jill.simmons289@gmail.com,Mansoura,2023-08-10
2719,Michael,Taylor,Male,40,01508153209,michael.taylor906@yahoo.com,Cairo,2026-04-17
2720,Jason,Robinson,Female,52,01047454671,jason.robinson474@yahoo.com,Tanta,2024-09-02
2721,Justin,Lucero,Male,26,01519028960,justin.lucero540@outlook.com,Giza,2025-12-21
2722,Jessica,Williams,Male,58,01195838022,jessica.williams570@hotmail.com,Cairo,2024-03-11
2723,Elizabeth,Escobar,Female,35,01141944919,elizabeth.escobar402@yahoo.com,Cairo,2025-09-04
2724,Katrina,Chapman,Male,47,01126291919,katrina.chapman960@yahoo.com,Cairo,2025-06-07
2725,Lisa,Berry,Male,57,01190367203,lisa.berry149@yahoo.com,Cairo,2024-01-19
2726,Dawn,Davis,Male,50,01244018347,dawn.davis750@gmail.com,Ismailia,2024-02-24
2727,John,Evans,Female,32,01240462860,john.evans972@hotmail.com,Giza,2023-12-21
2728,Ashley,Kim,Female,51,01032993090,ashley.kim817@yahoo.com,Alexandria,2023-10-11
2729,Pamela,Nguyen,Female,58,01114883430,pamela.nguyen489@gmail.com,Zagazig,2026-06-24
2730,Anthony,Moore,Male,56,01242767364,anthony.moore155@hotmail.com,Tanta,2026-07-03
2731,Diane,Carlson,Female,54,01509183838,diane.carlson551@outlook.com,Giza,2023-08-04
2732,Jesse,Weber,Male,27,01285816452,jesse.weber846@yahoo.com,Alexandria,2024-02-20
2733,Andrea,Flowers,Male,43,01108709729,andrea.flowers70@yahoo.com,Cairo,2024-04-11
2734,Michael,Thomas,Female,38,01177130985,michael.thomas547@hotmail.com,Cairo,2025-02-01
2735,Alan,Davis,Female,33,01211278906,alan.davis737@gmail.com,Zagazig,2026-02-23
2736,James,Glover,Male,49,01286411145,james.glover493@hotmail.com,Cairo,2024-07-29
2737,Patrick,Casey,Male,35,01229098557,patrick.casey8@yahoo.com,Cairo,2024-12-13
2738,Matthew,Santos,Male,50,01094456994,matthew.santos853@outlook.com,Cairo,2025-02-15
2739,Wayne,Bowman,Female,59,01076892818,wayne.bowman507@gmail.com,Alexandria,2023-08-03
2740,Yolanda,Nguyen,Female,36,01003252654,yolanda.nguyen367@outlook.com,Alexandria,2025-07-23
2741,Willie,Orozco,Male,26,01215242098,willie.orozco606@hotmail.com,Cairo,2024-11-20
2742,Michael,Carroll,Male,55,01256894777,michael.carroll964@yahoo.com,Giza,2025-08-28
2743,Christopher,Peterson,Female,21,01521198793,christopher.peterson297@gmail.com,Cairo,2026-02-02
2744,Angelica,Fields,Male,27,01574452436,angelica.fields945@outlook.com,Giza,2025-04-10
2745,Mary,Beck,Female,22,01126440658,mary.beck281@gmail.com,Ismailia,2023-08-01
2746,Chad,Weaver,Male,50,01289290154,chad.weaver195@yahoo.com,Assiut,2025-01-21
2747,Tracey,Simpson,Male,26,01161314230,tracey.simpson567@gmail.com,Mansoura,2023-09-17
2748,Ashley,Washington,Female,24,01029731682,ashley.washington293@yahoo.com,Giza,2026-03-25
2749,Isaac,Burton,Female,53,01172087655,isaac.burton818@hotmail.com,Cairo,2024-07-21
2750,Robert,Williams,Male,20,01519057769,robert.williams411@gmail.com,Giza,2024-08-13
2751,David,Harris,Female,53,01242545520,david.harris514@yahoo.com,Alexandria,2025-05-01
2752,Lisa,Perkins,Male,37,01566243101,lisa.perkins978@gmail.com,Giza,2026-04-02
2753,Sean,Mcbride,Male,57,01269946352,sean.mcbride411@yahoo.com,Giza,2025-04-11
2754,Gregory,Collins,Male,29,01048428634,gregory.collins339@yahoo.com,Alexandria,2024-12-21
2755,Mary,Holmes,Male,29,01567975617,mary.holmes366@outlook.com,Giza,2024-10-26
2756,Tiffany,Robinson,Female,57,01059799253,tiffany.robinson330@hotmail.com,Cairo,2025-02-28
2757,Jennifer,Ramirez,Male,21,01279762961,jennifer.ramirez479@outlook.com,Sohag,2025-10-23
2758,Kevin,Boone,Male,24,01055326621,kevin.boone707@gmail.com,Giza,2025-12-20
2759,Anna,Williams,Female,22,01129281456,anna.williams597@outlook.com,Tanta,2024-01-14
2760,Rebecca,Rodriguez,Female,26,01268594463,rebecca.rodriguez422@hotmail.com,Assiut,2024-09-27
2761,Marcus,Ferguson,Male,21,01013489149,marcus.ferguson12@hotmail.com,Ismailia,2024-01-23
2762,Pamela,Rodriguez,Male,37,01550366087,pamela.rodriguez275@hotmail.com,Cairo,2025-12-25
2763,Justin,Alvarez,Male,34,01140748125,justin.alvarez298@hotmail.com,Sohag,2025-06-03
2764,Joanne,Wilson,Male,45,01575248746,joanne.wilson951@yahoo.com,Cairo,2024-07-03
2765,Shelby,Gentry,Male,31,01290980003,shelby.gentry264@hotmail.com,Alexandria,2024-10-26
2766,Christopher,Riley,Female,44,01005386813,christopher.riley863@hotmail.com,Alexandria,2026-05-08
2767,Michelle,Dawson,Male,39,01543653389,michelle.dawson234@outlook.com,Cairo,2025-02-08
2768,Karen,West,Female,44,01088370856,karen.west905@hotmail.com,Mansoura,2026-04-11
2769,Annette,Simmons,Male,32,01145407955,annette.simmons464@hotmail.com,Giza,2025-05-22
2770,Anna,Stephenson,Male,59,01096122548,anna.stephenson340@outlook.com,Mansoura,2025-02-19
2771,Robert,Delgado,Male,56,01130364631,robert.delgado651@gmail.com,Cairo,2024-03-25
2772,Julie,Holt,Male,21,01535590986,julie.holt893@yahoo.com,Cairo,2024-12-06
2773,Michael,Thomas,Female,26,01568925850,michael.thomas997@yahoo.com,Cairo,2024-06-10
2774,Alex,Robertson,Male,23,01068273183,alex.robertson104@hotmail.com,Zagazig,2025-11-05
2775,Paul,Schmidt,Male,60,01538923761,paul.schmidt917@yahoo.com,Alexandria,2025-01-11
2776,Eric,Hunt,Female,57,01523271498,eric.hunt740@outlook.com,Cairo,2023-10-20
2777,Timothy,Martin,Male,47,01290310694,timothy.martin179@outlook.com,Giza,2026-03-31
2778,Caitlin,Oneill,Male,34,01230681669,caitlin.oneill697@hotmail.com,Alexandria,2025-05-24
2779,Bryan,Melton,Female,39,01293290735,bryan.melton123@yahoo.com,Giza,2025-03-24
2780,Madison,Wilson,Female,31,01530789897,madison.wilson603@hotmail.com,Cairo,2026-02-20
2781,Christine,Morgan,Male,37,01058524560,christine.morgan152@outlook.com,Cairo,2026-01-05
2782,Jonathan,Daugherty,Female,32,01202564420,jonathan.daugherty608@hotmail.com,Ismailia,2025-06-22
2783,Valerie,Smith,Male,47,01592576156,valerie.smith587@gmail.com,Cairo,2024-02-24
2784,Megan,Rogers,Male,36,01116694437,megan.rogers803@yahoo.com,Cairo,2026-04-07
2785,Elizabeth,Hicks,Male,46,01544374202,elizabeth.hicks27@gmail.com,Mansoura,2025-09-27
2786,Colton,Jones,Female,47,01119820729,colton.jones827@hotmail.com,Cairo,2026-02-27
2787,Frank,Hunt,Female,34,01025232441,frank.hunt320@outlook.com,Giza,2024-01-13
2788,Brent,Freeman,Female,45,01114339471,brent.freeman640@gmail.com,Minya,2026-02-18
2789,Heather,Griffin,Female,50,01289508772,heather.griffin67@hotmail.com,Giza,2025-07-09
2790,Danielle,White,Male,51,01025935341,danielle.white872@yahoo.com,Alexandria,2026-03-23
2791,Eric,Norris,Male,55,01061819794,eric.norris420@hotmail.com,Cairo,2025-08-24
2792,Philip,Andrews,Male,52,01187727949,philip.andrews893@outlook.com,Minya,2023-08-04
2793,Kristen,Peters,Male,46,01102851876,kristen.peters311@gmail.com,Cairo,2024-12-25
2794,Rachel,Donaldson,Female,37,01288241413,rachel.donaldson846@yahoo.com,Giza,2024-03-27
2795,Samuel,Berry,Male,50,01272410744,samuel.berry627@hotmail.com,Giza,2024-07-12
2796,Bernard,Fox,Male,20,01291528092,bernard.fox60@hotmail.com,Mansoura,2025-06-27
2797,Melissa,Roy,Female,41,01050012521,melissa.roy701@hotmail.com,Cairo,2024-08-26
2798,Denise,Chandler,Female,40,01049379381,denise.chandler162@hotmail.com,Cairo,2024-09-24
2799,Allison,Leach,Male,35,01009002589,allison.leach537@hotmail.com,Alexandria,2024-07-30
2800,Christie,Perkins,Female,54,01203241625,christie.perkins370@gmail.com,Alexandria,2025-07-31
2801,Felicia,Richardson,Male,55,01599673275,felicia.richardson203@outlook.com,Mansoura,2025-01-18
2802,Tami,Herring,Female,41,01031011650,tami.herring962@hotmail.com,Alexandria,2024-02-03
2803,Tanya,Grant,Male,53,01093495373,tanya.grant666@outlook.com,Giza,2026-07-07
2804,Steve,Hensley,Female,49,01507817697,steve.hensley207@gmail.com,Alexandria,2025-02-10
2805,Terrence,Schneider,Male,20,01077820463,terrence.schneider278@yahoo.com,Cairo,2026-06-15
2806,Kimberly,Adams,Male,42,01260131216,kimberly.adams30@outlook.com,Giza,2026-06-19
2807,Carla,Moore,Male,26,01568755144,carla.moore855@gmail.com,Cairo,2023-12-06
2808,Monique,Montgomery,Female,45,01071701040,monique.montgomery549@outlook.com,Minya,2024-09-20
2809,Kristin,Sullivan,Male,33,01252624494,kristin.sullivan406@yahoo.com,Mansoura,2024-06-25
2810,Julie,Sanchez,Female,48,01500556647,julie.sanchez791@gmail.com,Giza,2025-08-19
2811,Kenneth,Harris,Female,57,01066011635,kenneth.harris375@gmail.com,Cairo,2025-04-01
2812,Morgan,Boyer,Male,40,01526168115,morgan.boyer135@hotmail.com,Alexandria,2026-03-13
2813,Matthew,Reed,Male,34,01135722815,matthew.reed698@hotmail.com,Alexandria,2023-11-16
2814,Jennifer,King,Male,49,01201097282,jennifer.king765@yahoo.com,Zagazig,2023-09-25
2815,Rachael,Wood,Male,44,01500822521,rachael.wood623@hotmail.com,Assiut,2025-07-15
2816,Margaret,Williams,Male,60,01058401038,margaret.williams318@gmail.com,Giza,2025-11-13
2817,Tyrone,Thomas,Female,60,01536946358,tyrone.thomas838@gmail.com,Giza,2025-10-11
2818,Denise,Diaz,Male,28,01242188953,denise.diaz663@outlook.com,Giza,2025-03-18
2819,Jessica,Allen,Female,43,01290524308,jessica.allen414@outlook.com,Cairo,2025-02-17
2820,Robert,Hernandez,Female,18,01051888727,robert.hernandez93@outlook.com,Cairo,2024-05-25
2821,Katie,Davis,Female,29,01002568055,katie.davis650@yahoo.com,Sohag,2025-07-02
2822,Charles,Neal,Female,27,01114387059,charles.neal359@hotmail.com,Cairo,2023-08-27
2823,Mark,Fletcher,Male,20,01110932597,mark.fletcher545@yahoo.com,Cairo,2025-01-22
2824,Zachary,Jones,Male,38,01227526044,zachary.jones377@yahoo.com,Mansoura,2024-07-21
2825,Doris,Flores,Female,33,01140134959,doris.flores420@outlook.com,Cairo,2025-01-24
2826,Bradley,Church,Female,60,01186010269,bradley.church209@gmail.com,Cairo,2025-04-21
2827,Loretta,Mata,Male,19,01090826598,loretta.mata883@yahoo.com,Giza,2024-03-15
2828,Chloe,Jones,Female,28,01208392933,chloe.jones542@yahoo.com,Tanta,2024-09-15
2829,Gary,Smith,Female,40,01154910197,gary.smith701@yahoo.com,Giza,2025-10-18
2830,Mckenzie,Black,Female,41,01245206787,mckenzie.black674@gmail.com,Giza,2025-11-15
2831,Kevin,Conley,Male,53,01166561840,kevin.conley862@gmail.com,Alexandria,2026-03-22
2832,Brandon,Castillo,Female,60,01502228804,brandon.castillo260@yahoo.com,Mansoura,2025-10-25
2833,Veronica,Carter,Female,31,01161013950,veronica.carter177@hotmail.com,Cairo,2024-02-23
2834,Tara,Barrett,Male,18,01244954844,tara.barrett609@outlook.com,Mansoura,2025-07-24
2835,Vanessa,Walsh,Male,56,01089892133,vanessa.walsh728@gmail.com,Assiut,2025-10-12
2836,Kevin,Gonzalez,Female,25,01249329347,kevin.gonzalez254@hotmail.com,Cairo,2024-12-22
2837,Stephen,Valdez,Male,19,01278442780,stephen.valdez766@outlook.com,Cairo,2025-06-19
2838,Bryan,Smith,Male,31,01118877176,bryan.smith409@yahoo.com,Cairo,2026-05-14
2839,Ethan,Morris,Male,51,01274933957,ethan.morris71@gmail.com,Cairo,2025-10-15
2840,Dana,Quinn,Male,53,01128339988,dana.quinn346@hotmail.com,Giza,2025-03-11
2841,James,Reed,Male,34,01069897480,james.reed995@outlook.com,Giza,2025-10-25
2842,Stephanie,Tran,Male,36,01100583998,stephanie.tran740@hotmail.com,Zagazig,2025-04-24
2843,Gary,Weaver,Male,29,01504223723,gary.weaver735@gmail.com,Tanta,2024-07-15
2844,Joshua,Dixon,Male,27,01113466313,joshua.dixon342@yahoo.com,Giza,2026-07-13
2845,Joanna,Young,Female,44,01098607039,joanna.young857@gmail.com,Ismailia,2025-12-06
2846,Jacqueline,Stewart,Female,27,01541288226,jacqueline.stewart698@hotmail.com,Giza,2025-01-25
2847,Christopher,Adams,Male,19,01149432635,christopher.adams789@hotmail.com,Alexandria,2024-10-25
2848,Louis,Bryan,Female,43,01020713760,louis.bryan213@gmail.com,Cairo,2025-11-23
2849,Robert,Thompson,Male,31,01043665129,robert.thompson964@yahoo.com,Cairo,2024-08-28
2850,Jennifer,Edwards,Female,59,01014888469,jennifer.edwards466@hotmail.com,Tanta,2025-01-31
2851,John,Brady,Female,34,01070977470,john.brady748@gmail.com,Giza,2023-08-28
2852,Joseph,Crawford,Male,47,01209304138,joseph.crawford907@outlook.com,Cairo,2025-07-29
2853,Victoria,Mcdonald,Male,56,01201906834,victoria.mcdonald318@yahoo.com,Giza,2024-09-28
2854,Michael,Barnes,Male,24,01115685404,michael.barnes582@gmail.com,Alexandria,2026-05-28
2855,Janet,Medina,Female,25,01593478695,janet.medina842@outlook.com,Cairo,2024-06-10
2856,Michelle,Huffman,Female,23,01253320271,michelle.huffman643@gmail.com,Mansoura,2025-08-19
2857,Ashlee,Salas,Male,22,01075193405,ashlee.salas23@hotmail.com,Alexandria,2024-07-01
2858,Thomas,Jenkins,Male,33,01163287919,thomas.jenkins852@hotmail.com,Mansoura,2025-06-24
2859,Tina,Martin,Male,49,01058864918,tina.martin696@hotmail.com,Giza,2026-01-15
2860,Ryan,Flowers,Male,58,01578935598,ryan.flowers608@outlook.com,Cairo,2025-03-07
2861,William,Sanders,Female,25,01509382603,william.sanders731@hotmail.com,Giza,2026-01-22
2862,Gregory,Johnson,Female,47,01050215354,gregory.johnson830@hotmail.com,Alexandria,2025-11-18
2863,James,Knox,Male,35,01537317134,james.knox65@gmail.com,Tanta,2025-11-30
2864,Juan,Rose,Female,38,01100833328,juan.rose228@hotmail.com,Giza,2024-08-14
2865,Brian,Bates,Male,26,01228099487,brian.bates517@outlook.com,Cairo,2025-12-25
2866,Brenda,Holden,Female,59,01252155567,brenda.holden415@gmail.com,Ismailia,2023-11-18
2867,Deborah,Conner,Female,20,01033145590,deborah.conner938@yahoo.com,Giza,2024-12-28
2868,Judith,Leon,Female,21,01545403482,judith.leon223@outlook.com,Cairo,2024-01-03
2869,Kathy,Deleon,Male,34,01533798794,kathy.deleon957@hotmail.com,Giza,2024-08-04
2870,Bailey,Moore,Female,45,01290180187,bailey.moore126@outlook.com,Giza,2025-12-01
2871,Jason,Maxwell,Female,39,01299031246,jason.maxwell975@hotmail.com,Alexandria,2023-10-16
2872,Kristin,Marquez,Male,19,01562405935,kristin.marquez786@outlook.com,Cairo,2024-06-17
2873,Christopher,Lopez,Male,48,01145497179,christopher.lopez123@outlook.com,Cairo,2025-08-24
2874,Matthew,Rogers,Female,49,01250531407,matthew.rogers651@yahoo.com,Alexandria,2025-11-08
2875,Heather,Long,Male,29,01054459484,heather.long796@yahoo.com,Zagazig,2025-08-22
2876,Michael,Davila,Male,60,01554151238,michael.davila206@outlook.com,Giza,2024-07-25
2877,Carol,Carter,Male,22,01130476722,carol.carter73@outlook.com,Tanta,2024-03-06
2878,Robert,Bishop,Female,40,01292680535,robert.bishop770@hotmail.com,Cairo,2026-03-22
2879,Teresa,Mendez,Male,30,01179234798,teresa.mendez330@yahoo.com,Cairo,2025-02-22
2880,Connie,Jennings,Male,55,01520208178,connie.jennings554@yahoo.com,Cairo,2025-09-30
2881,Brian,Hill,Male,55,01184724415,brian.hill248@hotmail.com,Cairo,2024-07-08
2882,Jessica,Cruz,Male,56,01151512642,jessica.cruz327@outlook.com,Cairo,2025-06-15
2883,Douglas,Brown,Female,51,01153868939,douglas.brown757@outlook.com,Ismailia,2025-03-21
2884,Savannah,Thompson,Male,49,01084779357,savannah.thompson220@yahoo.com,Cairo,2024-07-17
2885,Bobby,Stewart,Female,38,01176249817,bobby.stewart753@outlook.com,Alexandria,2026-03-17
2886,Brandy,Flores,Male,37,01556002055,brandy.flores258@yahoo.com,Mansoura,2024-12-19
2887,Jessica,Heath,Female,51,01291750438,jessica.heath477@gmail.com,Giza,2023-11-01
2888,John,Hinton,Female,57,01026081924,john.hinton218@hotmail.com,Giza,2024-03-02
2889,Miranda,Floyd,Female,19,01233397141,miranda.floyd379@outlook.com,Cairo,2025-12-18
2890,Kevin,Chambers,Female,35,01135516282,kevin.chambers208@outlook.com,Cairo,2024-07-29
2891,Thomas,Cook,Female,22,01167160530,thomas.cook219@hotmail.com,Tanta,2025-04-12
2892,Rodney,Downs,Female,24,01115524808,rodney.downs998@outlook.com,Minya,2025-02-23
2893,Jennifer,Mccoy,Female,44,01168241927,jennifer.mccoy270@yahoo.com,Cairo,2026-01-21
2894,John,Blair,Female,48,01140016388,john.blair666@yahoo.com,Ismailia,2024-10-26
2895,Christy,Sexton,Female,31,01050950774,christy.sexton110@yahoo.com,Tanta,2026-04-29
2896,Laura,Parsons,Male,59,01199501852,laura.parsons768@yahoo.com,Minya,2024-09-10
2897,Mary,Castillo,Female,41,01544420602,mary.castillo125@outlook.com,Alexandria,2024-12-03
2898,Penny,Schroeder,Male,46,01225474113,penny.schroeder606@outlook.com,Mansoura,2024-04-12
2899,Tina,Peterson,Female,32,01527462221,tina.peterson905@hotmail.com,Giza,2025-08-07
2900,Brittany,Martinez,Female,29,01063237689,brittany.martinez654@outlook.com,Minya,2026-04-30
2901,Brian,Greene,Female,47,01590110248,brian.greene346@outlook.com,Cairo,2023-09-02
2902,Eric,Sawyer,Male,36,01012647589,eric.sawyer175@hotmail.com,Mansoura,2024-10-23
2903,William,Tanner,Male,26,01596868011,william.tanner140@outlook.com,Giza,2023-12-14
2904,Pamela,Gray,Female,20,01225275149,pamela.gray609@yahoo.com,Cairo,2024-06-11
2905,James,Daniel,Female,33,01075953970,james.daniel266@hotmail.com,Cairo,2025-05-21
2906,Karen,Mosley,Female,51,01186537603,karen.mosley467@hotmail.com,Ismailia,2024-08-20
2907,Kelly,Young,Female,38,01121950821,kelly.young321@hotmail.com,Zagazig,2025-08-27
2908,Sean,James,Female,22,01041454823,sean.james659@outlook.com,Cairo,2024-06-15
2909,Barry,Vasquez,Male,24,01566049848,barry.vasquez565@gmail.com,Giza,2023-11-29
2910,Elizabeth,Garcia,Female,47,01507816706,elizabeth.garcia769@outlook.com,Cairo,2026-03-21
2911,John,Moreno,Female,25,01135684200,john.moreno381@hotmail.com,Tanta,2023-07-19
2912,James,Fuentes,Female,34,01080475207,james.fuentes821@yahoo.com,Cairo,2023-08-23
2913,Carla,Miller,Female,50,01044658415,carla.miller503@outlook.com,Cairo,2025-08-20
2914,Brett,Blair,Male,47,01576010543,brett.blair150@outlook.com,Cairo,2025-11-11
2915,Timothy,Johnson,Male,18,01113860004,timothy.johnson912@gmail.com,Alexandria,2025-12-13
2916,Nancy,Moore,Female,40,01082306206,nancy.moore680@outlook.com,Alexandria,2024-01-09
2917,Juan,Gregory,Female,34,01046577508,juan.gregory256@gmail.com,Cairo,2025-04-05
2918,Judy,Frank,Female,31,01132639294,judy.frank873@yahoo.com,Alexandria,2025-05-04
2919,Casey,Miller,Female,52,01544653167,casey.miller461@hotmail.com,Giza,2025-08-17
2920,Carlos,Richard,Male,35,01269637056,carlos.richard704@gmail.com,Mansoura,2024-03-16
2921,Christopher,Young,Female,36,01203405175,christopher.young213@yahoo.com,Cairo,2025-02-25
2922,John,Lane,Female,48,01291944997,john.lane498@yahoo.com,Cairo,2024-02-01
2923,Victor,Hendrix,Male,31,01563692474,victor.hendrix936@gmail.com,Zagazig,2025-06-17
2924,Justin,Watson,Female,39,01291157378,justin.watson740@outlook.com,Sohag,2025-06-18
2925,Carol,Vazquez,Male,31,01158684591,carol.vazquez54@outlook.com,Cairo,2024-06-18
2926,Sherri,Ryan,Female,30,01063175685,sherri.ryan290@gmail.com,Cairo,2025-05-22
2927,Jeremy,Brady,Male,41,01067428306,jeremy.brady709@gmail.com,Mansoura,2025-02-22
2928,Courtney,Scott,Male,43,01253773439,courtney.scott715@yahoo.com,Cairo,2026-05-21
2929,Maria,Giles,Male,23,01045747271,maria.giles443@yahoo.com,Cairo,2025-05-10
2930,Michael,Bell,Female,31,01504763863,michael.bell793@hotmail.com,Cairo,2024-07-03
2931,Terri,Vaughan,Female,36,01574015589,terri.vaughan989@hotmail.com,Cairo,2024-07-08
2932,William,Wells,Male,47,01086661224,william.wells172@yahoo.com,Cairo,2023-08-20
2933,Brad,Smith,Female,60,01179621552,brad.smith563@yahoo.com,Assiut,2025-12-02
2934,William,Manning,Female,44,01032742465,william.manning204@yahoo.com,Alexandria,2025-07-28
2935,Gary,Nicholson,Female,59,01544957410,gary.nicholson537@hotmail.com,Sohag,2025-06-20
2936,Michael,Giles,Male,19,01178931072,michael.giles634@hotmail.com,Tanta,2023-07-18
2937,Michael,Smith,Male,31,01527506526,michael.smith561@yahoo.com,Alexandria,2024-02-05
2938,Kathy,Carter,Female,49,01117189509,kathy.carter316@yahoo.com,Cairo,2024-12-09
2939,Jo,Hamilton,Female,32,01270892313,jo.hamilton428@yahoo.com,Zagazig,2025-06-05
2940,Alan,Vaughan,Female,49,01027114417,alan.vaughan472@gmail.com,Tanta,2024-03-01
2941,Jessica,Faulkner,Female,32,01229415283,jessica.faulkner116@outlook.com,Cairo,2026-01-27
2942,Zachary,Henry,Female,40,01515420520,zachary.henry24@yahoo.com,Giza,2025-02-08
2943,Paul,Gutierrez,Female,32,01263821212,paul.gutierrez870@yahoo.com,Alexandria,2024-02-04
2944,Margaret,Miller,Female,47,01055692041,margaret.miller810@gmail.com,Giza,2023-10-17
2945,Dennis,Barron,Male,42,01527605222,dennis.barron906@hotmail.com,Alexandria,2024-05-07
2946,Amy,Johnston,Female,26,01086452619,amy.johnston810@outlook.com,Cairo,2025-05-04
2947,Katherine,Mason,Male,53,01229075669,katherine.mason699@yahoo.com,Cairo,2025-05-01
2948,Joseph,Barry,Female,37,01237042636,joseph.barry729@outlook.com,Mansoura,2025-12-14
2949,Anthony,Kaufman,Female,48,01181527180,anthony.kaufman501@gmail.com,Mansoura,2026-05-13
2950,Anthony,Duncan,Female,38,01054718568,anthony.duncan708@gmail.com,Cairo,2025-07-07
2951,Carrie,Hoover,Female,58,01244217417,carrie.hoover436@yahoo.com,Giza,2023-11-15
2952,Ronald,Cole,Female,19,01290887155,ronald.cole16@outlook.com,Tanta,2025-04-28
2953,Denise,Hanson,Male,27,01218960092,denise.hanson582@outlook.com,Giza,2024-09-12
2954,Jeanette,Johnson,Male,31,01206138886,jeanette.johnson450@gmail.com,Cairo,2025-01-08
2955,John,Bolton,Male,42,01528015689,john.bolton555@hotmail.com,Alexandria,2026-02-17
2956,Sean,Lee,Male,59,01019052514,sean.lee124@gmail.com,Cairo,2024-03-25
2957,Kristin,Cook,Female,55,01058186102,kristin.cook568@hotmail.com,Cairo,2023-07-21
2958,Mark,Brown,Female,26,01092519744,mark.brown963@gmail.com,Giza,2024-04-05
2959,Kim,Hernandez,Female,25,01272178004,kim.hernandez318@yahoo.com,Giza,2025-04-29
2960,Megan,Roach,Female,57,01090229529,megan.roach764@hotmail.com,Tanta,2025-09-11
2961,Colleen,Christensen,Male,22,01150668113,colleen.christensen837@hotmail.com,Cairo,2025-02-06
2962,Javier,Johnston,Female,58,01521486234,javier.johnston510@outlook.com,Zagazig,2024-04-20
2963,Susan,Harris,Female,23,01589933567,susan.harris542@outlook.com,Cairo,2026-03-28
2964,Brandon,Russell,Female,47,01237315444,brandon.russell120@hotmail.com,Cairo,2025-10-02
2965,Jeffrey,Johnston,Male,31,01005474543,jeffrey.johnston580@outlook.com,Cairo,2024-08-31
2966,Betty,Williams,Male,51,01177810715,betty.williams374@gmail.com,Zagazig,2023-08-04
2967,Jennifer,Young,Female,49,01585297620,jennifer.young20@gmail.com,Giza,2026-01-16
2968,Bobby,Gordon,Female,49,01097526005,bobby.gordon493@yahoo.com,Cairo,2024-11-06
2969,John,Anderson,Female,23,01566248179,john.anderson541@yahoo.com,Giza,2026-05-24
2970,Christina,King,Male,32,01095627303,christina.king609@outlook.com,Cairo,2024-04-01
2971,Thomas,Jimenez,Female,54,01287399207,thomas.jimenez670@gmail.com,Minya,2024-05-06
2972,Natalie,Ryan,Male,20,01151900165,natalie.ryan500@hotmail.com,Cairo,2025-03-07
2973,David,Hall,Female,59,01118372990,david.hall159@yahoo.com,Cairo,2023-11-03
2974,Brenda,Simmons,Female,54,01138949935,brenda.simmons704@yahoo.com,Alexandria,2026-06-07
2975,Nicole,Irwin,Male,50,01167824843,nicole.irwin473@yahoo.com,Zagazig,2025-01-03
2976,Kirsten,Floyd,Male,19,01227696537,kirsten.floyd988@yahoo.com,Giza,2025-08-31
2977,Joseph,Phillips,Male,31,01202437696,joseph.phillips401@hotmail.com,Ismailia,2025-07-16
2978,Leslie,Miller,Male,58,01214881288,leslie.miller876@gmail.com,Assiut,2026-05-12
2979,Lauren,Kim,Male,45,01506996380,lauren.kim286@hotmail.com,Cairo,2023-11-16
2980,Brittany,Kramer,Male,34,01053687193,brittany.kramer317@hotmail.com,Cairo,2026-04-20
2981,Michelle,Martinez,Male,26,01089593138,michelle.martinez897@outlook.com,Giza,2026-05-04
2982,Jennifer,Wilkins,Female,24,01566381325,jennifer.wilkins889@yahoo.com,Alexandria,2024-06-26
2983,Amber,Smith,Male,28,01215481785,amber.smith776@gmail.com,Giza,2024-05-13
2984,Greg,Taylor,Female,53,01298014470,greg.taylor958@outlook.com,Giza,2026-03-21
2985,Lisa,Anderson,Male,50,01019322394,lisa.anderson852@hotmail.com,Giza,2026-04-18
2986,Ethan,Chapman,Male,20,01119087804,ethan.chapman932@gmail.com,Cairo,2023-09-11
2987,Joseph,Le,Female,54,01583560104,joseph.le586@hotmail.com,Mansoura,2024-04-06
2988,Sean,Tyler,Female,59,01591422291,sean.tyler740@hotmail.com,Cairo,2025-08-05
2989,Jessica,Howard,Female,60,01534334853,jessica.howard872@yahoo.com,Cairo,2023-12-25
2990,Brittany,Callahan,Female,37,01236873425,brittany.callahan119@outlook.com,Mansoura,2024-06-06
2991,Gary,Moss,Female,30,01598080278,gary.moss787@gmail.com,Cairo,2025-07-19
2992,Terry,Roberts,Male,37,01545163176,terry.roberts491@outlook.com,Alexandria,2024-03-27
2993,Alan,Day,Female,28,01048006769,alan.day68@yahoo.com,Giza,2024-12-14
2994,Zachary,Dixon,Female,46,01295690941,zachary.dixon315@yahoo.com,Ismailia,2025-04-30
2995,Zachary,Smith,Male,36,01155318067,zachary.smith325@hotmail.com,Alexandria,2026-02-19
2996,Crystal,Goodman,Male,56,01234222488,crystal.goodman168@gmail.com,Alexandria,2026-04-25
2997,Raymond,Reid,Female,42,01287298467,raymond.reid104@yahoo.com,Cairo,2024-11-26
2998,Angela,Nelson,Male,24,01126447645,angela.nelson30@hotmail.com,Mansoura,2025-11-19
2999,Denise,Bennett,Male,23,01284621537,denise.bennett613@outlook.com,Cairo,2024-04-27
3000,Chase,Wells,Female,59,01219668067,chase.wells868@hotmail.com,Mansoura,2025-04-01
