review_id,order_id,customer_id,restaurant_id,driver_id,rating,review_text,review_date
1,3,2957,1,130,4,Excellent service,2025-05-17 00:02:33
2,4,1819,2,61,1,Food quality could be better,2026-03-29 02:35:07
3,5,1178,17,345,4,Highly recommended,2025-06-14 01:45:07
4,6,1279,7,257,4,Very fast delivery,2024-09-30 02:07:12
5,8,2885,15,317,4,Food was delicious,2024-10-10 03:59:43
6,9,2235,8,105,1,Wrong order,2025-09-12 04:14:53
7,10,2282,7,36,4,Fresh food,2026-05-08 17:14:38
8,13,1571,9,291,5,Excellent service,2024-12-09 19:03:41
9,14,75,2,224,5,Food was delicious,2025-09-07 08:40:15
10,15,1849,4,74,5,Very fast delivery,2026-01-28 18:47:31
11,16,2331,6,275,5,Food was delicious,2026-01-13 22:04:17
12,18,1544,1,267,2,Driver was rude,2024-08-10 17:59:26
13,19,1361,17,133,5,Food was delicious,2026-01-04 16:54:25
14,21,2649,13,207,1,Driver was rude,2025-03-08 11:22:08
15,23,2794,20,178,3,Average experience,2025-06-26 00:57:16
16,24,998,16,12,4,Food was delicious,2025-05-24 09:59:50
17,25,1704,19,201,2,Not worth the price,2025-06-03 12:23:36
18,28,1406,12,229,5,Excellent service,2026-05-25 06:08:34
19,29,1007,7,347,4,Very fast delivery,2025-04-18 11:07:43
20,31,461,20,239,5,Very fast delivery,2024-10-03 21:11:22
21,32,592,2,57,4,Driver was polite,2025-11-11 16:36:02
22,33,1619,13,102,4,Highly recommended,2026-02-17 14:22:38
23,34,869,12,142,5,Driver was polite,2024-12-25 01:36:18
24,35,2851,20,303,3,Cold food,2024-12-10 16:58:31
25,36,1519,13,233,5,Excellent service,2025-11-29 12:20:12
26,37,73,2,399,4,Amazing restaurant,2025-03-07 00:12:44
27,38,1850,18,367,5,Food was delicious,2026-02-18 10:59:37
28,39,985,14,382,5,Very fast delivery,2025-07-08 19:36:28
29,40,1828,15,317,4,Highly recommended,2026-01-31 08:35:06
30,41,484,8,28,3,Driver was rude,2026-04-30 18:06:33
31,42,2325,16,378,2,Food quality could be better,2025-10-22 01:31:34
32,44,1867,13,77,5,Excellent service,2025-06-13 03:14:23
33,45,2587,3,8,3,Wrong order,2024-08-03 10:18:49
34,46,1623,20,121,5,Food was delicious,2025-08-28 01:32:38
35,47,825,8,266,4,Amazing restaurant,2026-04-10 08:44:15
36,48,422,14,382,2,Late delivery,2025-12-08 13:40:25
37,49,1582,20,236,5,Highly recommended,2025-03-02 12:41:06
38,50,2750,20,132,5,Excellent service,2026-06-16 01:07:30
39,51,1812,17,287,5,Highly recommended,2024-10-08 13:14:13
40,52,936,1,103,4,Fresh food,2025-03-25 21:28:31
41,53,815,5,360,3,Not worth the price,2024-10-21 07:05:43
42,55,759,10,262,4,Very fast delivery,2025-04-30 00:10:10
43,56,1973,2,364,5,Excellent service,2025-08-04 07:41:26
44,57,1742,7,281,1,Not worth the price,2025-11-13 00:05:43
45,58,2352,17,116,5,Fresh food,2025-08-18 17:42:23
46,59,2030,18,320,1,Not worth the price,2024-12-13 01:05:17
47,60,2952,2,98,3,Driver was rude,2024-12-12 15:41:35
48,61,763,9,291,2,Not worth the price,2025-01-12 16:14:56
49,62,2244,4,152,5,Excellent service,2024-09-05 19:42:22
50,63,2766,15,81,5,Perfect experience,2025-04-20 13:27:36
51,64,258,20,86,4,Fresh food,2025-11-04 07:15:18
52,66,1632,14,394,4,Very fast delivery,2025-04-06 19:32:39
53,67,2575,5,210,4,Excellent service,2025-01-25 10:48:35
54,69,2095,5,253,3,Not worth the price,2025-12-27 13:44:54
55,73,2736,4,203,5,Perfect experience,2025-01-04 22:14:06
56,75,1467,10,343,5,Very fast delivery,2025-10-23 15:05:47
57,76,581,20,172,5,Excellent service,2025-05-05 14:40:34
58,78,2559,12,324,5,Perfect experience,2026-04-10 00:51:34
59,81,941,19,105,5,Perfect experience,2024-10-19 12:32:24
60,83,319,10,266,5,Perfect experience,2025-06-30 14:49:19
61,84,2969,13,345,3,Wrong order,2025-12-31 23:57:29
62,85,747,12,283,5,Amazing restaurant,2025-07-31 05:22:03
63,90,1235,17,321,5,Highly recommended,2026-02-14 00:21:27
64,91,2144,8,147,4,Excellent service,2024-09-22 16:20:25
65,92,1484,2,17,5,Fresh food,2025-12-06 06:41:13
66,95,1718,6,383,1,Driver was rude,2024-12-26 11:31:53
67,96,2401,17,86,5,Excellent service,2025-07-24 16:20:00
68,97,2173,9,107,5,Fresh food,2025-05-29 15:31:10
69,99,1731,5,96,2,Driver was rude,2026-04-26 23:06:04
70,102,1500,3,25,3,Cold food,2025-03-06 01:32:50
71,105,2551,13,355,4,Food was delicious,2026-06-01 22:34:40
72,106,1334,1,338,5,Amazing restaurant,2026-05-10 00:05:03
73,108,458,19,99,5,Driver was polite,2025-03-22 01:06:45
74,111,170,4,71,5,Highly recommended,2025-02-03 19:00:58
75,116,2686,7,386,3,Wrong order,2025-02-14 16:41:41
76,118,2874,12,248,5,Perfect experience,2025-06-08 00:24:06
77,119,1160,16,191,3,Cold food,2024-09-08 10:28:07
78,120,2294,16,353,4,Fresh food,2025-02-06 19:02:27
79,122,239,5,71,5,Driver was polite,2024-11-30 23:25:01
80,123,395,9,13,4,Highly recommended,2024-12-26 12:49:59
81,125,1344,7,7,5,Excellent service,2025-07-15 04:15:01
82,126,2163,10,158,3,Late delivery,2026-04-13 00:38:33
83,127,1571,9,12,5,Highly recommended,2024-10-15 10:47:36
84,128,444,11,257,3,Cold food,2024-12-21 02:35:53
85,129,1111,20,287,1,Not worth the price,2025-01-27 02:19:45
86,130,1510,6,202,5,Very fast delivery,2025-11-05 14:01:39
87,131,1683,11,28,4,Very fast delivery,2025-03-14 04:01:47
88,132,2142,12,41,4,Fresh food,2026-05-03 10:03:24
89,136,1482,13,15,5,Fresh food,2025-12-25 19:02:45
90,138,337,8,51,2,Cold food,2026-03-14 01:42:55
91,139,2257,15,18,4,Perfect experience,2026-06-15 05:30:33
92,142,2513,1,147,5,Highly recommended,2025-02-02 14:03:25
93,143,1973,2,98,5,Highly recommended,2025-04-11 05:22:06
94,144,2088,1,24,3,Food quality could be better,2024-07-15 09:45:04
95,146,62,7,266,5,Excellent service,2025-02-25 00:38:25
96,148,2923,9,111,2,Driver was rude,2025-04-03 18:07:47
97,149,1293,12,202,5,Food was delicious,2025-02-17 08:44:07
98,150,1471,17,11,5,Fresh food,2026-01-15 04:20:50
99,151,1378,5,272,3,Not worth the price,2025-04-13 20:26:57
100,152,391,18,24,4,Perfect experience,2025-03-10 04:06:04
101,153,651,11,251,3,Late delivery,2025-10-15 09:39:58
102,155,616,18,343,5,Very fast delivery,2025-06-08 14:58:21
103,157,1894,10,90,1,Wrong order,2025-03-15 21:31:57
104,159,2114,13,227,4,Fresh food,2026-04-03 02:34:49
105,161,2963,10,37,4,Driver was polite,2025-09-26 14:16:46
106,165,1209,7,314,5,Highly recommended,2025-07-12 06:30:45
107,167,289,15,159,4,Very fast delivery,2026-01-24 03:23:54
108,168,2946,1,262,4,Very fast delivery,2025-01-09 02:40:05
109,169,503,3,360,5,Food was delicious,2025-02-19 08:27:06
110,170,1687,5,135,4,Highly recommended,2026-07-09 10:05:17
111,172,2256,15,43,4,Very fast delivery,2025-12-21 17:05:35
112,173,1304,9,234,3,Late delivery,2025-11-22 21:39:11
113,178,2103,13,38,5,Perfect experience,2025-01-27 15:56:30
114,179,1199,15,317,5,Driver was polite,2025-08-10 05:32:02
115,180,326,17,206,3,Not worth the price,2025-10-20 03:04:01
116,181,2638,1,253,5,Food was delicious,2024-12-23 10:27:01
117,182,1579,5,271,5,Highly recommended,2025-04-09 13:44:09
118,185,1615,1,16,5,Perfect experience,2025-07-11 15:43:02
119,186,2956,11,230,5,Highly recommended,2024-08-08 11:14:46
120,187,1919,11,71,5,Excellent service,2025-02-02 15:13:40
121,188,1066,16,234,5,Perfect experience,2026-02-18 04:33:55
122,189,2394,13,351,4,Food was delicious,2025-04-02 02:20:06
123,190,888,7,200,2,Food quality could be better,2024-09-25 09:40:00
124,191,2394,20,97,5,Perfect experience,2024-09-28 13:59:43
125,192,576,6,232,4,Amazing restaurant,2024-09-18 09:24:17
126,193,1202,14,382,5,Amazing restaurant,2025-05-05 23:08:44
127,194,447,20,276,2,Wrong order,2026-01-22 11:44:13
128,196,2077,19,267,4,Food was delicious,2025-03-31 03:11:15
129,197,2544,15,176,2,Late delivery,2025-09-10 16:20:53
130,198,106,7,130,4,Excellent service,2025-09-26 01:27:16
131,200,2790,6,40,5,Highly recommended,2024-12-25 12:28:07
132,205,2338,13,218,5,Driver was polite,2025-03-30 21:44:51
133,207,2191,10,80,5,Driver was polite,2024-08-17 04:06:01
134,211,2710,13,50,2,Poor packaging,2024-09-09 13:19:23
135,212,1592,4,381,5,Perfect experience,2025-02-27 07:01:18
136,213,1587,11,365,3,Not worth the price,2025-02-17 16:06:05
137,214,386,20,30,5,Perfect experience,2025-12-21 03:49:33
138,217,1417,5,71,4,Highly recommended,2026-01-05 10:31:53
139,218,1103,15,330,4,Driver was polite,2025-11-06 23:57:06
140,220,2802,15,368,5,Amazing restaurant,2025-07-22 00:14:01
141,221,686,2,221,4,Driver was polite,2025-06-27 02:09:34
142,222,1612,15,260,4,Perfect experience,2025-05-15 19:03:37
143,224,1893,8,136,5,Amazing restaurant,2024-11-30 20:06:50
144,228,1032,12,69,5,Amazing restaurant,2025-04-17 01:21:30
145,230,210,13,213,5,Highly recommended,2025-02-14 01:20:15
146,234,2107,17,182,5,Fresh food,2026-01-02 01:59:32
147,235,762,7,65,4,Very fast delivery,2025-03-25 09:15:13
148,237,687,15,188,4,Very fast delivery,2024-08-17 23:12:19
149,238,1563,2,306,5,Driver was polite,2025-09-16 12:16:04
150,244,903,2,98,5,Highly recommended,2025-07-29 14:58:31
151,245,2712,10,238,5,Food was delicious,2025-10-02 02:27:27
152,246,1611,12,283,5,Excellent service,2024-12-03 14:49:27
153,247,2581,17,15,4,Perfect experience,2026-02-15 04:23:00
154,248,1586,2,224,4,Food was delicious,2026-02-17 16:53:10
155,252,1460,15,322,4,Fresh food,2025-03-12 08:43:05
156,253,1600,4,343,4,Excellent service,2025-12-27 17:51:00
157,254,2559,12,85,5,Fresh food,2025-06-26 23:23:16
158,255,1565,7,381,4,Amazing restaurant,2024-08-05 00:20:47
159,256,437,4,39,5,Excellent service,2025-11-02 22:33:00
160,259,1981,4,267,5,Perfect experience,2025-05-26 14:27:35
161,260,862,6,282,4,Driver was polite,2026-04-26 23:50:23
162,261,2020,12,59,5,Food was delicious,2026-06-11 22:33:33
163,262,575,12,87,4,Perfect experience,2025-08-30 19:39:55
164,263,1704,11,149,3,Poor packaging,2026-01-08 04:39:00
165,264,963,3,347,4,Perfect experience,2025-08-04 08:00:29
166,265,1649,20,265,3,Late delivery,2025-02-23 08:50:17
167,267,1350,20,35,5,Food was delicious,2025-08-18 00:23:09
168,269,1843,20,355,5,Excellent service,2025-05-11 23:46:52
169,270,1981,11,340,5,Very fast delivery,2025-03-27 18:34:49
170,271,1288,2,66,4,Highly recommended,2026-04-01 23:14:11
171,276,592,2,296,5,Very fast delivery,2025-08-13 19:55:12
172,278,2616,19,250,5,Highly recommended,2025-01-18 06:31:59
173,279,2228,15,263,4,Driver was polite,2026-06-05 13:56:12
174,280,2455,16,32,5,Excellent service,2025-04-07 19:23:28
175,281,397,20,38,5,Food was delicious,2025-10-19 05:09:19
176,283,789,13,321,3,Wrong order,2024-12-06 21:13:01
177,284,52,20,133,4,Amazing restaurant,2026-04-02 12:36:30
178,285,2273,11,130,5,Highly recommended,2025-09-25 18:04:02
179,286,2524,17,184,5,Perfect experience,2025-02-25 15:21:06
180,290,1510,12,319,2,Late delivery,2026-06-25 17:56:45
181,291,798,14,382,4,Driver was polite,2026-07-07 22:11:58
182,296,572,17,49,4,Very fast delivery,2025-06-18 05:05:27
183,298,439,4,251,4,Perfect experience,2025-10-21 07:41:58
184,300,605,12,48,1,Driver was rude,2025-06-09 15:48:51
185,301,386,20,233,4,Very fast delivery,2025-07-05 08:51:37
186,303,1541,2,53,5,Very fast delivery,2026-04-18 17:25:01
187,308,2451,4,103,5,Driver was polite,2024-08-18 14:15:17
188,309,1765,17,119,5,Food was delicious,2025-01-20 20:48:27
189,310,2306,17,119,4,Perfect experience,2024-12-21 22:48:56
190,314,1803,10,320,3,Food quality could be better,2024-07-23 11:21:46
191,315,2024,13,121,5,Excellent service,2025-01-10 23:39:46
192,316,2493,2,364,5,Food was delicious,2026-03-11 03:23:21
193,317,1239,12,40,5,Highly recommended,2026-01-04 07:29:47
194,318,1009,7,326,5,Fresh food,2025-08-02 10:26:37
195,320,2807,7,339,5,Very fast delivery,2024-08-16 18:34:54
196,321,10,12,304,5,Perfect experience,2025-11-29 00:16:07
197,324,2983,20,276,4,Fresh food,2025-11-08 17:56:46
198,325,2730,2,224,2,Not worth the price,2024-08-17 05:06:25
199,328,1091,19,334,4,Driver was polite,2026-05-23 03:27:11
200,329,2617,17,35,3,Poor packaging,2025-04-15 19:39:17
201,333,2286,19,347,4,Excellent service,2025-06-06 04:50:15
202,334,2862,6,282,5,Food was delicious,2024-07-22 19:59:49
203,335,2630,1,250,4,Perfect experience,2026-01-15 23:06:28
204,337,1884,2,110,4,Excellent service,2026-02-03 06:38:40
205,338,1576,19,334,5,Perfect experience,2026-07-13 09:54:08
206,339,1487,5,84,3,Average experience,2024-07-22 11:51:55
207,340,1623,13,207,3,Driver was rude,2025-06-09 13:09:16
208,341,1202,14,394,5,Excellent service,2026-04-25 11:29:23
209,342,802,1,360,5,Very fast delivery,2025-02-12 08:35:36
210,343,2904,18,113,5,Fresh food,2025-02-17 16:16:09
211,344,1711,20,235,4,Perfect experience,2026-03-02 20:23:31
212,345,2042,14,382,5,Excellent service,2026-03-13 06:01:02
213,346,2299,11,251,3,Average experience,2025-11-07 19:27:33
214,348,2126,1,51,5,Excellent service,2024-07-16 02:53:09
215,352,2606,2,175,3,Not worth the price,2026-02-04 11:58:49
216,355,904,20,30,5,Fresh food,2025-05-14 05:33:14
217,356,1767,20,372,5,Perfect experience,2025-12-11 23:58:07
218,357,2368,5,31,2,Late delivery,2025-05-17 01:02:50
219,358,2494,4,271,5,Excellent service,2025-08-06 21:54:14
220,359,2358,2,221,3,Poor packaging,2024-11-08 11:42:52
221,362,686,2,364,5,Excellent service,2024-07-18 10:03:04
222,365,2753,20,121,5,Fresh food,2024-07-19 02:19:05
223,367,2194,12,375,2,Average experience,2025-08-09 23:08:33
224,369,1877,6,299,5,Very fast delivery,2024-11-09 10:18:46
225,371,928,2,66,5,Excellent service,2026-02-27 19:58:28
226,372,138,18,129,3,Late delivery,2025-08-11 04:00:14
227,374,2887,13,390,5,Food was delicious,2026-03-05 14:53:09
228,375,1059,6,229,5,Highly recommended,2025-12-15 08:28:29
229,376,418,1,183,4,Food was delicious,2025-09-12 14:35:48
230,377,541,6,189,4,Perfect experience,2025-02-20 17:33:14
231,378,2713,19,25,5,Food was delicious,2024-11-04 00:04:22
232,379,967,9,378,5,Excellent service,2025-02-04 07:24:14
233,380,2740,15,180,4,Amazing restaurant,2026-01-01 21:32:05
234,382,1518,5,333,3,Driver was rude,2026-06-02 07:39:10
235,385,274,18,347,2,Late delivery,2025-08-02 18:40:11
236,386,1371,12,322,4,Very fast delivery,2025-02-18 18:59:42
237,387,2848,7,251,5,Food was delicious,2024-07-18 19:47:12
238,388,1277,15,163,5,Driver was polite,2025-06-24 03:46:03
239,390,2944,20,106,5,Excellent service,2026-04-12 15:40:09
240,391,1990,10,126,5,Amazing restaurant,2025-05-03 07:10:17
241,392,2956,5,123,3,Driver was rude,2025-07-30 22:57:59
242,394,1306,11,4,3,Not worth the price,2026-05-06 15:55:37
243,395,2574,13,227,2,Cold food,2026-02-15 06:02:43
244,397,2055,19,253,5,Perfect experience,2025-11-18 06:42:16
245,399,373,17,174,3,Poor packaging,2024-12-08 00:54:48
246,400,880,6,330,5,Driver was polite,2024-11-24 19:21:32
247,403,2723,19,335,4,Excellent service,2025-06-03 22:17:01
248,405,2852,7,329,5,Amazing restaurant,2026-06-10 17:43:01
249,406,862,6,356,3,Driver was rude,2026-05-13 22:23:44
250,409,2852,11,80,4,Perfect experience,2026-01-02 01:17:45
251,411,2290,15,324,4,Perfect experience,2025-05-26 00:52:55
252,415,2219,7,42,4,Excellent service,2026-06-09 14:30:29
253,417,2572,8,311,2,Average experience,2026-01-03 16:27:30
254,419,2258,20,327,5,Food was delicious,2026-01-29 12:25:49
255,420,229,1,349,4,Very fast delivery,2025-03-14 06:05:05
256,421,437,19,23,5,Very fast delivery,2025-05-19 19:16:01
257,422,1612,15,260,5,Fresh food,2025-10-03 12:22:57
258,424,1500,10,230,5,Highly recommended,2025-04-23 03:31:44
259,427,1871,18,34,5,Driver was polite,2026-03-30 19:27:24
260,430,809,15,48,4,Perfect experience,2026-05-11 19:39:01
261,431,904,20,35,5,Food was delicious,2025-07-23 22:54:09
262,434,1750,13,141,5,Driver was polite,2024-12-02 21:33:36
263,435,1854,2,399,3,Driver was rude,2026-06-12 20:24:03
264,436,2668,13,97,5,Fresh food,2025-06-19 14:03:10
265,438,2230,2,242,5,Driver was polite,2024-11-20 03:53:28
266,440,606,8,335,5,Perfect experience,2025-06-11 08:12:35
267,441,618,13,86,3,Food quality could be better,2024-09-13 21:55:02
268,443,1087,1,335,5,Driver was polite,2026-01-20 05:30:07
269,444,421,19,16,1,Average experience,2024-10-09 02:25:44
270,449,1021,6,40,2,Late delivery,2024-09-08 14:28:02
271,452,2984,13,115,4,Amazing restaurant,2024-09-05 05:32:10
272,453,2974,15,328,4,Amazing restaurant,2025-05-12 08:08:52
273,455,1031,13,185,3,Driver was rude,2025-06-28 15:16:13
274,456,1797,10,272,5,Excellent service,2025-07-07 03:58:15
275,457,1067,8,147,5,Highly recommended,2026-02-15 13:10:48
276,458,2404,13,206,5,Amazing restaurant,2026-03-20 18:08:19
277,461,2757,14,122,5,Driver was polite,2025-07-31 17:44:16
278,462,2267,9,12,3,Driver was rude,2026-02-09 17:03:18
279,463,664,9,357,4,Fresh food,2025-07-31 18:58:59
280,464,187,10,251,3,Average experience,2026-06-16 09:41:38
281,465,807,16,194,4,Very fast delivery,2026-05-29 22:03:03
282,468,2423,3,201,5,Food was delicious,2026-05-14 22:03:04
283,470,719,20,206,5,Fresh food,2026-06-05 03:23:46
284,473,1439,19,16,4,Very fast delivery,2026-01-23 14:51:15
285,474,1617,6,48,4,Excellent service,2025-05-06 19:28:49
286,475,360,10,65,2,Not worth the price,2025-01-07 05:19:27
287,477,675,14,382,4,Perfect experience,2025-09-27 19:16:01
288,478,2388,2,66,2,Cold food,2026-04-20 10:56:51
289,481,1622,8,135,5,Fresh food,2025-01-06 00:49:01
290,482,1664,5,79,2,Cold food,2025-09-04 20:49:42
291,483,887,18,349,4,Highly recommended,2026-05-14 09:00:29
292,484,1301,13,131,3,Late delivery,2024-11-23 20:11:44
293,485,347,3,199,4,Food was delicious,2025-08-30 16:32:41
294,486,1629,13,119,5,Excellent service,2024-09-25 01:30:52
295,487,1052,12,18,5,Driver was polite,2025-01-10 16:22:28
296,488,2134,15,283,5,Excellent service,2024-11-22 05:55:19
297,489,594,18,210,4,Driver was polite,2024-09-01 15:54:28
298,491,2613,1,367,4,Fresh food,2024-07-31 06:17:40
299,492,441,19,289,3,Not worth the price,2025-10-18 22:21:44
300,493,1020,13,259,5,Excellent service,2025-04-28 15:17:17
301,494,922,2,98,5,Driver was polite,2024-10-21 03:06:59
302,495,1422,15,48,5,Amazing restaurant,2025-04-30 13:12:11
303,496,153,1,326,5,Highly recommended,2025-03-08 18:52:51
304,497,181,19,226,4,Very fast delivery,2025-05-20 18:21:09
305,498,2214,20,1,4,Very fast delivery,2025-10-27 04:46:54
306,499,493,3,71,5,Fresh food,2024-08-17 07:23:14
307,502,2944,20,102,4,Driver was polite,2025-04-11 12:27:50
308,503,872,2,110,3,Driver was rude,2026-06-14 21:12:41
309,504,1119,10,168,4,Driver was polite,2026-02-23 23:02:45
310,505,839,17,119,2,Wrong order,2025-08-11 03:14:51
311,506,675,14,394,5,Fresh food,2025-05-13 00:48:27
312,508,1959,8,24,3,Wrong order,2025-04-23 01:35:08
313,512,790,16,234,4,Very fast delivery,2024-09-08 06:36:20
314,516,2132,2,94,2,Late delivery,2026-02-09 00:56:25
315,517,452,10,126,4,Fresh food,2025-10-17 04:13:58
316,518,1850,3,29,4,Driver was polite,2025-12-17 09:02:41
317,519,1019,20,182,5,Amazing restaurant,2025-01-07 22:32:53
318,523,1338,19,129,5,Perfect experience,2024-11-01 04:31:18
319,524,273,16,318,4,Food was delicious,2026-07-07 12:03:19
320,525,2797,11,21,5,Driver was polite,2025-05-24 19:03:16
321,527,1681,20,11,5,Amazing restaurant,2024-10-01 13:03:07
322,530,1582,17,172,4,Amazing restaurant,2024-09-26 21:52:27
323,531,2575,3,74,5,Fresh food,2025-05-19 18:48:15
324,533,1780,15,354,1,Cold food,2026-04-27 11:37:16
325,535,2526,14,382,5,Food was delicious,2026-04-18 15:33:36
326,537,2661,20,245,4,Driver was polite,2026-01-20 08:01:07
327,539,1501,11,29,4,Fresh food,2024-10-07 00:22:44
328,540,2583,19,16,4,Amazing restaurant,2025-08-27 15:38:17
329,542,958,13,313,5,Very fast delivery,2024-10-26 09:00:34
330,543,1894,4,90,5,Very fast delivery,2024-09-26 02:45:51
331,544,505,2,57,5,Driver was polite,2026-05-14 21:58:02
332,545,2786,5,289,4,Amazing restaurant,2024-11-21 02:50:17
333,546,1011,7,274,3,Wrong order,2026-05-03 10:38:21
334,547,675,14,122,3,Food quality could be better,2025-06-16 22:33:15
335,548,1948,2,128,3,Late delivery,2026-01-13 04:50:30
336,549,1574,6,248,4,Excellent service,2025-10-23 17:30:01
337,550,1038,17,30,5,Perfect experience,2024-11-02 03:25:07
338,551,701,8,28,5,Very fast delivery,2024-08-27 19:40:35
339,552,749,19,28,4,Perfect experience,2025-06-16 09:29:40
340,553,2965,11,226,5,Perfect experience,2024-09-02 22:15:44
341,554,1702,3,135,4,Very fast delivery,2024-11-19 14:52:09
342,555,968,1,4,1,Poor packaging,2026-02-05 10:29:26
343,556,2641,7,164,5,Amazing restaurant,2025-01-07 11:43:11
344,558,168,12,330,4,Fresh food,2024-11-11 09:49:30
345,560,988,15,3,5,Excellent service,2026-01-29 02:47:16
346,561,48,6,180,5,Fresh food,2024-12-18 18:20:42
347,562,286,7,257,5,Excellent service,2024-09-29 09:06:10
348,563,2741,10,126,3,Poor packaging,2026-06-16 07:17:59
349,565,2130,8,161,3,Food quality could be better,2025-09-26 02:02:00
350,566,2414,11,183,1,Driver was rude,2025-02-24 12:58:02
351,568,479,18,209,3,Poor packaging,2025-03-22 10:28:01
352,569,2272,3,274,3,Not worth the price,2025-10-17 17:08:32
353,571,2730,2,255,5,Excellent service,2026-02-22 14:14:59
354,575,2165,13,213,4,Perfect experience,2025-11-20 19:14:05
355,576,184,10,79,5,Very fast delivery,2026-03-28 02:55:41
356,577,1775,19,320,5,Food was delicious,2025-07-26 10:17:33
357,578,1427,2,223,3,Driver was rude,2026-06-30 12:51:02
358,579,2236,19,339,2,Wrong order,2025-11-20 10:35:11
359,580,2827,17,345,4,Perfect experience,2024-10-08 06:30:49
360,582,1791,4,46,5,Very fast delivery,2025-02-17 04:43:28
361,584,2052,16,234,4,Highly recommended,2026-07-07 05:44:22
362,585,1287,12,138,4,Amazing restaurant,2026-01-05 14:24:09
363,586,924,5,311,2,Poor packaging,2024-08-14 15:18:04
364,590,181,1,320,5,Amazing restaurant,2026-06-06 02:13:29
365,592,1322,17,207,5,Excellent service,2025-04-11 10:55:32
366,596,2943,6,87,3,Wrong order,2025-06-13 09:37:14
367,598,1751,2,221,3,Driver was rude,2024-09-27 06:50:44
368,599,1076,6,275,5,Very fast delivery,2025-09-07 17:03:53
369,600,1470,15,263,2,Wrong order,2025-01-26 06:18:19
370,601,11,12,354,5,Food was delicious,2025-09-12 16:52:39
371,602,2640,16,353,5,Food was delicious,2026-02-06 15:14:43
372,603,1706,11,28,3,Poor packaging,2024-08-25 21:31:51
373,605,1157,7,334,5,Driver was polite,2026-04-21 01:06:25
374,606,1681,20,50,5,Food was delicious,2025-09-12 21:33:26
375,607,1310,15,317,5,Amazing restaurant,2026-06-06 03:06:26
376,609,15,11,123,3,Average experience,2026-01-27 15:52:35
377,611,1822,5,4,5,Very fast delivery,2025-09-12 05:32:09
378,612,208,9,191,4,Highly recommended,2025-08-25 21:43:05
379,614,2151,2,306,2,Poor packaging,2025-12-05 00:21:52
380,618,578,2,255,4,Food was delicious,2025-03-31 05:10:04
381,619,1361,20,106,4,Amazing restaurant,2024-08-07 23:53:42
382,620,2285,16,12,4,Driver was polite,2025-02-06 08:14:14
383,621,1262,20,97,4,Very fast delivery,2025-06-15 16:54:58
384,623,2093,20,287,4,Amazing restaurant,2025-12-16 14:53:30
385,624,729,20,233,5,Food was delicious,2026-04-12 07:32:33
386,625,663,11,325,4,Fresh food,2024-12-08 08:20:34
387,626,1576,8,99,5,Perfect experience,2025-04-08 09:40:43
388,627,971,6,317,2,Wrong order,2025-03-08 14:38:53
389,631,2912,19,271,5,Very fast delivery,2025-08-03 14:31:18
390,633,2729,16,352,4,Amazing restaurant,2024-07-30 18:07:25
391,636,1915,3,326,4,Driver was polite,2024-07-16 15:14:52
392,637,802,5,343,4,Very fast delivery,2024-10-24 20:29:14
393,640,2332,5,334,5,Driver was polite,2025-10-27 23:48:39
394,643,1360,15,189,4,Amazing restaurant,2025-08-21 03:08:01
395,644,1120,2,98,5,Perfect experience,2024-11-10 03:22:14
396,646,2505,10,135,4,Very fast delivery,2026-03-10 05:45:46
397,648,1464,19,320,5,Driver was polite,2025-02-02 22:33:17
398,649,1981,19,339,5,Food was delicious,2024-10-09 22:49:30
399,650,357,9,357,5,Very fast delivery,2026-04-17 04:56:08
400,652,494,7,126,3,Late delivery,2026-03-22 00:29:28
401,657,2011,2,98,4,Very fast delivery,2026-04-06 01:47:27
402,658,1524,13,256,4,Food was delicious,2025-08-23 19:00:54
403,659,1920,12,138,5,Highly recommended,2024-12-10 20:07:56
404,664,2356,13,11,1,Food quality could be better,2025-06-28 00:24:51
405,665,866,11,362,3,Not worth the price,2025-05-12 01:56:07
406,666,2656,3,311,5,Very fast delivery,2026-06-13 20:40:11
407,667,1259,16,72,5,Fresh food,2024-10-19 02:24:48
408,668,1933,8,96,3,Not worth the price,2025-01-07 04:38:43
409,669,2060,17,114,4,Perfect experience,2024-10-15 18:56:58
410,670,2743,4,238,5,Food was delicious,2025-06-06 09:54:36
411,671,828,20,218,5,Driver was polite,2024-07-24 17:10:56
412,672,476,3,365,2,Poor packaging,2026-06-18 06:48:57
413,674,13,5,145,5,Fresh food,2024-10-21 15:00:46
414,676,356,4,326,3,Poor packaging,2026-06-17 21:11:24
415,677,205,20,265,2,Driver was rude,2026-06-12 07:19:50
416,679,2481,2,221,3,Cold food,2025-07-12 15:08:17
417,683,790,16,234,4,Driver was polite,2025-04-10 07:07:23
418,684,2284,19,123,4,Food was delicious,2025-04-09 04:07:02
419,685,746,10,200,3,Poor packaging,2025-12-14 14:13:01
420,686,944,6,319,5,Fresh food,2026-01-22 10:23:06
421,687,2179,16,291,4,Fresh food,2026-06-10 05:16:37
422,688,1681,20,174,5,Highly recommended,2025-02-14 10:30:37
423,691,268,12,180,5,Excellent service,2024-11-06 05:13:52
424,692,67,8,84,1,Food quality could be better,2024-08-18 04:09:04
425,693,511,2,223,1,Poor packaging,2025-06-05 22:44:33
426,695,419,2,92,5,Very fast delivery,2024-11-19 00:34:03
427,697,193,19,335,4,Fresh food,2026-02-19 20:41:00
428,698,674,20,207,4,Food was delicious,2026-07-07 15:07:24
429,699,2329,8,289,4,Highly recommended,2024-09-06 21:26:15
430,700,859,7,246,5,Very fast delivery,2026-03-06 21:32:35
431,702,399,3,158,5,Food was delicious,2026-06-18 09:06:22
432,704,2992,6,244,5,Amazing restaurant,2026-01-04 02:39:29
433,706,936,18,281,5,Fresh food,2024-08-13 20:22:31
434,707,360,18,168,4,Fresh food,2026-03-12 03:28:26
435,708,2009,9,353,5,Food was delicious,2026-05-03 02:30:41
436,710,369,2,242,4,Excellent service,2026-03-25 11:38:22
437,712,1366,12,248,3,Wrong order,2025-09-18 07:44:00
438,713,1589,17,22,4,Excellent service,2025-12-24 11:35:00
439,714,449,11,320,3,Cold food,2026-06-11 10:24:41
440,718,1399,6,337,5,Highly recommended,2025-10-16 10:34:15
441,725,1748,20,309,1,Late delivery,2025-03-19 17:14:47
442,726,2159,18,323,5,Very fast delivery,2024-10-24 12:50:01
443,728,773,15,322,5,Highly recommended,2025-11-30 05:30:30
444,731,1782,11,130,4,Very fast delivery,2025-07-28 17:02:21
445,732,2147,4,99,4,Food was delicious,2026-01-19 13:15:34
446,733,1705,11,210,3,Wrong order,2025-04-01 06:09:01
447,734,1532,12,383,5,Fresh food,2025-03-05 09:05:48
448,735,2253,14,394,5,Very fast delivery,2026-01-26 15:17:05
449,737,261,6,260,5,Highly recommended,2024-10-23 09:12:12
450,738,352,17,390,4,Highly recommended,2026-01-09 05:14:09
451,741,786,17,218,4,Food was delicious,2024-09-01 13:25:20
452,742,102,13,310,3,Driver was rude,2025-10-02 00:17:46
453,743,888,7,136,5,Fresh food,2024-09-29 09:44:34
454,744,458,10,126,5,Food was delicious,2026-07-01 13:36:18
455,749,2654,2,294,2,Late delivery,2025-12-27 09:18:45
456,750,1614,17,284,2,Average experience,2025-09-30 23:44:02
457,751,200,20,239,3,Poor packaging,2026-03-10 19:02:10
458,753,944,12,138,5,Perfect experience,2024-09-09 22:20:49
459,754,2735,9,107,5,Driver was polite,2024-10-23 19:17:10
460,757,2618,18,166,3,Wrong order,2025-04-04 23:45:17
461,760,2603,8,168,5,Amazing restaurant,2025-05-04 23:26:36
462,761,1142,16,353,5,Amazing restaurant,2025-03-11 12:39:57
463,762,2128,8,103,5,Food was delicious,2024-10-25 17:49:28
464,764,1265,19,329,4,Highly recommended,2026-03-14 18:34:00
465,765,1228,7,250,4,Very fast delivery,2026-03-14 17:17:35
466,766,622,20,121,2,Cold food,2025-01-16 19:11:45
467,767,2429,17,35,4,Excellent service,2025-02-17 13:28:12
468,771,1367,4,367,5,Fresh food,2025-09-06 01:47:13
469,772,972,12,356,2,Food quality could be better,2025-07-29 19:23:02
470,774,2378,15,337,3,Cold food,2024-11-09 01:15:11
471,776,2427,12,165,4,Highly recommended,2025-11-01 06:36:55
472,778,772,13,127,4,Driver was polite,2026-02-19 06:08:35
473,779,2076,4,16,3,Food quality could be better,2026-07-04 08:29:23
474,780,160,7,34,4,Perfect experience,2026-05-07 09:56:03
475,781,1639,20,115,5,Very fast delivery,2026-01-20 23:07:29
476,784,2313,17,38,3,Average experience,2024-10-17 10:07:52
477,785,1601,5,252,5,Perfect experience,2026-06-25 13:06:17
478,786,2215,19,168,4,Perfect experience,2024-07-24 22:03:55
479,788,723,17,86,5,Food was delicious,2025-10-07 00:26:16
480,789,1304,16,32,5,Perfect experience,2026-02-17 02:09:52
481,790,2583,19,369,4,Fresh food,2025-07-23 06:08:13
482,791,2652,19,261,5,Perfect experience,2026-02-07 04:37:50
483,792,2606,2,110,3,Poor packaging,2026-04-02 08:50:51
484,794,709,5,362,4,Food was delicious,2024-09-21 14:10:17
485,795,1625,10,325,3,Food quality could be better,2026-07-04 14:51:41
486,797,2077,5,51,5,Driver was polite,2026-04-23 16:14:19
487,801,1048,10,65,4,Very fast delivery,2025-04-10 13:20:38
488,803,1374,2,57,3,Average experience,2024-10-19 14:26:19
489,804,2599,12,43,5,Food was delicious,2024-12-11 18:29:21
490,809,1981,10,346,5,Amazing restaurant,2025-02-09 14:19:28
491,811,605,6,366,3,Cold food,2024-07-19 16:43:57
492,816,2887,13,169,5,Perfect experience,2025-10-28 23:16:56
493,819,1531,10,84,5,Perfect experience,2024-10-11 06:07:12
494,824,621,16,107,3,Food quality could be better,2025-05-23 15:37:55
495,828,347,3,153,5,Fresh food,2024-09-13 19:25:38
496,829,2849,19,367,4,Driver was polite,2025-02-16 12:24:43
497,832,2714,12,368,5,Food was delicious,2026-05-02 08:44:33
498,834,2965,3,326,3,Late delivery,2025-12-09 07:28:09
499,835,2235,1,149,5,Perfect experience,2025-04-23 00:09:17
500,838,755,6,354,4,Amazing restaurant,2025-02-01 15:32:11
501,840,916,2,92,5,Amazing restaurant,2025-02-24 19:17:31
502,841,2397,8,219,5,Fresh food,2024-09-29 20:35:34
503,842,1701,15,366,4,Highly recommended,2026-04-25 05:24:34
504,843,1436,14,122,3,Driver was rude,2025-12-21 19:19:55
505,844,2282,19,99,3,Poor packaging,2025-08-28 23:25:38
506,845,1963,13,97,5,Driver was polite,2025-02-06 08:48:55
507,847,1811,12,366,5,Driver was polite,2024-12-28 17:02:58
508,848,2873,18,160,4,Food was delicious,2025-01-17 14:49:50
509,849,1220,13,121,1,Cold food,2024-12-27 16:35:28
510,852,1009,3,46,2,Driver was rude,2026-01-17 07:20:48
511,854,915,10,246,5,Fresh food,2026-02-28 11:47:31
512,856,2497,12,304,5,Perfect experience,2025-09-24 08:54:46
513,858,2861,20,1,5,Very fast delivery,2025-04-22 05:05:34
514,860,2054,13,162,5,Food was delicious,2026-05-02 20:17:08
515,861,2031,18,246,5,Fresh food,2024-11-18 13:45:09
516,864,2737,7,290,4,Highly recommended,2024-08-20 01:29:02
517,866,77,19,150,4,Amazing restaurant,2025-04-01 08:32:46
518,867,287,17,207,5,Driver was polite,2025-05-20 03:36:23
519,868,1130,3,238,4,Fresh food,2026-03-04 07:48:54
520,869,2921,11,289,5,Driver was polite,2024-09-28 03:34:00
521,871,1466,10,210,4,Amazing restaurant,2026-05-19 23:36:44
522,873,133,12,383,3,Average experience,2026-03-25 08:07:50
523,875,2837,4,16,3,Poor packaging,2026-01-20 21:33:45
524,876,739,16,191,4,Perfect experience,2024-09-29 23:51:50
525,877,1389,13,121,3,Late delivery,2026-03-29 14:30:48
526,879,1872,20,106,2,Not worth the price,2025-12-27 19:59:36
527,881,2701,11,135,5,Food was delicious,2025-06-27 17:18:07
528,882,2693,20,214,5,Very fast delivery,2024-12-08 09:44:44
529,883,317,2,173,4,Excellent service,2025-01-19 21:00:04
530,884,1130,5,261,3,Not worth the price,2025-04-17 14:09:19
531,887,139,1,388,5,Very fast delivery,2025-11-26 01:14:39
532,888,408,17,124,5,Very fast delivery,2025-10-11 15:00:21
533,889,653,17,214,4,Amazing restaurant,2024-11-22 10:07:39
534,892,237,7,153,5,Food was delicious,2025-05-20 12:34:17
535,894,2158,5,96,4,Excellent service,2026-04-21 17:10:19
536,895,1873,15,317,1,Poor packaging,2025-06-22 01:28:17
537,899,162,16,12,5,Driver was polite,2025-05-30 02:17:53
538,900,2802,15,176,1,Driver was rude,2025-04-06 19:13:37
539,903,2907,16,196,5,Highly recommended,2025-07-15 17:06:21
540,904,2532,11,36,4,Very fast delivery,2025-12-04 04:39:07
541,905,213,7,199,5,Amazing restaurant,2024-11-25 08:44:31
542,909,951,20,227,2,Late delivery,2025-08-14 22:33:06
543,911,365,5,281,4,Highly recommended,2024-07-23 14:14:10
544,912,597,13,259,5,Food was delicious,2024-11-17 09:49:33
545,913,1029,19,134,5,Highly recommended,2026-02-16 04:17:14
546,914,484,19,145,5,Food was delicious,2025-08-11 07:09:13
547,917,1477,10,118,4,Perfect experience,2026-02-23 15:26:11
548,918,747,12,87,4,Very fast delivery,2025-08-05 20:40:32
549,919,2426,11,336,3,Average experience,2025-07-29 18:20:06
550,921,1705,3,204,5,Very fast delivery,2024-12-03 16:42:18
551,922,601,6,328,4,Driver was polite,2024-12-18 23:59:07
552,923,1931,10,135,3,Average experience,2024-07-17 12:50:58
553,924,2388,2,255,5,Amazing restaurant,2025-04-07 22:30:10
554,925,627,14,122,5,Fresh food,2025-01-19 02:20:51
555,927,67,7,123,5,Very fast delivery,2025-03-16 00:22:59
556,928,1808,12,368,5,Driver was polite,2026-04-06 15:14:26
557,929,1716,3,329,4,Fresh food,2026-04-17 10:26:29
558,930,1413,13,372,4,Food was delicious,2025-10-24 06:39:24
559,932,2161,9,341,5,Food was delicious,2025-05-17 05:03:57
560,933,246,15,189,4,Fresh food,2026-04-26 07:33:33
561,935,3,4,134,5,Excellent service,2025-10-14 16:40:24
562,936,2762,8,160,5,Perfect experience,2025-06-14 19:38:50
563,939,11,12,138,5,Perfect experience,2025-05-15 10:20:52
564,941,2795,20,132,4,Fresh food,2026-06-04 07:30:04
565,942,2294,16,357,5,Highly recommended,2026-04-28 19:02:53
566,944,671,14,382,4,Perfect experience,2026-05-20 14:43:02
567,947,1535,9,107,3,Not worth the price,2024-09-01 11:32:34
568,948,1122,7,134,3,Poor packaging,2025-01-23 05:42:19
569,949,2215,1,101,5,Very fast delivery,2024-11-20 09:50:35
570,952,2775,6,69,4,Food was delicious,2025-11-03 22:48:25
571,955,1180,12,232,5,Highly recommended,2025-07-20 07:07:15
572,956,1894,18,21,2,Wrong order,2025-03-07 06:03:30
573,958,665,15,112,4,Excellent service,2025-02-25 20:28:38
574,959,632,20,233,5,Highly recommended,2025-04-20 08:32:15
575,960,1411,6,165,3,Cold food,2025-09-22 10:14:58
576,961,1234,17,30,5,Excellent service,2026-03-17 19:28:17
577,962,1581,13,190,2,Poor packaging,2026-04-22 06:28:24
578,963,2766,6,330,5,Very fast delivery,2024-09-19 11:02:14
579,965,1655,2,242,5,Perfect experience,2026-03-28 18:28:43
580,967,1109,17,30,3,Wrong order,2025-10-07 02:43:43
581,970,2952,2,305,5,Food was delicious,2024-08-13 01:15:14
582,971,2884,8,160,1,Poor packaging,2026-02-25 00:22:51
583,973,780,15,304,4,Food was delicious,2025-06-01 13:52:53
584,977,4,1,360,4,Amazing restaurant,2024-09-19 04:40:11
585,978,653,13,91,4,Driver was polite,2025-07-25 21:24:58
586,980,574,2,255,5,Highly recommended,2026-03-16 08:16:47
587,981,280,20,91,4,Very fast delivery,2025-04-13 13:06:07
588,982,2551,13,327,4,Very fast delivery,2025-05-15 10:40:46
589,984,720,14,394,5,Food was delicious,2024-12-21 16:13:52
590,986,1195,13,119,5,Very fast delivery,2024-12-29 13:25:40
591,988,9,4,358,3,Late delivery,2026-01-26 15:50:07
592,989,2166,1,42,4,Amazing restaurant,2024-08-17 20:46:39
593,990,1189,6,299,5,Excellent service,2024-12-26 00:16:06
594,991,40,6,3,4,Driver was polite,2024-10-12 16:48:01
595,993,1268,13,184,5,Very fast delivery,2026-05-19 03:41:23
596,994,2691,4,226,3,Poor packaging,2025-04-28 21:21:39
597,995,2149,11,326,5,Very fast delivery,2024-08-27 08:50:33
598,996,1833,3,168,3,Average experience,2026-02-26 07:04:21
599,997,2493,2,66,4,Very fast delivery,2025-07-21 16:05:53
600,998,584,8,134,1,Average experience,2024-10-16 10:40:45
601,1001,2640,9,291,4,Highly recommended,2026-04-03 07:33:09
602,1002,1964,16,220,4,Food was delicious,2025-02-08 07:14:03
603,1003,2598,12,189,2,Late delivery,2025-10-08 12:42:29
604,1004,2738,5,152,3,Average experience,2025-04-09 13:47:27
605,1005,564,7,135,5,Amazing restaurant,2025-09-27 22:20:59
606,1007,562,1,145,3,Not worth the price,2026-05-19 03:38:21
607,1008,1559,7,250,3,Late delivery,2025-11-19 04:01:11
608,1009,1859,3,161,3,Average experience,2024-10-30 19:09:44
609,1010,851,1,145,5,Food was delicious,2025-11-29 20:49:36
610,1011,243,3,400,4,Excellent service,2024-08-15 07:46:28
611,1013,2300,3,199,4,Very fast delivery,2025-03-31 08:44:09
612,1016,2122,13,213,5,Food was delicious,2025-12-03 13:55:04
613,1017,1061,17,131,1,Poor packaging,2025-06-05 00:16:01
614,1018,1837,10,334,5,Fresh food,2026-03-19 12:39:58
615,1019,2932,10,388,3,Late delivery,2024-07-16 00:09:55
616,1020,1367,8,158,5,Fresh food,2026-04-20 03:28:38
617,1022,2915,12,319,3,Food quality could be better,2025-03-07 04:17:21
618,1023,1172,9,72,5,Fresh food,2024-07-18 05:23:04
619,1024,2661,13,236,3,Late delivery,2025-10-14 02:27:27
620,1029,424,4,166,5,Driver was polite,2025-01-04 17:09:25
621,1031,1145,17,169,5,Driver was polite,2026-06-18 15:17:04
622,1032,2226,2,94,5,Highly recommended,2025-01-06 18:36:53
623,1035,2525,2,53,3,Driver was rude,2024-11-25 15:39:20
624,1036,484,19,168,4,Perfect experience,2026-02-12 15:25:08
625,1037,637,5,123,2,Driver was rude,2026-07-05 12:34:58
626,1039,2435,13,106,4,Very fast delivery,2025-12-15 17:08:15
627,1041,2725,10,350,5,Perfect experience,2025-12-27 10:46:10
628,1042,700,8,388,4,Amazing restaurant,2026-03-13 16:31:13
629,1043,1085,9,341,4,Highly recommended,2025-02-14 22:40:49
630,1044,1521,7,226,5,Driver was polite,2025-11-18 10:21:07
631,1045,749,11,349,5,Amazing restaurant,2025-04-11 01:08:56
632,1046,2104,20,214,5,Amazing restaurant,2025-02-15 15:12:16
633,1049,914,11,39,3,Poor packaging,2026-06-15 01:06:37
634,1051,2769,13,245,2,Average experience,2024-09-24 13:43:38
635,1052,2401,13,30,5,Very fast delivery,2025-03-27 08:50:09
636,1053,477,8,200,5,Fresh food,2024-10-01 06:11:06
637,1054,2219,19,325,5,Food was delicious,2024-10-13 17:45:57
638,1056,338,15,263,5,Fresh food,2026-05-03 02:21:39
639,1058,1882,12,283,2,Not worth the price,2025-06-24 21:14:52
640,1059,1946,4,343,5,Perfect experience,2026-05-12 14:42:51
641,1060,1481,19,360,5,Very fast delivery,2024-12-03 01:00:16
642,1064,1532,12,282,3,Not worth the price,2025-09-04 13:58:49
643,1065,1886,3,210,4,Food was delicious,2026-05-20 23:03:34
644,1066,1712,3,350,5,Very fast delivery,2026-06-13 07:27:18
645,1069,2232,2,242,3,Food quality could be better,2025-03-20 01:46:54
646,1073,959,14,394,4,Very fast delivery,2025-03-13 19:30:48
647,1075,2076,1,46,5,Driver was polite,2026-06-29 18:37:01
648,1077,1226,10,281,4,Highly recommended,2024-07-25 23:17:02
649,1080,1336,11,271,4,Highly recommended,2025-05-20 14:25:39
650,1082,2872,7,335,4,Fresh food,2025-06-18 18:24:56
651,1083,2489,9,341,2,Wrong order,2025-05-23 21:06:53
652,1085,2441,10,36,5,Fresh food,2026-06-27 02:34:04
653,1086,915,8,7,4,Fresh food,2025-03-02 04:41:13
654,1087,2700,2,364,2,Food quality could be better,2026-05-19 15:25:51
655,1088,2931,5,400,4,Highly recommended,2025-09-05 09:37:56
656,1089,1520,14,122,5,Very fast delivery,2026-07-01 22:03:00
657,1090,1749,11,209,5,Perfect experience,2025-03-09 15:25:25
658,1091,2924,14,382,5,Food was delicious,2026-05-08 21:46:25
659,1095,224,12,146,4,Amazing restaurant,2025-04-22 12:47:42
660,1096,567,19,160,5,Food was delicious,2025-08-02 10:49:36
661,1097,2108,6,322,4,Food was delicious,2025-03-29 07:18:27
662,1099,1277,12,85,3,Late delivery,2024-10-25 21:57:19
663,1100,1815,3,29,4,Driver was polite,2025-09-25 05:06:49
664,1101,34,2,128,4,Excellent service,2024-07-27 07:59:20
665,1103,2617,13,132,5,Excellent service,2024-10-09 16:34:49
666,1106,561,5,137,4,Amazing restaurant,2026-04-18 09:58:24
667,1107,1965,20,47,5,Excellent service,2025-03-23 23:21:32
668,1108,1784,1,153,5,Excellent service,2024-08-12 01:45:03
669,1111,1259,9,380,5,Driver was polite,2025-10-14 06:59:44
670,1112,1762,15,248,5,Perfect experience,2025-12-27 17:01:34
671,1113,2063,20,303,2,Poor packaging,2025-10-17 11:10:08
672,1114,1267,15,263,2,Not worth the price,2025-07-06 21:19:48
673,1116,2357,6,19,5,Amazing restaurant,2024-10-17 03:56:42
674,1119,2226,2,255,4,Fresh food,2024-10-15 10:09:30
675,1120,2117,17,119,3,Food quality could be better,2025-04-03 00:58:56
676,1122,2097,1,388,1,Food quality could be better,2026-05-11 11:41:52
677,1124,795,4,274,3,Food quality could be better,2026-04-23 16:23:49
678,1125,2681,13,218,5,Excellent service,2025-06-20 12:14:58
679,1126,1190,14,122,5,Fresh food,2024-07-16 13:36:03
680,1131,2848,19,338,5,Very fast delivery,2026-02-21 09:20:50
681,1133,1260,17,157,5,Highly recommended,2025-07-08 10:14:33
682,1134,694,10,266,2,Driver was rude,2025-11-12 00:59:47
683,1136,229,5,29,5,Food was delicious,2024-10-14 02:04:09
684,1139,409,17,376,5,Driver was polite,2026-04-29 23:16:23
685,1140,1171,15,304,4,Perfect experience,2025-02-05 03:10:23
686,1141,1691,8,252,3,Late delivery,2025-08-16 11:22:21
687,1142,215,10,334,4,Driver was polite,2024-11-26 04:51:47
688,1143,2818,17,35,5,Driver was polite,2025-02-23 01:39:26
689,1145,122,12,263,5,Amazing restaurant,2024-12-11 05:59:59
690,1147,283,13,115,4,Driver was polite,2026-06-30 04:07:40
691,1151,64,8,34,3,Driver was rude,2025-07-08 00:51:02
692,1152,1029,8,346,5,Driver was polite,2026-06-23 00:40:46
693,1153,1564,12,315,4,Excellent service,2024-12-12 08:00:04
694,1154,1297,6,19,4,Perfect experience,2025-02-01 22:52:02
695,1156,165,17,303,5,Food was delicious,2025-09-29 15:27:26
696,1164,2414,7,31,3,Driver was rude,2025-11-13 20:09:45
697,1165,2203,17,10,5,Driver was polite,2025-10-09 14:35:04
698,1168,2938,7,8,3,Driver was rude,2024-11-11 14:12:48
699,1174,2269,1,105,4,Perfect experience,2025-10-15 12:19:02
700,1175,411,15,283,4,Highly recommended,2025-08-04 11:36:29
701,1176,2397,8,335,2,Wrong order,2026-04-18 01:11:02
702,1177,421,5,39,4,Highly recommended,2025-08-05 02:10:41
703,1178,1129,17,355,3,Average experience,2026-02-09 02:01:33
704,1179,2463,9,72,4,Food was delicious,2026-05-11 08:51:33
705,1180,183,6,229,2,Average experience,2026-03-04 12:08:19
706,1182,2486,12,81,5,Very fast delivery,2024-09-13 12:26:52
707,1184,2424,8,252,4,Food was delicious,2026-01-28 23:09:29
708,1187,661,15,304,2,Cold food,2024-12-04 16:59:42
709,1188,2174,1,261,3,Driver was rude,2024-07-22 17:27:28
710,1189,2294,16,357,4,Fresh food,2025-01-03 04:19:29
711,1190,2230,2,224,3,Driver was rude,2025-02-17 18:57:38
712,1192,2398,13,303,5,Very fast delivery,2025-08-21 08:04:02
713,1196,1264,13,259,5,Perfect experience,2025-12-29 13:38:48
714,1198,2372,2,305,4,Highly recommended,2026-06-18 04:05:07
715,1201,281,11,262,3,Average experience,2025-03-08 07:54:13
716,1202,322,15,248,4,Very fast delivery,2025-05-29 20:55:56
717,1203,1992,20,310,3,Not worth the price,2026-07-13 03:04:19
718,1206,1461,13,355,3,Average experience,2025-10-24 21:39:46
719,1207,850,13,50,4,Perfect experience,2024-09-23 10:57:18
720,1209,1499,8,251,5,Food was delicious,2025-11-06 09:56:52
721,1210,2312,9,234,5,Driver was polite,2025-04-05 03:14:49
722,1212,1231,19,166,3,Driver was rude,2025-10-28 18:55:28
723,1215,1226,1,335,2,Poor packaging,2025-09-23 02:11:07
724,1217,348,5,320,5,Food was delicious,2026-05-12 10:09:18
725,1218,1507,10,152,3,Cold food,2025-01-25 17:09:47
726,1222,802,8,362,5,Food was delicious,2025-12-29 03:50:14
727,1223,2186,15,142,4,Amazing restaurant,2024-08-22 16:21:43
728,1224,2802,6,337,5,Food was delicious,2025-11-16 19:48:43
729,1226,1246,12,146,4,Highly recommended,2024-12-08 07:20:26
730,1227,2837,18,325,5,Very fast delivery,2026-05-18 09:00:02
731,1228,1196,3,39,5,Highly recommended,2026-04-17 14:36:38
732,1229,2882,11,246,1,Wrong order,2025-05-02 18:55:04
733,1232,2831,12,315,3,Wrong order,2025-11-02 17:57:25
734,1235,246,12,180,5,Food was delicious,2024-11-25 02:59:25
735,1238,1717,15,328,3,Average experience,2026-01-03 22:23:03
736,1239,2261,8,84,5,Excellent service,2025-02-08 19:12:38
737,1244,1068,15,328,4,Excellent service,2024-09-20 11:27:43
738,1245,140,13,30,5,Driver was polite,2024-11-19 11:57:10
739,1246,853,13,376,3,Wrong order,2024-12-06 13:00:22
740,1247,429,20,93,4,Food was delicious,2025-07-14 04:05:16
741,1248,2588,9,357,5,Amazing restaurant,2025-02-19 15:59:50
742,1249,2520,3,71,4,Excellent service,2025-10-08 03:14:40
743,1250,191,17,307,5,Highly recommended,2025-03-11 00:57:26
744,1251,42,12,69,5,Driver was polite,2025-01-06 06:19:11
745,1252,974,17,214,3,Cold food,2026-06-10 12:35:40
746,1253,122,6,283,3,Average experience,2025-09-16 15:18:57
747,1256,2593,13,151,5,Fresh food,2026-01-20 05:30:56
748,1259,2082,12,202,5,Amazing restaurant,2025-05-07 21:22:33
749,1260,1694,17,376,4,Excellent service,2026-03-15 13:09:33
750,1262,2283,2,195,4,Food was delicious,2024-12-25 02:28:28
751,1265,2048,14,122,5,Amazing restaurant,2026-01-08 10:47:59
752,1266,1238,17,351,5,Excellent service,2025-07-10 05:21:24
753,1267,1749,3,36,4,Perfect experience,2025-08-04 14:10:30
754,1268,585,11,226,5,Highly recommended,2026-06-10 17:49:44
755,1270,25,7,226,4,Driver was polite,2024-08-16 08:06:18
756,1271,1489,11,266,4,Driver was polite,2026-06-05 20:19:28
757,1272,2638,7,246,5,Very fast delivery,2024-10-16 04:38:45
758,1273,642,15,85,5,Food was delicious,2025-10-17 01:13:53
759,1276,2350,4,350,3,Driver was rude,2026-06-22 03:34:21
760,1279,4,10,71,5,Amazing restaurant,2025-03-05 16:01:07
761,1281,447,17,372,5,Food was delicious,2025-12-22 19:40:28
762,1284,347,18,134,5,Excellent service,2025-10-15 04:36:00
763,1286,1299,14,122,5,Fresh food,2024-08-15 09:47:38
764,1287,889,1,101,5,Very fast delivery,2025-04-17 07:34:45
765,1288,749,18,164,5,Very fast delivery,2025-10-02 16:25:11
766,1290,2649,17,1,5,Driver was polite,2025-12-01 16:55:35
767,1291,1296,12,87,5,Fresh food,2025-08-10 23:36:39
768,1292,215,5,21,5,Food was delicious,2026-06-12 05:57:52
769,1293,2940,2,242,4,Very fast delivery,2025-03-30 04:21:45
770,1294,2960,2,66,5,Driver was polite,2026-03-03 20:42:08
771,1295,2699,6,202,5,Food was delicious,2024-11-09 02:15:19
772,1296,1791,19,113,5,Excellent service,2026-01-05 04:40:32
773,1297,2354,13,77,5,Fresh food,2025-01-30 11:27:08
774,1300,712,4,252,5,Highly recommended,2025-01-29 09:35:08
775,1301,2946,1,210,5,Excellent service,2025-03-08 05:18:39
776,1304,2264,6,368,4,Driver was polite,2025-01-17 05:16:09
777,1305,2008,18,333,3,Poor packaging,2025-10-19 22:43:27
778,1307,341,2,242,4,Very fast delivery,2026-01-30 04:37:09
779,1308,260,15,315,4,Highly recommended,2026-07-03 10:00:20
780,1311,1593,12,315,5,Fresh food,2025-10-12 03:58:30
781,1315,1863,17,93,5,Food was delicious,2024-11-26 08:05:48
782,1316,2491,11,204,4,Very fast delivery,2026-01-06 15:20:36
783,1317,102,20,35,3,Cold food,2025-10-27 06:43:57
784,1318,2806,13,47,3,Not worth the price,2026-05-21 21:31:31
785,1319,2679,10,253,4,Food was delicious,2025-12-07 07:54:00
786,1320,581,17,245,4,Driver was polite,2025-01-06 12:28:33
787,1321,1826,7,39,5,Amazing restaurant,2024-12-17 07:16:25
788,1323,41,12,112,5,Driver was polite,2025-01-06 10:23:21
789,1324,2168,9,302,3,Late delivery,2026-01-24 21:09:00
790,1325,1197,3,320,4,Driver was polite,2025-12-25 18:31:02
791,1330,311,6,138,5,Very fast delivery,2025-11-18 21:40:07
792,1335,202,11,36,2,Late delivery,2025-05-27 02:20:29
793,1336,2234,20,141,5,Excellent service,2025-10-17 02:30:32
794,1337,1569,9,107,3,Food quality could be better,2025-09-09 09:01:06
795,1339,2507,5,51,5,Perfect experience,2025-05-29 09:15:08
796,1343,1195,13,303,5,Perfect experience,2024-07-28 06:04:17
797,1346,2640,16,378,4,Driver was polite,2024-08-25 21:47:23
798,1347,1990,1,339,4,Fresh food,2025-07-22 14:20:39
799,1350,651,10,374,4,Amazing restaurant,2026-01-13 02:32:02
800,1351,1185,6,112,5,Highly recommended,2026-07-15 12:21:34
801,1354,275,12,229,4,Perfect experience,2025-01-05 09:34:48
802,1357,1261,20,49,5,Excellent service,2025-01-15 21:30:14
803,1359,1001,11,340,5,Food was delicious,2025-06-14 06:31:44
804,1362,2580,15,328,3,Wrong order,2025-04-08 05:04:41
805,1364,1010,12,299,5,Highly recommended,2026-01-17 04:37:47
806,1365,311,12,248,5,Food was delicious,2024-10-27 23:56:51
807,1366,1016,1,226,3,Cold food,2024-07-21 23:32:11
808,1368,678,8,135,5,Driver was polite,2024-09-06 23:56:46
809,1369,2236,7,23,5,Food was delicious,2024-08-19 21:15:19
810,1371,816,2,94,2,Wrong order,2025-02-10 23:12:27
811,1372,116,5,349,3,Wrong order,2025-09-30 20:14:31
812,1374,624,9,72,4,Perfect experience,2026-01-15 02:05:18
813,1376,2647,20,345,4,Excellent service,2024-09-23 17:30:50
814,1377,1211,10,349,1,Poor packaging,2024-09-24 18:17:26
815,1379,1686,10,274,2,Poor packaging,2025-03-20 12:05:11
816,1381,769,11,388,4,Fresh food,2025-10-14 15:14:31
817,1382,2289,13,372,4,Driver was polite,2026-06-24 09:20:44
818,1384,2586,2,399,3,Food quality could be better,2025-06-13 01:39:09
819,1386,2559,12,202,5,Driver was polite,2024-09-19 21:33:12
820,1387,137,8,168,3,Average experience,2026-02-09 20:58:42
821,1388,871,11,362,5,Amazing restaurant,2025-04-04 01:41:37
822,1389,2507,3,105,5,Very fast delivery,2024-07-25 15:36:47
823,1391,916,2,288,4,Perfect experience,2026-05-17 20:49:10
824,1392,993,8,243,1,Late delivery,2026-04-17 20:19:13
825,1393,1465,20,97,3,Cold food,2025-11-10 02:03:17
826,1398,223,7,343,4,Very fast delivery,2025-04-09 20:45:15
827,1399,449,11,21,5,Very fast delivery,2026-06-15 16:14:15
828,1401,1484,2,175,4,Perfect experience,2026-04-21 07:25:25
829,1402,1757,17,132,4,Perfect experience,2024-09-03 05:57:19
830,1403,1200,2,53,4,Very fast delivery,2026-05-09 13:07:44
831,1404,98,17,133,1,Average experience,2025-02-17 06:06:20
832,1405,1746,17,1,5,Driver was polite,2025-02-07 03:03:49
833,1406,1886,19,286,4,Excellent service,2026-05-05 21:35:38
834,1407,1242,5,7,5,Driver was polite,2026-06-22 07:12:38
835,1410,2170,8,71,5,Fresh food,2026-05-18 08:49:56
836,1411,1059,6,54,5,Very fast delivery,2024-08-28 09:46:49
837,1413,2151,2,53,4,Food was delicious,2026-05-01 04:26:55
838,1414,298,20,49,5,Highly recommended,2025-11-21 12:32:39
839,1415,2383,17,116,2,Late delivery,2026-06-11 20:02:44
840,1416,198,10,238,5,Driver was polite,2025-07-17 01:25:46
841,1417,2015,18,210,5,Excellent service,2024-12-26 13:39:34
842,1418,2988,19,129,5,Very fast delivery,2024-10-27 16:45:47
843,1420,828,20,182,5,Driver was polite,2024-08-24 11:54:32
844,1421,476,7,204,5,Highly recommended,2025-11-02 05:15:59
845,1422,1682,5,286,4,Food was delicious,2026-05-26 16:09:57
846,1423,561,3,199,4,Highly recommended,2024-10-25 16:40:48
847,1425,2285,16,196,4,Highly recommended,2024-08-03 20:48:20
848,1427,2000,10,266,5,Fresh food,2024-07-29 15:11:34
849,1428,345,17,10,4,Highly recommended,2026-01-14 03:32:33
850,1430,446,13,22,3,Poor packaging,2025-03-19 17:26:58
851,1432,2806,13,184,3,Not worth the price,2024-07-22 23:27:02
852,1433,2937,6,317,5,Fresh food,2025-09-30 20:09:49
853,1434,1662,7,118,5,Perfect experience,2026-05-17 10:28:05
854,1435,1291,13,185,5,Food was delicious,2024-11-26 13:07:38
855,1437,2941,10,360,4,Excellent service,2024-09-13 22:50:23
856,1440,2188,7,365,4,Very fast delivery,2024-11-26 23:28:53
857,1441,2897,12,232,5,Highly recommended,2025-05-02 07:47:57
858,1443,1992,20,361,3,Average experience,2025-05-22 03:14:37
859,1444,1982,16,357,3,Late delivery,2026-05-23 18:30:30
860,1445,1463,18,343,5,Highly recommended,2024-10-17 03:47:56
861,1446,1038,20,151,4,Excellent service,2026-06-10 10:30:10
862,1448,2700,2,255,3,Wrong order,2024-08-08 05:18:10
863,1449,2982,6,142,1,Late delivery,2026-02-04 17:53:48
864,1451,2160,2,128,5,Very fast delivery,2026-03-25 16:33:04
865,1453,2139,20,151,4,Food was delicious,2026-01-07 07:36:46
866,1454,1686,8,388,4,Amazing restaurant,2025-04-19 17:16:26
867,1455,1050,20,276,5,Amazing restaurant,2024-07-18 18:18:34
868,1456,2370,13,141,4,Driver was polite,2024-07-22 08:25:49
869,1458,1375,17,127,5,Amazing restaurant,2025-07-21 00:34:52
870,1459,959,14,394,5,Highly recommended,2025-01-25 17:02:32
871,1461,1153,10,262,5,Very fast delivery,2026-01-28 04:35:33
872,1463,571,20,259,4,Perfect experience,2026-02-14 01:50:09
873,1465,916,2,57,4,Perfect experience,2025-05-22 22:50:21
874,1468,2027,8,134,4,Very fast delivery,2025-01-27 13:44:55
875,1469,1088,8,153,4,Amazing restaurant,2025-07-09 23:50:50
876,1474,2577,3,391,5,Driver was polite,2025-08-30 08:18:57
877,1475,2518,2,128,3,Late delivery,2026-02-11 16:48:30
878,1477,1963,17,351,5,Perfect experience,2025-10-10 08:06:30
879,1479,1658,1,252,5,Very fast delivery,2025-08-01 12:10:36
880,1480,2333,5,103,5,Excellent service,2024-10-28 02:08:51
881,1482,2326,10,28,5,Excellent service,2024-08-13 13:58:27
882,1483,1904,8,400,1,Late delivery,2026-04-23 03:26:43
883,1484,1845,3,29,3,Driver was rude,2025-09-04 10:05:29
884,1485,1775,1,84,2,Wrong order,2024-12-29 19:15:16
885,1486,1101,2,242,4,Perfect experience,2026-05-03 23:25:52
886,1487,702,5,314,4,Driver was polite,2024-10-10 04:54:22
887,1488,1012,12,282,4,Highly recommended,2026-04-05 05:26:30
888,1489,2075,12,3,5,Fresh food,2025-12-20 18:26:38
889,1490,1385,4,130,2,Poor packaging,2024-12-28 10:55:43
890,1491,2332,18,23,3,Poor packaging,2025-05-04 22:21:59
891,1493,1759,20,287,5,Food was delicious,2026-06-15 21:36:17
892,1494,1865,19,34,5,Driver was polite,2024-08-04 20:45:47
893,1501,284,17,236,2,Poor packaging,2026-07-02 10:44:23
894,1502,2919,13,269,3,Wrong order,2026-04-09 03:28:59
895,1504,1889,12,248,5,Very fast delivery,2025-11-13 05:09:54
896,1505,1079,17,345,5,Perfect experience,2025-11-05 16:58:44
897,1508,1158,12,142,3,Average experience,2025-03-30 07:45:25
898,1511,275,6,359,4,Amazing restaurant,2026-04-23 18:15:54
899,1512,23,6,304,1,Cold food,2025-12-31 20:46:57
900,1513,2152,20,313,4,Very fast delivery,2025-07-14 01:46:23
901,1517,2165,20,1,5,Very fast delivery,2024-09-23 08:40:45
902,1518,2197,17,321,5,Very fast delivery,2025-01-14 07:51:47
903,1519,2366,13,127,4,Food was delicious,2026-06-18 23:39:37
904,1520,1520,14,382,2,Cold food,2024-12-02 13:53:14
905,1522,1335,16,120,5,Highly recommended,2025-04-07 02:03:44
906,1524,1942,12,85,2,Poor packaging,2026-01-31 20:51:52
907,1525,2464,19,129,5,Food was delicious,2026-07-11 00:39:42
908,1527,2877,2,294,5,Highly recommended,2025-01-14 13:54:48
909,1528,2655,15,368,4,Perfect experience,2024-12-06 18:15:33
910,1530,2077,4,203,5,Perfect experience,2025-03-31 00:14:05
911,1534,1599,8,200,4,Food was delicious,2026-07-12 17:02:47
912,1535,990,1,79,4,Fresh food,2026-02-22 01:56:17
913,1538,16,18,183,3,Driver was rude,2026-03-07 13:03:23
914,1539,1576,5,257,5,Perfect experience,2026-04-21 12:46:15
915,1540,1705,11,238,3,Food quality could be better,2026-03-09 14:53:22
916,1541,985,14,394,5,Highly recommended,2025-10-25 23:44:59
917,1542,1373,17,259,5,Very fast delivery,2025-05-15 06:31:06
918,1543,1405,2,17,5,Highly recommended,2025-10-04 15:13:45
919,1544,2305,10,149,5,Fresh food,2025-09-10 07:18:05
920,1545,1087,1,274,5,Food was delicious,2025-05-05 12:14:55
921,1546,2024,17,35,4,Highly recommended,2024-09-11 22:26:09
922,1547,154,9,12,5,Highly recommended,2025-04-02 03:18:07
923,1548,89,1,7,4,Amazing restaurant,2025-07-16 02:09:14
924,1549,662,14,122,5,Driver was polite,2026-02-07 19:14:27
925,1550,2376,3,179,5,Highly recommended,2024-09-16 23:34:48
926,1552,1543,12,188,4,Food was delicious,2025-12-11 12:20:21
927,1555,2943,12,366,5,Very fast delivery,2025-11-04 00:54:34
928,1556,1945,19,199,5,Perfect experience,2024-07-30 00:10:09
929,1559,807,16,191,3,Driver was rude,2025-03-25 09:37:38
930,1561,680,17,190,2,Average experience,2026-06-05 06:52:52
931,1562,1034,6,324,5,Fresh food,2025-08-02 16:30:16
932,1563,2805,5,150,5,Very fast delivery,2025-04-17 20:49:25
933,1565,1288,2,223,2,Poor packaging,2025-11-12 12:36:45
934,1568,2899,20,321,4,Amazing restaurant,2026-05-01 04:15:00
935,1569,190,11,168,5,Highly recommended,2025-04-16 20:04:47
936,1570,1854,2,173,4,Food was delicious,2024-09-18 01:27:59
937,1572,681,11,350,5,Driver was polite,2025-04-26 00:42:02
938,1575,2907,16,194,5,Amazing restaurant,2025-07-09 01:30:11
939,1576,888,4,71,3,Cold food,2026-03-02 22:44:54
940,1577,1964,16,380,4,Highly recommended,2025-04-26 20:28:39
941,1580,1364,20,151,5,Perfect experience,2024-08-30 23:33:37
942,1582,197,6,304,5,Very fast delivery,2025-08-25 03:47:38
943,1583,1407,2,228,4,Driver was polite,2025-04-23 12:22:00
944,1585,1976,3,365,4,Driver was polite,2025-03-24 21:30:00
945,1586,2435,20,207,5,Amazing restaurant,2025-04-05 11:09:50
946,1587,731,13,269,2,Driver was rude,2025-04-28 03:31:14
947,1588,2491,18,16,4,Highly recommended,2024-09-07 09:55:55
948,1591,2700,2,399,5,Amazing restaurant,2026-05-22 13:53:41
949,1592,919,17,169,4,Excellent service,2024-10-09 13:21:55
950,1594,1820,18,250,5,Highly recommended,2026-02-17 18:59:59
951,1595,1279,1,358,5,Perfect experience,2025-09-28 01:02:22
952,1597,1139,8,42,4,Amazing restaurant,2024-09-27 08:12:20
953,1598,628,3,334,4,Fresh food,2025-06-02 13:33:17
954,1599,372,11,129,5,Highly recommended,2024-09-22 05:58:38
955,1600,1964,16,316,5,Amazing restaurant,2024-12-24 06:47:50
956,1604,1273,9,111,3,Food quality could be better,2025-10-04 18:28:55
957,1605,2257,6,283,4,Amazing restaurant,2025-05-11 10:12:41
958,1609,410,3,25,2,Food quality could be better,2024-11-13 02:50:36
959,1610,88,4,4,5,Amazing restaurant,2026-06-30 22:54:25
960,1611,231,17,345,5,Perfect experience,2025-07-21 10:29:09
961,1618,458,1,246,5,Very fast delivery,2026-04-13 19:26:43
962,1619,533,19,150,4,Perfect experience,2025-11-20 01:54:51
963,1620,2435,13,102,5,Excellent service,2025-08-26 16:10:38
964,1621,1554,11,338,4,Driver was polite,2026-07-05 06:46:56
965,1623,2702,1,289,3,Late delivery,2026-03-27 21:45:06
966,1624,422,14,122,5,Very fast delivery,2025-07-08 20:05:27
967,1626,2758,17,372,2,Late delivery,2024-08-15 07:41:43
968,1629,1323,1,210,4,Highly recommended,2026-03-13 04:09:43
969,1630,2381,12,138,5,Food was delicious,2026-03-17 23:10:07
970,1631,2905,18,339,5,Perfect experience,2025-01-31 13:17:48
971,1634,1471,20,284,3,Not worth the price,2025-01-04 09:28:38
972,1635,422,14,394,5,Food was delicious,2026-03-30 05:09:04
973,1638,2818,13,397,4,Excellent service,2024-10-16 08:59:57
974,1639,1353,10,74,4,Highly recommended,2025-03-10 14:13:03
975,1640,2000,10,183,4,Amazing restaurant,2026-02-11 02:59:14
976,1641,125,13,256,5,Food was delicious,2025-07-06 21:22:04
977,1644,740,10,37,5,Food was delicious,2024-08-31 08:41:43
978,1645,588,17,390,3,Driver was rude,2024-08-03 10:27:14
979,1648,1879,8,336,3,Cold food,2025-12-16 09:44:41
980,1650,2668,17,206,5,Excellent service,2024-09-16 05:41:19
981,1652,2741,1,103,5,Amazing restaurant,2024-08-30 10:40:57
982,1653,1865,19,96,4,Fresh food,2026-01-11 01:25:29
983,1655,2657,20,133,4,Perfect experience,2024-12-24 05:27:15
984,1657,243,18,51,5,Highly recommended,2025-02-21 04:42:56
985,1662,2599,15,299,5,Highly recommended,2024-10-17 06:47:37
986,1663,2196,20,218,3,Poor packaging,2025-10-10 19:48:04
987,1665,1755,3,74,2,Driver was rude,2025-11-08 09:33:31
988,1666,2468,3,39,2,Poor packaging,2024-09-01 08:06:09
989,1669,1122,4,323,5,Food was delicious,2024-12-25 00:21:51
990,1670,1083,6,299,5,Food was delicious,2024-11-15 16:13:59
991,1671,122,15,142,2,Wrong order,2026-02-12 13:28:46
992,1674,69,11,199,2,Driver was rude,2025-06-25 22:10:48
993,1675,55,17,227,4,Food was delicious,2025-05-27 02:23:05
994,1676,2396,12,315,5,Perfect experience,2024-08-04 09:12:16
995,1682,547,1,4,5,Excellent service,2025-05-19 15:35:55
996,1684,1788,10,171,4,Amazing restaurant,2026-03-16 15:19:33
997,1685,335,2,242,5,Excellent service,2025-01-03 20:51:26
998,1686,1097,10,150,5,Food was delicious,2024-10-20 05:35:11
999,1688,186,17,125,5,Highly recommended,2024-11-08 06:31:11
1000,1689,2828,2,92,5,Fresh food,2024-09-08 12:19:08
1001,1690,1444,13,10,4,Highly recommended,2025-05-03 13:07:56
1002,1692,1042,2,173,2,Wrong order,2024-08-28 20:58:55
1003,1693,1040,11,8,5,Food was delicious,2025-03-30 04:25:54
1004,1694,2404,17,35,3,Average experience,2025-04-02 13:18:33
1005,1696,1429,7,123,5,Very fast delivery,2026-06-30 04:17:58
1006,1697,1544,11,346,4,Fresh food,2025-05-10 05:38:49
1007,1699,1672,15,229,5,Amazing restaurant,2026-04-28 04:29:59
1008,1700,1335,9,194,4,Very fast delivery,2025-03-26 10:53:03
1009,1702,624,9,353,5,Very fast delivery,2024-08-06 14:30:23
1010,1703,2240,20,125,5,Driver was polite,2024-08-18 15:36:44
1011,1706,2950,3,168,5,Food was delicious,2025-08-28 04:19:47
1012,1707,1229,6,138,4,Highly recommended,2025-12-10 02:30:47
1013,1708,414,17,269,5,Amazing restaurant,2026-05-11 15:01:29
1014,1710,1509,5,340,5,Food was delicious,2025-01-30 21:18:06
1015,1711,355,2,242,5,Fresh food,2026-06-04 03:41:32
1016,1717,2123,5,358,5,Amazing restaurant,2024-11-24 00:27:50
1017,1720,514,20,97,4,Highly recommended,2024-10-10 18:08:36
1018,1722,1527,13,182,3,Food quality could be better,2025-10-29 03:22:14
1019,1725,2943,12,324,5,Food was delicious,2025-06-12 13:10:47
1020,1729,2291,6,330,5,Amazing restaurant,2026-05-10 19:11:46
1021,1731,2370,17,213,5,Very fast delivery,2026-03-12 13:01:15
1022,1732,86,4,65,4,Driver was polite,2025-04-11 18:15:34
1023,1733,2495,7,209,3,Wrong order,2026-05-03 17:36:56
1024,1734,1017,9,12,3,Cold food,2026-04-02 14:38:06
1025,1740,1896,8,340,5,Food was delicious,2025-07-14 21:22:45
1026,1741,46,19,252,4,Driver was polite,2025-10-09 12:27:24
1027,1742,1254,6,324,5,Food was delicious,2024-07-24 13:03:57
1028,1744,2895,2,288,3,Not worth the price,2026-07-01 00:09:47
1029,1745,615,13,49,3,Cold food,2025-06-27 12:43:12
1030,1748,2784,8,325,4,Fresh food,2025-12-13 06:38:09
1031,1749,2269,19,360,2,Not worth the price,2024-07-25 08:24:17
1032,1750,2701,8,290,5,Perfect experience,2025-07-28 01:05:35
1033,1751,1517,14,382,4,Perfect experience,2025-10-09 19:35:40
1034,1753,2452,15,275,3,Not worth the price,2026-01-18 18:15:24
1035,1754,2848,18,95,5,Fresh food,2026-06-11 00:38:11
1036,1756,583,2,195,5,Food was delicious,2025-08-30 19:51:18
1037,1757,526,19,219,3,Not worth the price,2025-05-01 11:18:54
1038,1762,1268,20,49,3,Driver was rude,2026-07-04 23:50:11
1039,1764,460,9,316,4,Perfect experience,2024-09-05 07:27:05
1040,1767,50,20,178,2,Driver was rude,2026-06-04 10:19:15
1041,1768,712,4,118,4,Excellent service,2024-10-21 07:37:37
1042,1771,241,6,248,4,Highly recommended,2025-12-17 20:33:05
1043,1772,1964,9,302,4,Fresh food,2025-05-11 23:23:56
1044,1773,989,7,28,5,Amazing restaurant,2026-06-02 13:04:03
1045,1774,2616,18,25,5,Food was delicious,2024-07-31 23:26:27
1046,1775,2332,8,250,5,Perfect experience,2026-05-14 13:15:48
1047,1776,1715,12,48,5,Fresh food,2024-07-31 01:22:17
1048,1777,2128,4,103,2,Average experience,2026-01-19 15:28:08
1049,1778,298,13,102,5,Food was delicious,2025-12-31 02:15:11
1050,1779,746,18,183,5,Food was delicious,2025-08-14 07:10:47
1051,1780,2814,9,107,4,Very fast delivery,2025-07-06 08:00:21
1052,1782,1769,3,201,2,Cold food,2025-01-07 08:48:55
1053,1784,2482,8,289,5,Food was delicious,2025-09-07 01:35:57
1054,1787,662,14,382,5,Food was delicious,2025-12-21 18:02:52
1055,1788,271,17,309,5,Very fast delivery,2025-04-02 08:43:27
1056,1789,2231,9,72,3,Cold food,2026-02-24 07:49:04
1057,1790,2301,11,101,3,Food quality could be better,2025-04-20 20:57:53
1058,1791,2000,7,135,5,Driver was polite,2025-08-18 10:01:24
1059,1792,776,20,313,4,Very fast delivery,2025-08-17 14:48:51
1060,1794,89,11,65,5,Driver was polite,2026-03-09 20:26:42
1061,1795,2069,20,321,4,Excellent service,2026-01-31 22:10:11
1062,1796,1410,20,124,3,Food quality could be better,2025-01-10 09:07:02
1063,1797,1342,6,295,4,Highly recommended,2026-04-12 05:42:50
1064,1798,2779,13,157,4,Excellent service,2026-01-31 12:10:53
1065,1799,2821,14,122,5,Fresh food,2024-11-22 09:49:51
1066,1800,512,20,233,5,Amazing restaurant,2025-10-07 21:11:30
1067,1801,2583,7,153,4,Highly recommended,2025-07-10 03:01:16
1068,1802,241,15,19,4,Fresh food,2025-11-08 03:44:56
1069,1803,1325,8,246,5,Amazing restaurant,2025-05-08 06:18:23
1070,1804,625,7,171,2,Food quality could be better,2025-02-25 14:30:21
1071,1808,1584,2,399,3,Food quality could be better,2024-11-26 20:09:10
1072,1809,82,17,102,4,Very fast delivery,2025-02-13 11:04:37
1073,1810,1371,6,263,5,Food was delicious,2025-08-08 08:10:16
1074,1811,1672,12,322,5,Amazing restaurant,2026-03-19 12:32:46
1075,1813,2791,10,274,5,Perfect experience,2024-09-19 02:44:06
1076,1815,2369,7,362,2,Food quality could be better,2025-12-12 05:00:43
1077,1816,36,1,4,2,Cold food,2025-07-31 11:49:58
1078,1817,2961,7,34,5,Very fast delivery,2024-11-24 15:13:42
1079,1819,525,15,263,3,Poor packaging,2025-05-19 06:27:56
1080,1821,953,5,329,5,Fresh food,2025-01-24 10:00:37
1081,1822,2644,17,141,4,Driver was polite,2026-03-12 22:01:37
1082,1823,271,17,119,4,Excellent service,2026-05-18 18:43:02
1083,1824,871,1,209,5,Driver was polite,2026-01-24 07:53:19
1084,1825,273,16,111,4,Highly recommended,2025-06-10 15:38:36
1085,1826,2966,16,220,5,Highly recommended,2024-09-15 02:23:50
1086,1827,1016,1,333,5,Perfect experience,2025-08-30 23:45:21
1087,1828,1650,3,135,5,Highly recommended,2025-01-19 02:14:24
1088,1829,1078,3,71,5,Driver was polite,2026-04-26 03:01:28
1089,1830,704,18,320,4,Highly recommended,2025-01-14 10:36:05
1090,1831,357,16,387,3,Not worth the price,2025-05-10 08:54:04
1091,1832,987,5,74,1,Not worth the price,2025-03-21 08:27:26
1092,1833,1205,6,229,5,Highly recommended,2025-11-08 09:01:55
1093,1835,2189,20,2,5,Amazing restaurant,2025-05-02 07:31:13
1094,1836,2415,6,43,3,Average experience,2024-10-21 07:29:16
1095,1839,1990,3,335,3,Average experience,2024-08-30 04:17:32
1096,1843,1225,1,103,5,Highly recommended,2025-07-25 14:40:50
1097,1844,2000,19,103,5,Excellent service,2026-04-14 00:39:49
1098,1845,1537,14,122,5,Excellent service,2025-10-20 00:45:25
1099,1847,2905,18,113,3,Food quality could be better,2025-10-08 03:39:17
1100,1849,829,10,80,5,Very fast delivery,2024-10-12 05:28:45
1101,1850,11,6,330,5,Highly recommended,2025-06-05 22:48:04
1102,1852,1703,20,303,4,Amazing restaurant,2025-05-30 07:56:07
1103,1853,414,13,115,5,Fresh food,2026-03-10 23:53:32
1104,1855,877,6,54,5,Driver was polite,2025-11-19 20:59:55
1105,1856,548,3,8,5,Highly recommended,2026-07-05 11:50:49
1106,1857,1373,20,321,1,Cold food,2025-08-24 17:05:45
1107,1861,2531,20,372,4,Perfect experience,2026-07-08 15:35:55
1108,1862,2362,13,157,2,Average experience,2026-05-31 20:45:47
1109,1863,2360,6,354,3,Driver was rude,2024-07-19 12:24:52
1110,1868,373,20,174,5,Fresh food,2025-07-11 12:46:24
1111,1869,525,15,324,5,Highly recommended,2024-11-21 17:43:18
1112,1871,1433,4,79,5,Perfect experience,2025-01-06 20:07:23
1113,1874,303,3,203,5,Very fast delivery,2024-10-15 13:24:54
1114,1876,757,19,281,4,Food was delicious,2024-12-29 19:18:26
1115,1879,2301,10,168,5,Driver was polite,2026-02-01 08:17:46
1116,1882,149,3,347,5,Excellent service,2026-04-19 08:07:17
1117,1884,454,6,232,3,Food quality could be better,2025-09-17 15:57:22
1118,1887,2697,15,3,5,Very fast delivery,2025-03-07 12:32:19
1119,1889,618,17,2,4,Very fast delivery,2026-06-10 11:46:22
1120,1890,749,3,226,4,Very fast delivery,2024-12-28 12:28:23
1121,1891,2227,19,74,5,Amazing restaurant,2026-06-29 23:46:08
1122,1892,473,16,387,5,Driver was polite,2024-09-17 01:44:29
1123,1894,814,20,174,3,Not worth the price,2026-04-05 19:24:06
1124,1895,1892,8,71,4,Perfect experience,2025-05-22 16:40:26
1125,1897,1474,17,30,5,Food was delicious,2025-01-26 13:02:11
1126,1898,2445,12,231,3,Poor packaging,2026-01-28 04:47:55
1127,1899,494,8,281,4,Fresh food,2025-10-12 22:41:55
1128,1901,558,3,179,4,Fresh food,2026-01-08 17:30:47
1129,1902,819,11,145,5,Food was delicious,2024-07-19 06:28:30
1130,1905,1053,12,43,5,Amazing restaurant,2024-12-31 22:02:04
1131,1907,2583,5,36,5,Highly recommended,2025-11-23 13:00:33
1132,1908,2383,17,119,5,Fresh food,2026-03-27 23:29:59
1133,1909,1640,19,34,5,Perfect experience,2024-11-28 02:04:46
1134,1914,1101,2,110,5,Food was delicious,2024-11-23 21:58:16
1135,1915,2199,4,95,3,Not worth the price,2026-05-27 17:26:02
1136,1916,2313,20,355,3,Cold food,2025-12-26 07:38:22
1137,1917,1168,4,136,3,Poor packaging,2025-12-12 09:33:48
1138,1918,149,10,274,5,Very fast delivery,2024-11-16 00:31:57
1139,1919,97,7,25,4,Fresh food,2024-10-03 11:32:08
1140,1920,1741,17,321,3,Food quality could be better,2026-02-07 05:05:51
1141,1921,1043,6,319,3,Average experience,2025-08-20 05:19:34
1142,1922,2795,17,185,3,Cold food,2025-03-22 11:48:48
1143,1924,1033,12,189,5,Perfect experience,2026-04-26 18:41:07
1144,1925,2109,4,152,3,Average experience,2025-08-23 11:58:34
1145,1926,767,15,248,5,Highly recommended,2025-02-14 10:03:31
1146,1927,2446,5,329,4,Excellent service,2025-01-21 10:41:16
1147,1929,687,12,231,5,Fresh food,2026-05-17 11:47:58
1148,1931,2126,1,101,5,Driver was polite,2025-07-25 16:39:38
1149,1933,59,2,53,4,Perfect experience,2025-10-09 09:01:40
1150,1934,702,7,226,3,Poor packaging,2024-10-19 08:10:19
1151,1935,2722,11,171,4,Fresh food,2025-01-04 09:49:03
1152,1938,2075,6,231,5,Excellent service,2024-11-25 15:02:51
1153,1942,1472,4,83,4,Food was delicious,2024-09-15 20:17:36
1154,1943,2619,14,394,2,Wrong order,2025-08-08 21:34:23
1155,1952,2843,2,294,5,Driver was polite,2025-11-20 07:33:06
1156,1954,973,13,207,4,Very fast delivery,2025-07-07 17:11:58
1157,1956,904,20,178,4,Perfect experience,2025-01-25 07:25:21
1158,1957,2732,12,87,5,Amazing restaurant,2026-01-28 23:52:42
1159,1958,763,16,194,2,Poor packaging,2024-08-14 13:51:02
1160,1959,165,17,47,4,Driver was polite,2025-03-12 22:53:42
1161,1960,1715,15,85,5,Amazing restaurant,2026-03-17 10:30:42
1162,1964,2777,17,15,5,Very fast delivery,2025-01-03 10:32:37
1163,1965,395,16,234,4,Amazing restaurant,2026-01-03 16:32:14
1164,1966,1525,8,201,4,Fresh food,2025-08-23 13:29:27
1165,1967,938,12,354,5,Highly recommended,2024-12-04 04:00:30
1166,1968,989,1,130,4,Food was delicious,2025-11-09 19:07:07
1167,1969,1764,8,80,4,Food was delicious,2026-03-16 17:34:27
1168,1971,460,16,352,5,Amazing restaurant,2026-04-20 07:54:12
1169,1974,1344,8,360,5,Excellent service,2026-05-13 13:11:04
1170,1975,2852,3,24,4,Driver was polite,2025-12-20 07:35:12
1171,1976,158,20,265,5,Food was delicious,2025-12-07 01:33:56
1172,1977,2291,6,312,4,Excellent service,2025-06-21 23:07:08
1173,1978,2259,2,255,5,Perfect experience,2024-09-13 00:49:58
1174,1980,1255,18,340,1,Cold food,2025-03-31 00:59:39
1175,1982,1862,4,130,5,Amazing restaurant,2025-01-08 01:33:37
1176,1983,1851,2,195,5,Fresh food,2025-05-28 13:45:20
1177,1984,2616,3,374,5,Food was delicious,2026-01-02 20:09:29
1178,1986,675,14,382,3,Food quality could be better,2024-11-10 02:30:18
1179,1987,40,15,112,4,Excellent service,2024-07-25 11:21:32
1180,1988,1073,10,290,5,Food was delicious,2026-04-15 19:28:34
1181,1989,1139,5,135,2,Driver was rude,2024-11-23 09:20:38
1182,1991,1304,9,357,4,Driver was polite,2026-04-13 06:30:43
1183,1993,2910,10,250,3,Average experience,2024-09-13 10:23:41
1184,1995,1365,1,84,5,Food was delicious,2025-09-01 01:32:22
1185,1998,1748,17,259,3,Not worth the price,2025-01-24 22:27:31
1186,1999,2766,15,180,4,Fresh food,2025-09-11 07:53:07
1187,2001,52,17,327,5,Driver was polite,2025-11-30 17:23:30
1188,2002,54,18,25,5,Driver was polite,2025-10-16 07:25:14
1189,2003,2812,6,159,4,Highly recommended,2024-09-06 04:26:17
1190,2004,1322,20,50,4,Excellent service,2026-02-06 11:00:47
1191,2005,1664,3,320,4,Excellent service,2025-05-05 01:02:54
1192,2006,145,7,158,2,Food quality could be better,2024-12-25 17:08:13
1193,2009,2659,20,2,3,Average experience,2024-11-10 04:26:07
1194,2010,1804,8,253,5,Fresh food,2026-07-12 11:03:48
1195,2013,2596,3,314,2,Cold food,2025-02-19 10:24:15
1196,2015,1034,12,324,5,Very fast delivery,2025-08-15 05:40:44
1197,2020,1972,2,242,5,Very fast delivery,2025-07-14 06:14:29
1198,2022,2532,18,243,4,Fresh food,2025-07-07 08:41:53
1199,2023,2958,13,131,2,Wrong order,2025-04-12 01:42:33
1200,2025,2655,12,18,4,Fresh food,2024-09-08 11:36:52
1201,2028,1915,8,272,3,Food quality could be better,2024-09-15 09:50:20
1202,2029,2397,3,158,5,Amazing restaurant,2024-09-11 13:41:02
1203,2030,2464,7,183,5,Highly recommended,2025-02-18 17:41:55
1204,2032,2283,2,61,4,Perfect experience,2024-07-28 10:03:09
1205,2034,2517,10,346,2,Poor packaging,2024-08-11 05:43:51
1206,2035,1747,13,15,3,Not worth the price,2025-11-23 09:17:16
1207,2036,2947,19,84,5,Fresh food,2026-03-28 06:41:29
1208,2038,1594,2,255,5,Perfect experience,2026-01-06 22:09:09
1209,2040,697,11,335,5,Very fast delivery,2026-03-09 15:34:32
1210,2041,2734,8,343,4,Excellent service,2024-11-19 03:48:02
1211,2042,2575,8,336,3,Poor packaging,2024-10-24 15:16:53
1212,2047,1589,20,361,5,Highly recommended,2025-09-29 10:30:36
1213,2051,336,7,369,5,Fresh food,2026-05-06 12:21:08
1214,2052,1555,17,86,5,Excellent service,2025-04-30 22:45:29
1215,2053,1742,8,103,4,Very fast delivery,2026-05-26 05:11:10
1216,2055,1864,13,206,5,Food was delicious,2025-04-27 00:31:08
1217,2056,577,15,163,4,Driver was polite,2025-02-24 06:06:01
1218,2057,532,4,250,3,Cold food,2026-02-16 04:06:15
1219,2059,1269,7,71,4,Food was delicious,2025-11-24 05:42:48
1220,2060,2586,2,288,5,Amazing restaurant,2026-02-02 19:52:36
1221,2062,674,13,86,3,Food quality could be better,2025-05-22 22:10:16
1222,2063,2052,9,341,4,Excellent service,2025-04-26 14:09:01
1223,2066,1756,8,90,4,Fresh food,2024-10-30 20:18:27
1224,2067,922,2,195,4,Very fast delivery,2025-03-10 05:31:49
1225,2069,869,12,41,3,Cold food,2026-02-18 20:50:52
1226,2070,1256,6,3,5,Excellent service,2025-02-27 05:21:56
1227,2072,2378,15,81,5,Amazing restaurant,2025-04-13 22:54:48
1228,2073,337,5,164,5,Very fast delivery,2025-05-12 10:15:42
1229,2076,2622,11,25,3,Cold food,2026-01-26 01:35:59
1230,2077,540,6,366,5,Very fast delivery,2025-02-13 16:31:36
1231,2078,113,19,103,5,Very fast delivery,2025-11-20 15:33:16
1232,2079,873,12,188,5,Fresh food,2024-12-20 11:27:18
1233,2080,2471,16,378,4,Highly recommended,2025-06-14 07:47:52
1234,2081,864,2,66,4,Very fast delivery,2025-09-26 03:48:17
1235,2085,2438,10,226,2,Driver was rude,2025-01-09 04:45:33
1236,2086,753,2,399,5,Amazing restaurant,2026-07-02 08:30:06
1237,2087,1097,11,346,5,Excellent service,2026-05-31 09:08:16
1238,2088,546,12,202,5,Fresh food,2026-03-27 22:38:53
1239,2089,2469,13,190,3,Cold food,2026-01-22 23:29:31
1240,2090,534,2,242,5,Driver was polite,2025-04-03 11:30:30
1241,2094,1007,5,230,5,Food was delicious,2024-07-29 00:30:10
1242,2095,1437,13,184,5,Food was delicious,2024-12-04 20:35:41
1243,2096,2469,13,124,1,Not worth the price,2024-07-19 19:54:36
1244,2097,559,9,318,4,Very fast delivery,2024-12-10 17:28:43
1245,2100,1969,17,307,5,Fresh food,2025-07-24 23:46:22
1246,2102,2667,11,135,5,Perfect experience,2026-06-15 00:55:51
1247,2104,1768,2,255,2,Driver was rude,2025-08-07 22:51:52
1248,2105,2314,18,149,3,Average experience,2026-06-09 01:19:51
1249,2106,2671,13,259,3,Cold food,2026-05-11 20:52:42
1250,2108,1748,13,313,5,Fresh food,2026-04-19 00:02:33
1251,2111,1766,9,107,2,Food quality could be better,2025-01-26 09:27:40
1252,2112,1559,8,271,1,Cold food,2025-10-17 23:58:06
1253,2114,565,9,380,5,Perfect experience,2024-10-29 10:26:43
1254,2119,390,2,61,4,Perfect experience,2026-06-24 03:53:32
1255,2120,2336,12,244,5,Excellent service,2025-12-04 07:21:33
1256,2121,2697,12,19,5,Amazing restaurant,2025-11-04 20:14:15
1257,2122,1041,12,295,5,Fresh food,2025-11-29 07:25:34
1258,2123,294,2,224,4,Fresh food,2025-04-17 13:29:11
1259,2125,1030,15,319,3,Wrong order,2025-08-06 05:22:09
1260,2128,2057,14,122,5,Highly recommended,2025-05-11 20:40:25
1261,2130,1675,13,93,5,Very fast delivery,2025-01-16 17:10:11
1262,2131,39,9,220,4,Perfect experience,2025-07-14 02:32:51
1263,2132,1853,13,182,4,Highly recommended,2024-11-21 14:18:27
1264,2133,2641,10,36,3,Wrong order,2025-02-18 00:43:19
1265,2137,2512,16,13,5,Driver was polite,2026-05-27 20:13:55
1266,2138,1267,6,366,3,Driver was rude,2024-08-18 12:19:03
1267,2139,231,17,132,5,Food was delicious,2026-02-23 10:28:05
1268,2140,1199,12,69,5,Highly recommended,2024-07-25 18:28:10
1269,2141,2837,11,314,5,Food was delicious,2025-12-15 05:15:36
1270,2142,601,15,322,4,Driver was polite,2026-01-01 14:50:17
1271,2143,1073,11,219,5,Driver was polite,2026-04-22 10:28:30
1272,2144,1048,18,267,5,Highly recommended,2024-11-06 15:43:39
1273,2145,876,11,158,1,Driver was rude,2026-02-26 14:28:20
1274,2146,1395,19,147,5,Amazing restaurant,2025-07-28 21:00:41
1275,2148,126,3,129,5,Amazing restaurant,2024-07-20 23:54:27
1276,2149,1739,19,8,4,Amazing restaurant,2024-08-18 23:59:01
1277,2150,194,4,74,4,Driver was polite,2024-10-14 17:07:10
1278,2151,1206,3,314,5,Perfect experience,2024-08-10 21:36:43
1279,2152,2357,6,304,1,Wrong order,2024-09-11 09:09:11
1280,2153,2766,6,368,2,Cold food,2024-12-12 01:34:29
1281,2155,1596,2,288,5,Very fast delivery,2025-04-13 15:05:02
1282,2158,792,11,226,5,Excellent service,2024-08-09 05:38:00
1283,2160,178,2,92,5,Fresh food,2025-01-22 01:31:07
1284,2163,2267,9,196,5,Amazing restaurant,2025-07-27 02:42:19
1285,2164,241,6,354,5,Perfect experience,2024-11-06 03:22:25
1286,2170,366,11,152,3,Wrong order,2025-06-30 23:04:05
1287,2171,1344,19,289,4,Perfect experience,2025-03-23 04:44:45
1288,2173,1159,2,66,4,Fresh food,2025-06-01 13:48:40
1289,2174,1897,4,149,3,Not worth the price,2026-04-15 01:27:36
1290,2176,762,4,365,2,Not worth the price,2025-06-07 09:19:08
1291,2177,271,13,47,3,Wrong order,2025-09-02 15:50:17
1292,2178,186,13,93,5,Driver was polite,2025-11-03 15:42:48
1293,2179,1966,12,244,3,Cold food,2025-02-21 16:33:29
1294,2182,978,19,99,2,Driver was rude,2025-07-21 02:44:25
1295,2188,1234,20,235,3,Average experience,2025-02-03 09:27:07
1296,2189,593,20,345,4,Fresh food,2025-07-09 22:43:37
1297,2190,2440,12,322,5,Food was delicious,2024-09-24 17:55:03
1298,2192,1649,17,133,5,Fresh food,2025-04-02 15:13:39
1299,2193,2739,15,263,5,Food was delicious,2025-12-09 07:24:48
1300,2194,455,3,137,4,Amazing restaurant,2024-08-08 11:31:24
1301,2197,2453,19,25,5,Food was delicious,2024-11-30 09:01:08
1302,2199,955,16,378,5,Driver was polite,2025-09-07 02:53:57
1303,2200,1297,15,202,3,Wrong order,2026-04-04 14:11:08
1304,2201,2188,5,179,3,Cold food,2025-09-16 13:32:28
1305,2202,562,8,238,3,Late delivery,2025-01-12 16:33:44
1306,2203,1701,12,328,3,Food quality could be better,2025-01-11 12:49:09
1307,2204,2147,1,171,4,Perfect experience,2024-12-12 10:38:58
1308,2206,2112,2,110,2,Driver was rude,2025-11-11 13:05:44
1309,2207,1746,13,141,4,Fresh food,2024-08-13 02:01:00
1310,2208,246,15,322,3,Average experience,2025-03-14 15:07:42
1311,2209,1759,17,131,4,Food was delicious,2026-03-15 06:30:55
1312,2210,2176,17,184,4,Driver was polite,2025-02-24 11:32:41
1313,2212,2381,6,324,4,Amazing restaurant,2025-09-11 16:49:49
1314,2213,1330,19,101,3,Driver was rude,2025-04-21 08:42:09
1315,2214,2488,2,128,4,Very fast delivery,2025-02-18 18:31:18
1316,2215,1952,2,228,5,Driver was polite,2026-03-29 11:27:32
1317,2216,2963,11,168,5,Excellent service,2026-02-23 13:58:50
1318,2217,1219,5,29,4,Very fast delivery,2025-10-27 02:50:40
1319,2220,2361,9,302,4,Amazing restaurant,2024-09-13 12:27:50
1320,2221,968,11,158,4,Perfect experience,2024-10-16 05:41:09
1321,2222,2412,10,168,5,Amazing restaurant,2025-07-03 13:22:53
1322,2225,537,1,79,2,Not worth the price,2025-08-21 23:28:39
1323,2226,476,1,338,5,Perfect experience,2025-04-13 03:53:11
1324,2228,353,1,160,4,Driver was polite,2024-08-31 13:50:28
1325,2229,2395,17,233,5,Perfect experience,2026-07-07 21:06:07
1326,2232,2493,2,175,2,Average experience,2025-12-25 18:12:53
1327,2233,2238,5,253,5,Excellent service,2026-06-08 21:40:25
1328,2236,989,10,386,4,Highly recommended,2024-09-26 14:27:19
1329,2238,2357,6,165,5,Food was delicious,2026-05-28 08:12:15
1330,2239,1558,15,282,3,Poor packaging,2026-01-03 02:56:08
1331,2240,2765,6,282,4,Amazing restaurant,2026-06-06 08:54:48
1332,2242,2369,18,219,5,Excellent service,2025-04-02 06:55:35
1333,2243,2924,14,394,5,Highly recommended,2024-12-23 07:14:20
1334,2246,241,6,260,5,Perfect experience,2026-01-23 22:56:46
1335,2251,662,14,122,3,Average experience,2026-06-13 13:28:57
1336,2252,2923,9,12,4,Amazing restaurant,2025-09-06 03:00:19
1337,2253,1278,7,388,5,Amazing restaurant,2026-06-07 23:27:35
1338,2254,2634,19,347,3,Wrong order,2024-07-19 13:12:39
1339,2256,798,14,122,1,Late delivery,2025-06-26 02:13:13
1340,2257,230,5,347,4,Perfect experience,2025-03-04 07:01:44
1341,2258,1862,19,209,4,Driver was polite,2025-05-25 07:12:08
1342,2259,1053,6,283,5,Excellent service,2025-10-07 17:46:54
1343,2261,2781,1,338,5,Driver was polite,2024-08-24 09:18:19
1344,2264,622,13,115,5,Very fast delivery,2026-02-09 18:05:44
1345,2266,989,4,346,3,Late delivery,2025-02-09 20:44:57
1346,2268,709,8,161,4,Fresh food,2025-11-28 10:00:28
1347,2270,2134,15,165,3,Average experience,2025-10-13 11:32:04
1348,2271,1581,13,97,4,Perfect experience,2025-11-06 19:01:07
1349,2272,1675,17,22,4,Fresh food,2025-01-21 00:39:39
1350,2273,1420,6,368,5,Driver was polite,2024-11-30 17:52:49
1351,2274,1776,16,341,2,Wrong order,2025-09-22 11:11:59
1352,2277,1386,10,149,5,Food was delicious,2024-08-23 21:04:28
1353,2280,1043,12,315,5,Highly recommended,2025-05-24 16:44:34
1354,2281,1270,5,314,3,Food quality could be better,2024-09-08 19:23:05
1355,2284,2910,8,262,3,Food quality could be better,2024-09-27 05:07:49
1356,2285,2758,17,178,4,Fresh food,2026-05-27 08:38:49
1357,2288,1392,5,271,3,Food quality could be better,2026-05-18 12:01:02
1358,2290,721,15,19,4,Excellent service,2025-03-13 08:52:53
1359,2291,2501,2,224,5,Excellent service,2025-08-19 05:11:31
1360,2293,2754,6,368,3,Cold food,2025-05-10 22:25:25
1361,2294,1467,11,134,5,Highly recommended,2025-10-20 14:02:45
1362,2295,1641,13,211,4,Amazing restaurant,2025-09-10 17:27:29
1363,2296,91,12,244,5,Fresh food,2025-11-23 23:20:15
1364,2299,2412,11,105,5,Food was delicious,2024-11-02 18:24:47
1365,2301,2609,17,185,5,Amazing restaurant,2026-05-20 10:09:57
1366,2302,2965,5,333,5,Amazing restaurant,2025-01-04 23:57:20
1367,2303,357,9,32,4,Food was delicious,2025-07-25 02:21:26
1368,2304,2429,13,307,4,Highly recommended,2026-01-04 05:42:19
1369,2306,227,5,400,2,Food quality could be better,2025-11-06 07:50:19
1370,2311,2995,15,188,5,Excellent service,2025-03-12 19:02:50
1371,2314,2167,17,207,5,Driver was polite,2025-12-24 00:46:42
1372,2315,1025,4,51,3,Cold food,2025-09-17 21:58:04
1373,2319,2598,12,159,5,Food was delicious,2026-02-08 21:04:43
1374,2321,257,13,184,2,Food quality could be better,2025-02-13 14:12:17
1375,2322,1952,2,306,4,Fresh food,2024-11-08 22:16:24
1376,2324,1716,10,350,2,Cold food,2025-01-13 06:49:05
1377,2325,1078,18,46,5,Fresh food,2026-05-05 16:24:32
1378,2326,2495,1,103,3,Food quality could be better,2024-10-03 03:10:28
1379,2330,2270,16,13,4,Driver was polite,2025-03-15 22:59:40
1380,2331,491,10,266,3,Food quality could be better,2024-09-01 14:01:39
1381,2332,2965,11,281,3,Wrong order,2024-09-21 12:22:55
1382,2333,662,14,382,4,Highly recommended,2025-09-13 02:28:31
1383,2334,1129,17,214,2,Average experience,2024-10-12 19:58:30
1384,2335,113,19,95,4,Fresh food,2025-10-21 16:50:13
1385,2336,354,19,200,4,Food was delicious,2025-07-16 02:58:32
1386,2337,1412,2,94,5,Amazing restaurant,2024-09-19 19:23:14
1387,2338,1876,5,367,3,Driver was rude,2024-11-07 03:43:28
1388,2340,1821,18,257,3,Late delivery,2026-03-18 02:29:42
1389,2341,461,20,207,4,Highly recommended,2025-11-19 22:49:27
1390,2342,852,13,22,5,Highly recommended,2024-09-26 14:50:22
1391,2343,1723,11,358,5,Highly recommended,2024-10-22 22:28:59
1392,2344,147,6,87,4,Fresh food,2025-07-01 13:10:18
1393,2345,2219,19,90,5,Perfect experience,2024-09-21 13:57:46
1394,2346,784,9,194,3,Late delivery,2025-07-28 16:13:19
1395,2347,1313,4,171,5,Driver was polite,2025-03-13 04:37:50
1396,2349,483,2,255,2,Driver was rude,2024-10-25 06:32:26
1397,2350,2588,16,111,5,Fresh food,2024-12-13 01:50:34
1398,2353,2508,20,162,4,Fresh food,2025-11-25 07:35:23
1399,2356,1273,9,120,4,Fresh food,2026-07-05 16:44:56
1400,2357,2147,8,381,5,Food was delicious,2026-03-13 04:30:47
1401,2358,2523,12,322,3,Cold food,2026-04-04 22:23:43
1402,2359,195,4,7,3,Driver was rude,2025-02-25 10:47:54
1403,2360,2211,18,266,4,Amazing restaurant,2025-01-31 22:41:08
1404,2364,1073,19,323,5,Amazing restaurant,2026-06-13 10:42:56
1405,2365,1711,20,114,5,Highly recommended,2025-10-22 21:34:39
1406,2367,1649,13,213,5,Driver was polite,2025-06-18 02:15:56
1407,2369,1498,20,227,5,Fresh food,2025-08-15 08:27:26
1408,2370,389,17,376,5,Excellent service,2026-04-20 17:16:54
1409,2371,1762,6,368,4,Food was delicious,2025-11-03 14:15:36
1410,2372,120,16,32,4,Fresh food,2025-07-31 18:02:55
1411,2375,776,20,157,4,Perfect experience,2026-01-18 21:21:13
1412,2376,1827,2,66,5,Driver was polite,2025-12-17 22:29:54
1413,2377,1731,5,28,4,Driver was polite,2024-12-06 05:22:42
1414,2379,39,16,380,2,Food quality could be better,2025-12-12 08:02:19
1415,2384,2438,4,16,5,Very fast delivery,2025-01-18 21:49:43
1416,2386,2301,4,153,5,Driver was polite,2025-07-26 12:45:03
1417,2387,109,20,125,3,Wrong order,2025-08-08 01:48:16
1418,2388,1551,17,1,4,Driver was polite,2024-09-19 10:06:05
1419,2389,2414,5,367,1,Food quality could be better,2025-06-27 18:35:41
1420,2390,1850,18,289,3,Late delivery,2026-06-27 04:20:09
1421,2392,548,11,103,5,Driver was polite,2024-07-20 12:12:02
1422,2393,409,17,178,5,Fresh food,2025-08-19 16:55:35
1423,2394,187,7,286,2,Not worth the price,2025-12-22 11:58:02
1424,2397,134,13,49,5,Perfect experience,2024-07-17 02:24:02
1425,2403,2551,13,206,3,Late delivery,2026-01-14 21:16:35
1426,2405,288,6,87,4,Driver was polite,2025-07-06 03:18:28
1427,2406,2601,6,165,3,Cold food,2025-09-03 21:38:22
1428,2409,950,20,239,4,Food was delicious,2025-12-02 00:46:09
1429,2410,1711,17,11,3,Late delivery,2025-12-29 12:17:13
1430,2412,1015,19,329,4,Amazing restaurant,2026-04-14 02:57:17
1431,2413,1522,14,122,5,Fresh food,2025-12-31 20:46:37
1432,2414,2753,13,22,3,Driver was rude,2026-04-23 21:42:47
1433,2415,1620,3,129,5,Food was delicious,2026-07-01 22:07:30
1434,2420,41,12,176,5,Driver was polite,2025-09-03 19:03:01
1435,2421,2536,7,381,4,Driver was polite,2025-09-05 04:20:00
1436,2422,675,14,382,5,Highly recommended,2024-08-18 19:00:13
1437,2423,2734,10,90,5,Highly recommended,2025-06-08 23:36:09
1438,2425,2030,10,314,3,Cold food,2024-08-22 10:59:58
1439,2427,1770,6,43,1,Wrong order,2024-08-16 23:05:02
1440,2429,146,2,53,3,Late delivery,2026-02-11 16:15:12
1441,2430,369,2,224,3,Food quality could be better,2026-04-03 17:01:07
1442,2431,2633,13,172,5,Very fast delivery,2025-11-27 19:00:15
1443,2432,679,13,397,3,Poor packaging,2026-03-11 10:57:38
1444,2433,1426,17,185,3,Food quality could be better,2025-07-16 14:52:29
1445,2434,1402,12,324,4,Excellent service,2025-08-26 21:06:42
1446,2435,1734,20,361,4,Perfect experience,2025-09-17 23:39:50
1447,2436,793,3,311,5,Highly recommended,2026-07-10 19:24:19
1448,2437,330,3,4,5,Fresh food,2025-06-06 00:10:43
1449,2438,1166,6,85,4,Excellent service,2025-12-17 23:11:44
1450,2439,233,13,218,5,Excellent service,2025-12-01 11:59:43
1451,2443,2797,18,199,5,Very fast delivery,2025-03-02 21:26:29
1452,2444,1858,13,227,4,Excellent service,2024-12-28 04:27:03
1453,2445,1636,13,119,3,Food quality could be better,2025-02-11 09:14:48
1454,2446,1726,13,102,5,Excellent service,2025-11-20 19:46:18
1455,2448,752,4,168,5,Fresh food,2026-03-29 12:50:11
1456,2451,1501,10,171,4,Amazing restaurant,2024-08-12 03:23:17
1457,2452,60,8,360,5,Perfect experience,2024-11-23 04:23:01
1458,2455,1496,1,210,5,Very fast delivery,2026-02-28 18:30:22
1459,2456,162,9,234,2,Average experience,2024-08-12 10:10:37
1460,2457,2225,9,302,5,Very fast delivery,2024-09-30 10:03:25
1461,2459,1616,6,163,5,Very fast delivery,2024-11-22 21:57:30
1462,2460,1108,7,23,4,Fresh food,2024-08-21 17:47:15
1463,2461,793,3,246,4,Excellent service,2025-03-29 01:27:32
1464,2462,1214,3,367,5,Very fast delivery,2026-07-13 05:52:21
1465,2463,424,18,374,5,Fresh food,2025-11-10 16:48:21
1466,2464,738,15,324,5,Food was delicious,2025-12-13 17:40:34
1467,2465,2755,20,236,5,Driver was polite,2024-09-08 06:25:41
1468,2467,488,2,61,1,Poor packaging,2026-01-20 13:33:37
1469,2470,479,1,338,1,Driver was rude,2024-12-02 08:18:31
1470,2471,1803,5,219,4,Excellent service,2025-09-01 12:49:33
1471,2472,2400,17,157,4,Food was delicious,2026-03-19 15:53:41
1472,2474,31,3,25,5,Highly recommended,2026-03-15 18:50:07
1473,2475,744,5,113,2,Food quality could be better,2026-02-14 13:06:37
1474,2476,2027,5,326,5,Perfect experience,2024-12-05 00:24:48
1475,2478,1606,20,49,4,Food was delicious,2026-02-17 14:29:56
1476,2479,1017,16,341,3,Driver was rude,2024-10-11 07:10:39
1477,2481,1757,20,211,4,Very fast delivery,2025-12-09 19:37:14
1478,2482,955,9,353,5,Excellent service,2026-02-07 22:30:42
1479,2484,1112,13,218,5,Highly recommended,2025-09-02 17:56:16
1480,2486,293,10,83,5,Amazing restaurant,2026-04-11 23:53:50
1481,2489,794,17,355,4,Very fast delivery,2024-08-18 05:28:24
1482,2492,1504,6,48,5,Perfect experience,2026-03-27 22:21:27
1483,2493,245,13,10,5,Very fast delivery,2024-09-27 04:20:37
1484,2494,14,19,171,4,Amazing restaurant,2026-05-23 04:14:01
1485,2497,283,20,106,4,Highly recommended,2025-02-23 23:51:00
1486,2498,1939,8,210,5,Very fast delivery,2025-06-30 12:10:26
1487,2499,2690,13,214,2,Not worth the price,2025-03-07 21:55:51
1488,2500,1719,9,220,5,Fresh food,2024-10-30 07:34:28
1489,2501,1377,17,190,5,Driver was polite,2024-09-17 18:55:07
1490,2502,241,6,299,3,Not worth the price,2025-10-21 19:16:21
1491,2506,1917,14,394,5,Amazing restaurant,2025-06-08 21:35:30
1492,2507,1341,20,115,5,Fresh food,2025-11-01 11:09:10
1493,2508,1662,1,329,5,Driver was polite,2024-12-19 19:48:47
1494,2510,158,20,162,4,Food was delicious,2025-05-01 13:18:56
1495,2511,2895,2,228,5,Driver was polite,2025-08-24 16:34:35
1496,2514,2298,7,271,4,Amazing restaurant,2025-01-08 04:37:49
1497,2515,84,4,36,3,Poor packaging,2025-11-24 18:58:54
1498,2517,1050,17,131,4,Driver was polite,2025-08-06 01:07:26
1499,2519,457,7,25,5,Very fast delivery,2026-04-20 02:38:08
1500,2520,1127,18,183,5,Excellent service,2024-12-11 05:58:24
1501,2523,165,20,207,3,Poor packaging,2025-06-30 09:31:06
1502,2524,877,15,375,5,Excellent service,2024-12-07 21:42:36
1503,2525,1795,13,15,5,Food was delicious,2024-12-06 07:17:19
1504,2526,341,2,224,5,Excellent service,2025-08-13 06:08:40
1505,2527,895,18,367,4,Amazing restaurant,2026-01-01 13:00:54
1506,2529,908,15,232,4,Very fast delivery,2026-02-08 00:57:05
1507,2532,1826,3,261,4,Excellent service,2025-02-24 06:13:20
1508,2533,572,20,169,5,Amazing restaurant,2026-05-17 00:43:51
1509,2534,1905,9,234,4,Highly recommended,2025-12-23 23:33:04
1510,2535,681,1,367,5,Fresh food,2025-06-21 16:56:38
1511,2536,1686,3,367,4,Amazing restaurant,2024-08-23 07:41:51
1512,2540,481,16,318,5,Food was delicious,2025-07-08 23:55:10
1513,2541,2857,6,330,5,Excellent service,2026-07-07 23:39:00
1514,2542,1745,13,355,5,Excellent service,2025-11-20 11:15:13
1515,2543,2575,4,323,4,Highly recommended,2024-08-17 14:33:40
1516,2547,2519,15,383,5,Food was delicious,2025-02-19 21:00:46
1517,2548,1366,6,188,5,Highly recommended,2026-06-27 23:08:03
1518,2549,1843,20,355,5,Food was delicious,2025-11-03 18:36:29
1519,2551,1071,18,129,5,Excellent service,2024-10-03 14:03:30
1520,2554,1018,9,318,4,Very fast delivery,2025-11-11 09:16:07
1521,2555,2028,1,29,5,Food was delicious,2025-01-01 08:56:10
1522,2556,75,2,305,5,Driver was polite,2024-10-24 07:35:49
1523,2563,1634,13,239,4,Food was delicious,2024-12-27 10:29:45
1524,2565,775,13,256,4,Amazing restaurant,2024-10-04 23:55:18
1525,2566,1388,15,59,4,Amazing restaurant,2025-11-01 12:11:05
1526,2567,836,3,23,3,Driver was rude,2025-05-15 00:55:30
1527,2568,997,9,316,5,Highly recommended,2025-11-16 01:44:21
1528,2569,247,10,336,4,Very fast delivery,2025-11-02 12:59:53
1529,2571,2305,8,39,5,Perfect experience,2025-05-24 12:00:25
1530,2572,2081,3,257,5,Fresh food,2026-05-26 04:20:32
1531,2573,419,2,223,5,Driver was polite,2025-08-01 21:32:42
1532,2574,1932,11,28,4,Food was delicious,2024-09-22 19:41:12
1533,2575,851,7,281,5,Perfect experience,2026-05-14 14:17:17
1534,2576,526,1,90,4,Highly recommended,2025-11-14 02:26:11
1535,2577,401,6,231,4,Perfect experience,2025-09-22 05:59:43
1536,2578,187,4,374,2,Not worth the price,2025-08-31 13:24:13
1537,2579,1889,12,202,4,Highly recommended,2025-06-13 04:36:30
1538,2582,2078,17,309,5,Amazing restaurant,2024-09-13 14:03:26
1539,2583,1457,19,145,5,Excellent service,2025-01-14 01:14:34
1540,2584,1325,3,118,5,Highly recommended,2025-08-26 09:03:34
1541,2585,1249,17,178,4,Fresh food,2026-01-21 18:34:25
1542,2589,939,20,121,5,Highly recommended,2025-03-26 08:14:45
1543,2590,2935,14,382,5,Driver was polite,2025-10-17 15:21:48
1544,2591,164,18,381,5,Fresh food,2024-08-21 05:54:51
1545,2592,2881,7,84,5,Fresh food,2025-05-10 20:36:01
1546,2594,1002,15,317,5,Food was delicious,2024-12-01 06:19:26
1547,2595,1322,13,97,3,Poor packaging,2025-12-25 00:34:41
1548,2596,176,17,185,3,Late delivery,2024-11-27 03:13:39
1549,2597,545,10,285,3,Poor packaging,2025-12-15 20:22:52
1550,2599,458,4,257,5,Fresh food,2025-12-20 21:00:58
1551,2601,932,18,391,5,Perfect experience,2025-01-06 21:52:19
1552,2603,92,17,133,4,Driver was polite,2025-06-18 23:25:50
1553,2605,877,6,315,2,Driver was rude,2025-03-16 18:07:36
1554,2608,2060,17,157,3,Driver was rude,2025-06-24 23:29:38
1555,2610,1574,12,146,3,Food quality could be better,2026-05-12 04:56:49
1556,2611,256,20,256,3,Driver was rude,2025-04-29 18:32:53
1557,2613,2268,1,336,5,Excellent service,2025-06-18 04:51:41
1558,2614,1741,13,141,3,Wrong order,2025-05-27 01:31:51
1559,2615,1474,17,372,5,Highly recommended,2026-03-18 16:07:19
1560,2619,2686,10,252,4,Highly recommended,2025-03-14 11:23:40
1561,2622,1580,9,316,5,Highly recommended,2024-11-18 16:29:18
1562,2623,2028,3,362,3,Driver was rude,2025-10-17 09:06:44
1563,2624,419,2,181,2,Driver was rude,2026-03-17 21:41:04
1564,2625,530,10,80,3,Not worth the price,2025-03-30 16:12:26
1565,2629,176,17,119,4,Food was delicious,2024-09-28 08:50:30
1566,2632,912,17,178,3,Food quality could be better,2026-04-01 07:52:20
1567,2633,2477,5,367,3,Driver was rude,2025-01-27 03:20:19
1568,2634,2358,2,57,3,Wrong order,2025-12-21 02:27:17
1569,2635,1140,20,185,5,Perfect experience,2025-07-01 19:50:47
1570,2636,2480,8,381,3,Food quality could be better,2024-11-23 14:15:06
1571,2637,2253,14,394,4,Driver was polite,2026-07-10 04:34:17
1572,2641,1623,17,214,1,Food quality could be better,2024-07-30 20:31:32
1573,2642,1472,8,210,5,Perfect experience,2024-12-12 06:03:25
1574,2643,849,17,125,4,Amazing restaurant,2026-01-25 06:08:45
1575,2644,111,17,132,3,Cold food,2026-04-12 13:39:35
1576,2645,2639,3,79,5,Food was delicious,2025-02-06 22:15:55
1577,2647,321,4,340,3,Average experience,2025-04-02 22:38:14
1578,2648,53,17,206,4,Highly recommended,2025-05-26 00:11:24
1579,2649,1020,20,303,5,Highly recommended,2024-08-13 02:22:41
1580,2650,2767,11,219,5,Fresh food,2025-10-22 10:30:39
1581,2651,1743,4,391,4,Driver was polite,2024-10-03 17:55:19
1582,2652,1586,2,53,5,Amazing restaurant,2025-04-17 01:25:10
1583,2657,1045,18,149,5,Fresh food,2026-02-15 11:59:13
1584,2659,270,11,179,4,Fresh food,2024-12-17 19:46:43
1585,2662,1739,1,261,2,Driver was rude,2024-09-20 07:24:15
1586,2666,2813,12,324,5,Very fast delivery,2025-07-17 07:55:57
1587,2669,1093,4,150,3,Average experience,2024-09-08 07:12:14
1588,2670,2234,13,211,1,Cold food,2026-06-11 16:37:23
1589,2674,2840,20,284,5,Food was delicious,2025-02-08 23:18:04
1590,2676,284,13,157,5,Driver was polite,2025-12-10 18:55:17
1591,2680,2483,8,135,5,Driver was polite,2025-12-18 16:50:31
1592,2681,1448,20,132,5,Food was delicious,2025-09-11 04:49:52
1593,2685,524,16,107,5,Food was delicious,2026-02-13 01:21:41
1594,2687,330,18,274,5,Very fast delivery,2026-02-18 17:10:00
1595,2688,1159,2,57,5,Excellent service,2025-06-01 05:02:36
1596,2689,1414,20,207,3,Wrong order,2025-07-21 22:11:00
1597,2690,70,12,48,1,Average experience,2024-11-21 02:02:21
1598,2691,2265,3,36,4,Driver was polite,2025-12-09 04:01:23
1599,2692,2467,17,309,4,Perfect experience,2025-08-01 04:23:43
1600,2693,67,4,8,4,Fresh food,2025-09-05 10:31:58
1601,2695,524,16,120,4,Excellent service,2026-05-12 13:29:35
1602,2696,2819,4,96,4,Fresh food,2024-10-04 17:08:12
1603,2697,2766,6,244,5,Food was delicious,2026-06-29 06:14:03
1604,2698,1880,2,224,5,Excellent service,2025-08-10 18:04:04
1605,2699,534,2,242,5,Fresh food,2025-06-29 02:16:25
1606,2700,2299,7,362,4,Food was delicious,2024-10-28 16:07:48
1607,2702,1465,17,157,2,Cold food,2026-02-03 21:14:16
1608,2703,375,20,11,5,Perfect experience,2025-07-13 19:23:59
1609,2705,2938,4,219,4,Highly recommended,2025-10-18 10:35:55
1610,2706,2064,11,266,4,Fresh food,2024-12-19 09:40:09
1611,2707,1616,6,354,4,Driver was polite,2024-09-19 17:11:53
1612,2709,2543,14,382,5,Fresh food,2025-03-07 15:51:47
1613,2710,2580,6,359,3,Cold food,2025-07-01 01:02:06
1614,2711,2150,5,289,4,Fresh food,2025-08-02 09:26:39
1615,2712,648,4,95,5,Excellent service,2026-01-30 16:30:41
1616,2713,1545,7,149,2,Cold food,2025-09-13 02:38:06
1617,2717,2265,18,36,5,Perfect experience,2026-06-09 04:59:05
1618,2718,2418,7,336,5,Perfect experience,2026-05-03 15:58:18
1619,2719,2118,2,399,3,Average experience,2026-04-08 07:03:05
1620,2720,1420,12,19,4,Very fast delivery,2026-07-02 10:38:32
1621,2722,364,4,29,3,Food quality could be better,2025-12-14 06:58:04
1622,2723,1317,7,80,3,Poor packaging,2025-03-27 02:14:14
1623,2725,2120,10,243,5,Driver was polite,2024-12-28 13:01:52
1624,2726,2668,17,50,4,Highly recommended,2025-07-11 12:35:51
1625,2728,2836,18,130,2,Not worth the price,2025-10-17 21:31:29
1626,2730,1231,19,272,2,Cold food,2026-04-28 23:14:25
1627,2732,1255,5,210,3,Wrong order,2024-07-31 00:27:06
1628,2734,777,13,214,4,Excellent service,2026-01-16 08:40:25
1629,2735,1582,17,351,5,Excellent service,2025-09-24 10:04:01
1630,2736,2616,18,281,5,Perfect experience,2025-01-08 12:41:08
1631,2737,457,4,266,5,Driver was polite,2026-04-15 20:58:01
1632,2739,137,4,290,4,Very fast delivery,2025-11-22 10:00:27
1633,2740,1353,10,129,2,Cold food,2026-02-13 11:51:39
1634,2741,681,3,90,4,Amazing restaurant,2025-10-08 23:55:37
1635,2742,1707,6,248,5,Perfect experience,2025-03-19 02:09:08
1636,2743,2501,2,399,3,Food quality could be better,2025-11-10 16:07:02
1637,2744,2593,13,125,4,Very fast delivery,2025-12-29 14:50:05
1638,2746,2647,20,182,4,Excellent service,2024-11-02 13:26:35
1639,2747,2935,14,394,5,Fresh food,2024-10-26 05:47:36
1640,2749,1034,6,383,4,Amazing restaurant,2025-06-30 02:42:51
1641,2750,2984,17,93,5,Excellent service,2024-11-12 03:51:33
1642,2751,2972,4,311,5,Highly recommended,2025-12-30 18:29:33
1643,2753,2332,5,274,5,Very fast delivery,2025-03-26 22:30:18
1644,2760,220,2,94,3,Wrong order,2025-04-09 12:52:01
1645,2761,2926,19,96,3,Not worth the price,2025-07-20 09:48:23
1646,2764,1515,12,176,3,Average experience,2026-02-19 21:26:21
1647,2765,2238,18,96,2,Not worth the price,2025-07-23 22:59:49
1648,2768,1231,18,204,2,Food quality could be better,2026-04-01 03:23:29
1649,2769,604,4,285,5,Excellent service,2026-07-01 16:13:18
1650,2772,1780,12,356,5,Very fast delivery,2026-02-24 07:07:32
1651,2775,1812,13,50,5,Very fast delivery,2026-07-08 23:37:23
1652,2777,402,10,253,5,Perfect experience,2025-09-05 17:04:19
1653,2778,2241,4,8,3,Food quality could be better,2024-11-26 05:59:21
1654,2780,2425,11,219,5,Very fast delivery,2025-09-19 15:50:47
1655,2782,131,2,221,5,Excellent service,2026-06-16 17:41:18
1656,2784,1541,2,399,5,Excellent service,2025-07-24 09:47:22
1657,2785,1192,18,147,5,Excellent service,2025-03-14 09:56:27
1658,2786,1922,19,349,5,Driver was polite,2026-06-20 22:25:37
1659,2787,1944,12,40,5,Highly recommended,2025-11-08 22:27:21
1660,2788,2773,7,103,4,Driver was polite,2026-06-07 16:50:43
1661,2789,1598,6,330,4,Excellent service,2025-10-31 21:55:45
1662,2790,2,13,190,5,Excellent service,2026-05-26 22:55:06
1663,2791,1939,5,23,4,Driver was polite,2025-04-13 06:42:34
1664,2792,2857,6,328,5,Driver was polite,2025-03-29 01:13:30
1665,2796,1719,16,13,5,Excellent service,2026-01-02 09:11:55
1666,2798,1449,8,246,5,Driver was polite,2025-08-09 15:46:28
1667,2801,1974,12,85,5,Perfect experience,2026-02-20 04:29:29
1668,2803,1305,10,118,5,Very fast delivery,2025-06-16 10:09:50
1669,2804,2089,15,188,5,Perfect experience,2024-10-29 10:42:44
1670,2806,1098,9,220,4,Excellent service,2025-04-06 00:31:37
1671,2808,813,3,252,4,Highly recommended,2025-05-17 07:46:51
1672,2810,1601,5,391,3,Poor packaging,2025-08-19 13:25:28
1673,2812,1005,15,40,4,Excellent service,2026-06-13 17:39:28
1674,2813,1997,12,366,5,Driver was polite,2026-06-24 19:14:18
1675,2815,706,3,28,5,Highly recommended,2025-03-26 00:04:09
1676,2816,530,1,51,3,Late delivery,2025-07-28 00:18:09
1677,2817,1098,9,120,4,Excellent service,2025-11-06 18:09:42
1678,2818,2468,19,74,4,Driver was polite,2025-05-05 06:16:40
1679,2819,172,16,234,3,Driver was rude,2024-10-18 11:57:26
1680,2820,1321,5,346,4,Highly recommended,2024-09-03 05:31:49
1681,2821,729,17,125,4,Very fast delivery,2024-12-12 18:57:13
1682,2823,1664,5,199,4,Very fast delivery,2026-06-06 17:22:03
1683,2825,2584,2,364,2,Wrong order,2026-01-20 02:10:23
1684,2827,1970,5,323,5,Driver was polite,2025-03-02 09:54:19
1685,2828,745,20,174,3,Driver was rude,2026-06-15 10:38:05
1686,2830,1869,17,227,5,Excellent service,2024-07-20 07:32:43
1687,2831,493,18,320,4,Food was delicious,2026-06-10 19:40:22
1688,2833,2247,20,345,4,Driver was polite,2025-01-19 11:09:27
1689,2834,1525,7,252,3,Driver was rude,2025-01-27 05:29:04
1690,2841,1983,17,190,5,Food was delicious,2025-10-24 14:49:41
1691,2842,2897,15,3,3,Driver was rude,2024-12-04 00:05:50
1692,2846,2357,6,283,2,Cold food,2025-05-26 13:26:48
1693,2847,1366,12,163,3,Cold food,2024-08-15 14:13:12
1694,2848,2114,13,310,5,Amazing restaurant,2024-09-21 10:55:15
1695,2850,512,20,276,5,Highly recommended,2025-05-08 22:12:11
1696,2852,2924,14,394,4,Excellent service,2026-01-18 06:08:21
1697,2853,2915,6,232,5,Amazing restaurant,2026-07-11 06:14:37
1698,2855,2614,18,153,4,Excellent service,2025-10-06 15:36:56
1699,2857,2670,14,394,4,Food was delicious,2026-04-12 10:47:59
1700,2858,2462,3,326,4,Highly recommended,2026-01-26 02:07:55
1701,2860,2830,17,11,5,Amazing restaurant,2025-05-03 19:28:37
1702,2862,215,5,74,5,Excellent service,2026-01-29 15:34:52
1703,2864,2434,9,353,5,Perfect experience,2026-03-20 01:23:32
1704,2865,2174,11,46,2,Late delivery,2025-09-01 15:46:53
1705,2867,2191,1,323,5,Food was delicious,2025-01-26 06:17:08
1706,2868,99,12,19,2,Food quality could be better,2025-10-14 12:32:54
1707,2869,546,6,142,5,Very fast delivery,2024-11-21 04:24:18
1708,2870,947,17,265,4,Highly recommended,2026-05-27 17:03:10
1709,2871,1832,4,179,5,Excellent service,2025-07-19 10:14:23
1710,2872,576,6,263,4,Amazing restaurant,2026-06-29 00:57:37
1711,2873,2613,8,84,4,Amazing restaurant,2026-02-21 15:01:11
1712,2874,432,18,199,5,Food was delicious,2025-03-25 10:59:29
1713,2875,335,2,66,5,Perfect experience,2026-05-12 16:28:26
1714,2877,2401,20,233,5,Very fast delivery,2025-10-17 17:42:11
1715,2878,2286,18,113,4,Amazing restaurant,2025-03-27 15:00:21
1716,2880,1046,20,236,5,Food was delicious,2026-07-10 01:12:46
1717,2882,1424,12,159,1,Food quality could be better,2026-05-03 09:30:26
1718,2883,2850,2,294,4,Highly recommended,2025-10-10 00:15:50
1719,2884,593,13,207,5,Amazing restaurant,2026-03-28 05:03:43
1720,2885,947,17,174,4,Amazing restaurant,2026-04-11 22:55:27
1721,2888,2047,16,12,4,Amazing restaurant,2026-02-07 14:39:00
1722,2892,2476,9,341,5,Fresh food,2025-09-25 00:37:42
1723,2893,812,10,251,4,Driver was polite,2024-11-19 07:54:08
1724,2894,2291,12,87,2,Wrong order,2025-04-22 13:23:10
1725,2895,642,15,18,5,Perfect experience,2025-10-20 14:00:03
1726,2896,2750,20,214,5,Food was delicious,2024-07-15 20:30:01
1727,2898,1128,7,183,5,Amazing restaurant,2025-06-28 22:29:14
1728,2901,1546,15,319,4,Highly recommended,2025-07-10 02:28:44
1729,2902,2656,10,365,4,Amazing restaurant,2024-12-25 04:24:45
1730,2903,1166,12,59,5,Very fast delivery,2026-06-06 02:16:37
1731,2906,648,1,325,5,Driver was polite,2025-03-22 14:43:20
1732,2907,1435,15,295,3,Not worth the price,2026-05-13 18:44:35
1733,2909,2487,3,369,5,Food was delicious,2025-09-19 04:49:37
1734,2910,1675,20,355,5,Highly recommended,2026-06-20 15:07:51
1735,2913,2667,1,23,3,Driver was rude,2025-10-17 14:23:31
1736,2914,2108,6,54,4,Very fast delivery,2025-07-22 21:51:20
1737,2915,1701,15,229,2,Food quality could be better,2026-03-25 00:17:09
1738,2916,2433,13,351,4,Perfect experience,2025-03-20 12:13:40
1739,2917,1718,12,317,4,Perfect experience,2026-05-10 14:21:01
1740,2920,1407,2,195,5,Excellent service,2025-08-09 16:59:46
1741,2923,471,20,2,5,Perfect experience,2024-07-23 15:38:16
1742,2924,1111,17,327,5,Perfect experience,2026-03-04 05:03:45
1743,2925,395,16,196,5,Fresh food,2024-08-30 23:22:01
1744,2927,2368,7,204,3,Late delivery,2024-08-17 08:41:55
1745,2929,1283,17,227,3,Driver was rude,2026-04-16 14:24:02
1746,2933,1739,4,96,5,Perfect experience,2026-03-07 23:43:06
1747,2934,1,12,85,5,Highly recommended,2024-12-20 12:45:55
1748,2935,1617,12,189,5,Fresh food,2026-04-28 03:36:43
1749,2936,769,11,343,4,Excellent service,2024-10-23 16:19:43
1750,2937,2654,2,53,5,Food was delicious,2025-04-16 00:24:14
1751,2939,1691,3,183,5,Excellent service,2026-05-27 14:14:47
1752,2941,2094,5,360,4,Amazing restaurant,2026-03-31 19:33:12
1753,2942,695,7,96,4,Food was delicious,2026-04-14 07:29:19
1754,2943,230,8,152,3,Late delivery,2024-07-18 12:58:52
1755,2944,1865,8,21,3,Poor packaging,2026-06-20 01:29:08
1756,2947,2117,20,125,4,Food was delicious,2025-12-28 03:58:02
1757,2950,346,13,287,2,Average experience,2024-11-12 01:39:55
1758,2952,1043,12,69,4,Perfect experience,2025-03-13 14:58:17
1759,2953,42,15,48,5,Excellent service,2025-02-18 16:56:19
1760,2954,88,10,145,5,Excellent service,2024-12-25 17:14:14
1761,2956,2739,6,337,5,Highly recommended,2024-11-09 16:58:19
1762,2958,2774,9,357,3,Average experience,2025-11-23 03:46:39
1763,2960,2288,8,369,5,Food was delicious,2025-06-16 01:29:29
1764,2965,2359,2,66,5,Very fast delivery,2024-11-28 16:38:01
1765,2967,2371,20,115,5,Driver was polite,2026-05-08 19:46:55
1766,2970,2501,2,296,5,Amazing restaurant,2025-09-14 01:29:42
1767,2971,1315,11,369,5,Fresh food,2025-02-13 02:29:52
1768,2973,823,11,360,5,Excellent service,2025-05-23 10:08:36
1769,2974,1948,2,195,4,Very fast delivery,2024-10-27 10:43:52
1770,2975,2637,1,7,3,Poor packaging,2024-08-14 20:44:35
1771,2976,1768,2,288,2,Cold food,2024-11-25 02:20:21
1772,2979,253,19,262,5,Excellent service,2026-04-06 14:16:05
1773,2981,1470,6,54,2,Driver was rude,2026-07-11 16:24:00
1774,2982,2780,4,326,4,Food was delicious,2026-03-08 22:04:53
1775,2984,230,7,29,1,Not worth the price,2025-03-09 00:43:54
1776,2986,1500,5,320,5,Very fast delivery,2025-01-23 15:54:00
1777,2987,2859,17,321,5,Very fast delivery,2026-02-23 11:42:12
1778,2990,2976,20,127,4,Food was delicious,2025-11-21 06:47:14
1779,2992,1585,15,229,5,Excellent service,2025-04-29 21:49:23
1780,2993,486,5,266,4,Highly recommended,2026-01-16 17:40:24
1781,2995,737,8,365,3,Food quality could be better,2025-09-27 18:52:05
1782,2997,2667,5,90,5,Highly recommended,2026-04-18 19:47:39
1783,2998,1281,13,245,3,Driver was rude,2025-12-25 20:32:55
1784,2999,1107,5,199,5,Food was delicious,2024-11-05 22:56:21
1785,3000,637,19,333,5,Excellent service,2026-05-29 01:23:45
1786,3006,2757,14,122,3,Poor packaging,2024-09-17 19:29:02
1787,3007,1233,18,136,4,Very fast delivery,2025-03-05 10:24:10
1788,3009,1613,17,178,5,Driver was polite,2024-08-08 17:38:09
1789,3010,154,16,378,4,Excellent service,2025-06-03 14:55:33
1790,3011,310,4,358,4,Amazing restaurant,2025-02-15 17:30:33
1791,3012,276,5,314,5,Highly recommended,2025-03-21 14:19:44
1792,3014,2907,16,120,5,Excellent service,2025-07-19 04:22:55
1793,3015,691,16,378,5,Highly recommended,2025-01-09 03:54:47
1794,3018,1634,17,397,5,Driver was polite,2024-12-31 03:54:02
1795,3019,1490,17,151,4,Highly recommended,2024-12-21 15:12:18
1796,3021,814,20,372,4,Fresh food,2024-12-31 18:16:24
1797,3022,1236,1,199,5,Amazing restaurant,2024-12-16 11:49:56
1798,3023,2368,11,285,5,Food was delicious,2025-03-11 04:50:20
1799,3024,2175,12,356,4,Fresh food,2025-04-10 14:39:28
1800,3025,111,13,151,4,Perfect experience,2026-03-03 04:26:14
1801,3026,608,3,262,2,Food quality could be better,2026-01-24 13:07:47
1802,3027,2024,20,133,2,Not worth the price,2025-07-31 19:56:14
1803,3029,608,19,388,4,Perfect experience,2025-07-04 22:54:15
1804,3031,1215,17,287,4,Amazing restaurant,2025-10-10 05:22:22
1805,3032,1893,19,65,5,Amazing restaurant,2026-01-19 10:43:41
1806,3035,977,5,358,5,Excellent service,2025-09-08 22:34:31
1807,3036,1785,16,353,4,Food was delicious,2025-11-10 04:18:33
1808,3039,46,1,388,4,Driver was polite,2025-10-08 13:13:11
1809,3041,2363,5,210,4,Excellent service,2025-02-13 18:44:26
1810,3042,608,4,340,1,Poor packaging,2025-12-02 15:23:03
1811,3044,359,12,176,4,Highly recommended,2024-10-30 23:54:26
1812,3045,1506,17,256,3,Food quality could be better,2025-08-01 12:41:34
1813,3046,633,16,318,3,Not worth the price,2025-01-28 05:34:17
1814,3050,1673,7,274,5,Perfect experience,2026-02-04 22:50:58
1815,3051,1739,11,34,5,Driver was polite,2025-01-29 00:35:05
1816,3052,1086,6,359,4,Food was delicious,2025-05-15 16:45:38
1817,3054,2513,18,250,3,Late delivery,2025-08-31 12:50:57
1818,3055,675,14,122,5,Fresh food,2025-08-28 07:11:11
1819,3056,1278,10,262,4,Driver was polite,2026-05-16 06:08:05
1820,3057,352,13,35,4,Perfect experience,2024-12-05 20:25:57
1821,3058,726,8,238,4,Excellent service,2025-11-28 13:21:39
1822,3059,1424,15,337,4,Excellent service,2024-08-29 02:54:46
1823,3060,1350,20,10,5,Excellent service,2024-11-05 23:59:45
1824,3061,2593,20,206,4,Fresh food,2024-12-23 20:50:56
1825,3062,1750,17,97,3,Food quality could be better,2025-12-03 16:37:35
1826,3063,1231,4,274,5,Fresh food,2026-04-14 05:07:25
1827,3064,1093,19,171,4,Driver was polite,2025-10-15 05:25:25
1828,3065,1623,17,50,5,Excellent service,2025-12-23 23:23:17
1829,3069,1532,15,165,5,Fresh food,2025-06-10 17:56:38
1830,3072,2644,13,206,4,Highly recommended,2025-07-23 09:17:21
1831,3073,943,8,34,1,Cold food,2025-05-13 05:37:16
1832,3074,694,5,150,1,Food quality could be better,2025-07-05 11:20:29
1833,3076,729,20,49,4,Driver was polite,2025-04-13 18:10:38
1834,3077,994,2,94,5,Excellent service,2025-12-23 15:21:00
1835,3078,1908,6,189,5,Amazing restaurant,2026-05-31 07:21:11
1836,3079,97,7,333,1,Not worth the price,2026-07-11 04:54:55
1837,3080,119,1,349,1,Wrong order,2024-09-30 18:06:00
1838,3081,1847,13,184,4,Highly recommended,2024-07-15 12:18:34
1839,3082,1410,20,376,4,Food was delicious,2024-09-02 14:29:05
1840,3084,1533,18,145,5,Perfect experience,2026-04-13 23:16:47
1841,3085,2122,13,303,4,Perfect experience,2024-09-23 10:27:21
1842,3090,1070,11,4,4,Excellent service,2025-10-19 00:19:18
1843,3091,2510,6,319,4,Amazing restaurant,2025-08-21 16:06:07
1844,3092,1096,17,38,5,Food was delicious,2024-12-08 17:59:03
1845,3094,2820,8,336,3,Poor packaging,2026-03-28 03:44:40
1846,3098,1887,17,121,5,Excellent service,2024-10-11 02:26:27
1847,3101,645,9,234,4,Perfect experience,2024-11-17 22:54:22
1848,3102,920,3,150,4,Fresh food,2026-01-13 23:04:28
1849,3103,2128,3,252,5,Food was delicious,2025-06-03 15:26:29
1850,3104,845,20,127,3,Not worth the price,2025-01-10 13:15:13
1851,3107,1349,4,145,4,Amazing restaurant,2025-04-26 07:01:01
1852,3115,1584,2,173,5,Perfect experience,2025-12-02 14:46:52
1853,3117,1281,17,218,4,Driver was polite,2025-04-19 04:06:30
1854,3118,1433,10,226,3,Driver was rude,2025-08-21 02:41:01
1855,3119,815,8,314,5,Excellent service,2025-02-20 04:00:44
1856,3121,1710,20,310,5,Amazing restaurant,2025-12-31 02:10:39
1857,3123,1283,17,361,2,Not worth the price,2025-09-13 01:05:56
1858,3124,2035,19,90,3,Food quality could be better,2026-05-12 08:31:47
1859,3125,903,2,175,3,Late delivery,2025-02-24 09:37:19
1860,3126,762,4,350,4,Driver was polite,2026-03-27 14:00:06
1861,3127,363,15,368,5,Perfect experience,2024-11-11 01:32:24
1862,3129,395,16,194,2,Not worth the price,2025-03-15 02:03:57
1863,3130,547,10,281,5,Amazing restaurant,2025-02-17 22:29:04
1864,3131,400,3,360,4,Highly recommended,2025-12-17 06:30:55
1865,3132,681,10,23,5,Driver was polite,2025-06-27 02:08:45
1866,3136,1460,15,328,3,Average experience,2025-06-17 21:51:30
1867,3139,404,15,359,4,Amazing restaurant,2024-10-19 20:47:06
1868,3140,2257,6,244,4,Very fast delivery,2026-04-01 20:25:55
1869,3142,1243,7,334,5,Highly recommended,2024-09-25 14:55:20
1870,3145,2368,8,29,5,Perfect experience,2026-06-12 04:21:27
1871,3150,1170,13,15,5,Highly recommended,2024-07-29 14:28:29
1872,3151,1013,3,252,4,Excellent service,2026-02-05 13:09:15
1873,3152,1459,9,341,4,Perfect experience,2026-02-16 02:17:42
1874,3153,1822,11,147,5,Highly recommended,2025-04-23 02:02:43
1875,3156,1926,16,380,4,Food was delicious,2025-11-30 09:07:49
1876,3158,992,8,325,5,Food was delicious,2025-02-21 04:09:11
1877,3159,2634,7,152,4,Very fast delivery,2025-06-16 09:30:28
1878,3160,2942,17,376,5,Excellent service,2025-01-06 21:06:04
1879,3161,2911,2,364,5,Fresh food,2024-10-17 20:56:26
1880,3162,2368,7,325,2,Average experience,2025-07-22 11:55:57
1881,3165,1584,2,224,5,Fresh food,2024-08-22 16:39:32
1882,3166,2868,8,391,4,Driver was polite,2024-09-03 04:21:25
1883,3167,1963,20,50,5,Perfect experience,2025-04-02 18:01:09
1884,3169,402,18,46,4,Highly recommended,2025-07-30 07:27:09
1885,3171,484,18,381,4,Driver was polite,2025-02-03 00:58:30
1886,3174,1606,20,309,4,Perfect experience,2026-05-31 19:57:06
1887,3176,2084,1,46,4,Perfect experience,2024-11-23 04:09:13
1888,3177,878,7,338,5,Driver was polite,2025-07-08 03:40:47
1889,3178,664,9,380,4,Food was delicious,2025-12-06 07:01:35
1890,3179,2218,15,142,5,Driver was polite,2026-03-14 18:32:56
1891,3180,1384,3,329,5,Highly recommended,2024-08-06 10:59:28
1892,3183,2973,4,391,1,Late delivery,2024-12-14 20:38:24
1893,3184,1631,3,4,4,Fresh food,2026-05-07 11:56:49
1894,3185,194,4,250,5,Food was delicious,2024-09-07 13:22:55
1895,3186,161,6,359,2,Not worth the price,2025-03-20 06:49:12
1896,3187,70,12,189,4,Highly recommended,2025-12-27 23:59:28
1897,3189,1808,6,359,4,Very fast delivery,2024-08-26 10:34:25
1898,3190,2049,12,19,3,Food quality could be better,2024-10-26 01:32:35
1899,3191,113,11,201,2,Poor packaging,2024-10-16 16:58:18
1900,3192,2622,4,257,2,Late delivery,2025-10-14 18:53:42
1901,3196,572,20,77,5,Very fast delivery,2026-05-07 23:07:34
1902,3197,2129,9,387,4,Excellent service,2025-07-25 14:28:01
1903,3198,2730,2,175,4,Excellent service,2025-11-02 19:32:24
1904,3200,2183,9,352,3,Driver was rude,2024-08-30 11:40:31
1905,3203,2262,18,334,5,Highly recommended,2025-05-14 14:00:50
1906,3206,2619,14,122,5,Excellent service,2024-12-20 10:29:23
1907,3207,1279,7,171,4,Amazing restaurant,2024-10-15 13:10:35
1908,3208,462,9,291,4,Very fast delivery,2025-04-18 19:29:05
1909,3209,1073,11,286,5,Highly recommended,2025-01-30 15:24:57
1910,3210,2962,9,72,4,Very fast delivery,2024-11-21 03:40:59
1911,3216,610,20,125,5,Highly recommended,2026-04-02 23:10:11
1912,3219,2064,19,126,4,Excellent service,2025-09-18 19:51:35
1913,3221,959,14,122,3,Food quality could be better,2024-10-10 19:05:54
1914,3223,1919,10,16,2,Cold food,2025-03-03 05:46:56
1915,3225,184,18,290,4,Highly recommended,2026-04-11 02:49:43
1916,3226,1268,20,115,5,Amazing restaurant,2025-06-09 21:50:06
1917,3227,79,8,113,5,Highly recommended,2026-06-29 21:46:37
1918,3230,123,11,23,5,Highly recommended,2025-09-02 09:20:11
1919,3231,2333,4,338,5,Driver was polite,2026-06-15 05:08:46
1920,3232,2859,17,106,2,Driver was rude,2025-09-02 10:39:27
1921,3234,1457,10,90,5,Food was delicious,2025-07-13 01:48:36
1922,3235,2772,1,16,5,Fresh food,2024-12-10 07:28:57
1923,3236,767,6,359,4,Perfect experience,2026-04-19 03:01:10
1924,3237,2779,17,174,4,Driver was polite,2025-08-01 16:42:37
1925,3239,1437,20,235,4,Amazing restaurant,2024-08-05 20:43:41
1926,3240,215,11,347,3,Average experience,2024-11-15 14:23:17
1927,3241,1926,16,302,2,Late delivery,2024-08-11 23:43:15
1928,3244,1985,4,346,5,Highly recommended,2024-07-21 00:47:17
1929,3246,589,20,307,4,Highly recommended,2026-07-05 20:11:35
1930,3247,1429,5,253,2,Average experience,2025-11-27 00:18:09
1931,3249,2522,8,338,1,Wrong order,2026-05-30 10:58:21
1932,3251,1480,14,394,4,Food was delicious,2025-02-07 04:47:36
1933,3253,565,9,392,5,Fresh food,2024-12-05 02:06:21
1934,3255,811,17,77,5,Food was delicious,2026-06-03 07:49:08
1935,3257,1208,15,324,4,Food was delicious,2025-08-23 16:55:56
1936,3259,79,7,261,5,Very fast delivery,2026-05-25 07:22:54
1937,3260,1488,16,72,2,Food quality could be better,2026-05-07 00:25:38
1938,3263,2003,19,257,5,Amazing restaurant,2024-08-31 19:07:13
1939,3264,1677,12,41,3,Average experience,2026-06-14 16:47:23
1940,3265,1721,3,130,5,Highly recommended,2024-09-11 11:28:20
1941,3267,2584,2,305,5,Perfect experience,2024-10-17 03:40:35
1942,3269,447,13,397,5,Driver was polite,2026-05-02 10:43:22
1943,3270,2073,17,361,5,Highly recommended,2024-12-10 20:02:14
1944,3273,127,1,23,5,Amazing restaurant,2026-02-25 21:34:37
1945,3274,2966,16,291,4,Perfect experience,2025-02-24 10:08:11
1946,3276,2765,12,317,5,Amazing restaurant,2025-08-29 04:41:37
1947,3278,2280,4,79,4,Food was delicious,2025-10-20 03:08:38
1948,3279,2065,17,86,4,Excellent service,2026-07-01 05:27:21
1949,3280,675,14,382,5,Driver was polite,2024-08-05 09:24:50
1950,3283,2033,3,136,5,Fresh food,2026-05-01 15:30:11
1951,3285,2988,19,23,5,Fresh food,2026-02-17 12:59:06
1952,3286,1860,3,130,4,Fresh food,2025-10-28 15:27:30
1953,3287,2871,15,232,5,Excellent service,2025-01-15 03:44:12
1954,3288,2225,16,12,5,Driver was polite,2025-01-09 02:10:26
1955,3291,2174,19,200,1,Food quality could be better,2026-04-13 06:25:04
1956,3293,2739,12,248,5,Driver was polite,2026-04-14 06:01:50
1957,3295,1897,18,286,5,Driver was polite,2025-10-21 11:22:42
1958,3296,1877,15,354,5,Excellent service,2026-03-08 04:20:54
1959,3298,663,5,51,4,Highly recommended,2025-05-22 18:22:22
1960,3299,134,13,182,4,Fresh food,2026-02-05 17:00:43
1961,3300,2662,17,236,5,Amazing restaurant,2026-04-07 23:42:38
1962,3301,1054,13,102,5,Excellent service,2026-06-14 17:34:18
1963,3302,2840,17,93,5,Excellent service,2026-06-01 21:28:50
1964,3304,62,1,150,4,Amazing restaurant,2026-01-11 12:35:36
1965,3307,1411,6,275,2,Not worth the price,2024-11-28 16:32:48
1966,3308,568,9,120,5,Excellent service,2025-04-18 17:41:57
1967,3309,189,15,231,2,Cold food,2026-02-06 05:09:30
1968,3310,2904,4,251,5,Fresh food,2026-02-28 11:29:27
1969,3313,824,9,352,4,Perfect experience,2025-03-07 18:58:13
1970,3315,2467,20,214,4,Highly recommended,2026-05-27 05:33:55
1971,3316,1495,8,42,5,Driver was polite,2025-01-05 06:41:15
1972,3317,588,13,114,4,Amazing restaurant,2026-02-25 09:24:30
1973,3318,1029,19,65,4,Amazing restaurant,2024-08-30 21:28:39
1974,3320,2244,5,99,5,Highly recommended,2025-11-11 20:30:09
1975,3323,2830,17,10,4,Fresh food,2025-03-23 12:25:45
1976,3324,1974,12,202,5,Excellent service,2025-08-13 20:28:20
1977,3326,1361,17,47,5,Very fast delivery,2025-10-04 21:16:19
1978,3327,2352,17,397,4,Highly recommended,2024-08-24 00:36:34
1979,3329,2017,2,195,5,Fresh food,2025-01-18 23:49:07
1980,3331,457,10,34,5,Fresh food,2024-11-09 21:14:04
1981,3332,1488,16,302,5,Amazing restaurant,2025-01-29 20:58:16
1982,3333,978,11,250,4,Excellent service,2025-06-12 20:52:04
1983,3337,2401,17,284,5,Highly recommended,2025-10-07 07:53:59
1984,3339,539,1,29,3,Food quality could be better,2025-01-09 14:28:06
1985,3340,2729,16,387,2,Late delivery,2024-12-08 04:58:33
1986,3343,2409,13,125,4,Driver was polite,2025-03-25 12:10:08
1987,3344,2186,15,189,3,Average experience,2024-08-10 00:21:01
1988,3345,335,2,57,5,Very fast delivery,2025-09-15 20:31:56
1989,3347,792,4,314,5,Excellent service,2026-01-31 10:18:34
1990,3348,114,20,119,4,Driver was polite,2024-09-30 13:55:01
1991,3349,1696,18,262,4,Excellent service,2025-06-19 11:24:46
1992,3350,1383,20,287,1,Average experience,2024-10-02 13:05:03
1993,3351,602,15,375,3,Food quality could be better,2024-12-26 09:20:51
1994,3355,2447,12,383,4,Highly recommended,2025-09-06 23:16:41
1995,3356,1619,20,127,2,Not worth the price,2024-12-24 18:28:42
1996,3357,1017,16,12,1,Food quality could be better,2024-08-13 19:15:42
1997,3358,2649,13,256,5,Food was delicious,2025-08-24 15:57:16
1998,3359,231,13,227,3,Not worth the price,2025-04-05 06:20:41
1999,3362,2343,4,253,4,Highly recommended,2024-10-20 19:07:53
2000,3365,1331,6,312,5,Driver was polite,2026-03-10 03:43:32
2001,3366,2705,6,248,2,Poor packaging,2025-02-21 20:45:09
2002,3367,884,3,340,5,Food was delicious,2025-04-10 21:49:09
2003,3369,583,2,242,4,Driver was polite,2024-07-23 16:30:55
2004,3371,2053,11,129,5,Perfect experience,2024-12-28 08:40:21
2005,3373,1453,1,51,5,Fresh food,2024-11-09 19:44:15
2006,3376,578,2,364,5,Excellent service,2024-12-02 05:37:54
2007,3378,1462,18,243,5,Driver was polite,2024-10-30 06:33:53
2008,3380,2207,1,314,3,Driver was rude,2025-11-10 22:01:09
2009,3383,2833,8,243,5,Excellent service,2025-11-11 15:48:44
2010,3384,2962,9,111,3,Average experience,2025-09-18 00:11:26
2011,3386,2687,2,364,3,Poor packaging,2025-06-11 09:05:47
2012,3387,1882,15,383,3,Not worth the price,2026-02-10 14:00:16
2013,3388,2495,1,23,5,Perfect experience,2024-08-21 09:28:00
2014,3390,917,13,265,2,Late delivery,2026-02-03 23:30:04
2015,3392,1337,11,8,5,Amazing restaurant,2024-08-05 11:43:58
2016,3394,1985,1,201,4,Amazing restaurant,2025-05-27 21:57:48
2017,3395,207,20,174,4,Excellent service,2025-05-10 22:05:23
2018,3397,1689,6,159,5,Amazing restaurant,2024-10-28 21:36:15
2019,3398,515,3,152,5,Fresh food,2025-02-28 00:47:58
2020,3399,1348,13,174,4,Perfect experience,2024-10-02 15:35:40
2021,3402,874,4,289,4,Driver was polite,2025-02-01 04:14:39
2022,3407,2966,9,392,4,Driver was polite,2025-11-19 18:02:13
2023,3408,527,2,181,5,Excellent service,2025-01-17 14:15:29
2024,3409,1991,7,252,4,Amazing restaurant,2025-03-29 01:43:32
2025,3410,2161,9,387,5,Very fast delivery,2026-01-16 15:30:59
2026,3414,598,20,321,5,Excellent service,2025-05-29 14:56:50
2027,3415,35,15,299,4,Perfect experience,2025-08-18 03:46:13
2028,3419,889,4,325,4,Amazing restaurant,2026-05-01 21:13:38
2029,3420,1804,3,105,4,Driver was polite,2025-02-17 22:52:29
2030,3421,2287,20,287,1,Average experience,2024-10-18 14:01:31
2031,3423,1309,17,50,5,Highly recommended,2025-11-17 11:35:35
2032,3425,539,11,101,4,Very fast delivery,2025-02-03 22:37:43
2033,3426,713,18,219,5,Amazing restaurant,2025-03-05 18:15:08
2034,3427,2618,4,28,4,Perfect experience,2026-02-01 07:35:28
2035,3428,146,2,94,3,Late delivery,2025-05-26 02:34:16
2036,3430,330,11,130,4,Very fast delivery,2024-11-15 15:03:43
2037,3431,1881,6,188,5,Fresh food,2024-09-07 16:00:51
2038,3432,112,12,324,5,Driver was polite,2024-11-30 10:23:56
2039,3433,2069,20,121,4,Amazing restaurant,2024-08-13 01:04:05
2040,3437,1208,15,354,4,Very fast delivery,2024-10-06 04:31:34
2041,3439,1049,6,146,3,Food quality could be better,2024-12-12 15:26:48
2042,3440,2344,6,165,5,Perfect experience,2025-06-30 15:02:14
2043,3441,2464,5,80,3,Poor packaging,2024-11-03 05:14:12
2044,3443,2826,10,253,4,Perfect experience,2026-01-23 01:19:31
2045,3444,2042,14,382,2,Late delivery,2024-09-13 22:51:40
2046,3445,2930,10,7,4,Very fast delivery,2025-05-17 08:03:32
2047,3446,1291,13,97,4,Amazing restaurant,2025-06-03 02:53:19
2048,3448,1798,10,250,4,Driver was polite,2025-05-27 18:26:09
2049,3451,1838,9,194,4,Driver was polite,2026-05-16 07:43:05
2050,3455,2246,3,164,5,Highly recommended,2026-06-29 19:15:57
2051,3456,261,6,359,5,Food was delicious,2026-03-26 02:34:02
2052,3457,312,13,269,3,Wrong order,2025-01-13 09:51:50
2053,3459,1870,15,315,4,Amazing restaurant,2026-03-03 06:00:03
2054,3465,362,1,79,1,Food quality could be better,2025-03-27 17:54:26
2055,3466,312,20,49,5,Fresh food,2025-08-13 13:20:47
2056,3469,2171,20,185,3,Late delivery,2025-12-03 02:42:00
2057,3470,2291,6,109,5,Food was delicious,2026-02-28 17:05:15
2058,3471,207,20,265,5,Amazing restaurant,2026-05-16 10:14:22
2059,3472,1234,20,184,5,Amazing restaurant,2026-05-22 22:52:29
2060,3473,1171,15,87,5,Food was delicious,2024-11-22 22:49:22
2061,3474,93,9,120,5,Food was delicious,2024-10-28 20:12:27
2062,3475,2741,8,246,5,Amazing restaurant,2025-09-08 05:57:48
2063,3476,1879,8,238,2,Driver was rude,2025-11-12 17:46:09
2064,3477,1757,17,97,4,Driver was polite,2026-01-09 18:11:04
2065,3478,2229,7,95,5,Highly recommended,2024-08-15 01:53:30
2066,3481,1600,5,369,5,Driver was polite,2026-02-02 01:23:06
2067,3482,2956,4,203,5,Highly recommended,2025-09-06 17:28:34
2068,3483,1611,6,322,5,Food was delicious,2026-01-14 04:46:38
2069,3484,1330,7,333,3,Food quality could be better,2025-06-15 06:42:51
2070,3485,1105,4,388,3,Food quality could be better,2026-01-13 13:55:47
2071,3487,242,9,378,4,Highly recommended,2025-08-21 20:17:04
2072,3488,2301,7,46,3,Average experience,2026-04-22 18:53:31
2073,3489,1180,15,330,5,Perfect experience,2025-11-03 20:38:43
2074,3490,673,10,71,5,Fresh food,2025-01-10 19:05:24
2075,3491,2881,3,36,2,Average experience,2024-11-20 08:30:24
2076,3493,2979,19,230,5,Very fast delivery,2025-06-06 17:25:52
2077,3495,2400,17,345,5,Highly recommended,2026-02-12 10:53:16
2078,3496,311,6,319,4,Amazing restaurant,2026-02-16 07:06:19
2079,3497,2828,2,305,5,Fresh food,2024-10-01 07:59:47
2080,3499,412,13,265,5,Fresh food,2024-08-21 00:27:26
2081,3500,427,14,382,1,Driver was rude,2026-04-18 13:02:54
2082,3502,765,20,287,5,Perfect experience,2026-03-16 18:55:21
2083,3503,2374,12,159,4,Food was delicious,2025-09-08 02:19:38
2084,3505,589,13,351,4,Fresh food,2025-04-11 11:59:11
2085,3509,1556,2,173,5,Highly recommended,2025-06-16 13:50:10
2086,3514,778,2,255,5,Highly recommended,2025-11-17 06:56:52
2087,3517,2356,17,174,3,Not worth the price,2025-10-18 02:12:29
2088,3520,619,12,366,4,Perfect experience,2024-11-16 14:47:03
2089,3523,1778,20,119,3,Poor packaging,2025-08-07 14:21:27
2090,3524,1830,10,99,5,Highly recommended,2025-03-06 14:03:27
2091,3525,607,18,16,5,Amazing restaurant,2025-02-28 16:55:50
2092,3527,2693,13,214,5,Food was delicious,2024-08-03 06:57:51
2093,3528,2779,20,50,4,Fresh food,2025-08-01 20:33:13
2094,3531,1658,1,134,5,Amazing restaurant,2026-06-27 14:54:55
2095,3533,2705,6,159,5,Very fast delivery,2025-10-10 17:05:50
2096,3534,2661,20,127,4,Driver was polite,2025-04-28 10:26:08
2097,3536,2333,19,179,3,Wrong order,2025-05-14 16:01:45
2098,3537,1210,12,87,5,Very fast delivery,2026-02-11 08:58:55
2099,3539,712,4,153,5,Excellent service,2026-01-18 15:52:44
2100,3541,1387,11,136,4,Food was delicious,2025-09-01 13:06:01
2101,3543,2181,20,397,5,Driver was polite,2026-03-18 22:56:40
2102,3547,1048,7,21,5,Food was delicious,2025-12-15 22:31:27
2103,3549,862,15,189,5,Driver was polite,2026-03-24 03:12:57
2104,3550,926,12,48,1,Average experience,2026-05-21 08:32:52
2105,3552,2865,7,147,5,Driver was polite,2025-12-15 02:41:32
2106,3553,2321,12,81,5,Amazing restaurant,2025-04-15 17:29:15
2107,3554,217,7,25,3,Food quality could be better,2026-05-19 09:22:37
2108,3560,2278,1,79,5,Amazing restaurant,2025-09-21 19:40:16
2109,3562,352,20,115,5,Perfect experience,2026-06-04 00:23:48
2110,3563,1231,5,96,3,Wrong order,2025-09-12 00:05:28
2111,3568,1954,2,128,4,Perfect experience,2025-10-28 23:05:54
2112,3569,1040,1,103,5,Amazing restaurant,2025-11-09 06:31:54
2113,3570,711,14,394,5,Perfect experience,2025-06-03 19:27:42
2114,3571,2420,7,325,4,Excellent service,2026-04-09 00:07:22
2115,3572,716,7,251,1,Food quality could be better,2024-09-10 23:59:36
2116,3576,2959,17,227,3,Driver was rude,2025-01-08 17:22:10
2117,3577,590,8,386,4,Highly recommended,2024-07-19 13:21:26
2118,3582,1941,2,61,4,Perfect experience,2026-02-08 19:37:27
2119,3583,1769,11,23,5,Driver was polite,2025-03-25 19:19:54
2120,3584,721,15,312,5,Amazing restaurant,2024-07-27 05:52:23
2121,3586,837,2,98,4,Excellent service,2025-11-08 00:10:11
2122,3588,2812,15,54,5,Driver was polite,2026-01-27 12:33:13
2123,3589,2179,16,107,5,Fresh food,2024-10-12 17:41:34
2124,3590,2276,11,161,4,Amazing restaurant,2026-03-23 10:43:34
2125,3592,2261,10,281,5,Excellent service,2024-11-16 23:34:42
2126,3593,2361,9,234,4,Excellent service,2025-03-08 01:44:17
2127,3596,673,10,90,4,Fresh food,2025-03-12 19:05:20
2128,3598,1319,8,369,1,Food quality could be better,2025-02-07 22:10:44
2129,3599,333,13,269,5,Fresh food,2024-09-22 20:46:16
2130,3602,1473,16,380,4,Perfect experience,2024-10-29 22:08:42
2131,3603,2160,2,288,5,Fresh food,2025-09-06 08:59:05
2132,3604,2378,6,59,3,Cold food,2024-11-02 10:27:40
2133,3605,765,20,303,3,Food quality could be better,2025-02-27 04:14:05
2134,3606,1358,19,90,4,Excellent service,2026-03-18 00:24:54
2135,3610,291,10,166,4,Fresh food,2026-06-13 09:59:39
2136,3611,2631,17,10,5,Fresh food,2025-08-25 03:01:49
2137,3612,1061,20,284,5,Fresh food,2025-01-27 13:56:12
2138,3615,495,6,275,5,Food was delicious,2026-05-30 16:37:39
2139,3617,970,20,207,5,Amazing restaurant,2026-05-12 16:17:34
2140,3620,879,11,219,4,Very fast delivery,2025-10-24 03:00:45
2141,3623,318,6,263,5,Fresh food,2025-01-19 19:02:57
2142,3624,138,4,374,2,Food quality could be better,2025-06-17 10:12:27
2143,3625,220,2,110,5,Food was delicious,2024-07-31 15:41:40
2144,3626,2356,17,132,4,Amazing restaurant,2024-08-05 23:36:12
2145,3627,1682,3,360,4,Excellent service,2025-08-13 03:39:03
2146,3630,1715,6,317,5,Food was delicious,2024-11-19 00:22:51
2147,3632,2271,13,15,4,Highly recommended,2025-11-12 14:52:52
2148,3635,2613,8,24,4,Perfect experience,2025-02-15 19:10:26
2149,3637,1627,12,383,4,Excellent service,2025-07-10 21:21:28
2150,3638,2148,11,4,5,Highly recommended,2026-05-05 12:19:50
2151,3639,1523,6,263,5,Excellent service,2026-03-15 21:17:44
2152,3640,370,8,350,5,Perfect experience,2025-03-30 11:53:25
2153,3641,2577,3,153,3,Average experience,2025-06-15 18:07:54
2154,3642,2289,20,15,5,Fresh food,2026-02-27 16:10:39
2155,3644,2769,20,321,5,Perfect experience,2024-10-09 09:12:48
2156,3645,2555,12,18,5,Fresh food,2025-08-10 17:43:17
2157,3646,1710,17,2,5,Fresh food,2025-01-09 21:07:47
2158,3647,539,3,338,3,Wrong order,2025-12-08 19:11:47
2159,3650,2302,20,174,5,Food was delicious,2025-02-04 18:09:14
2160,3652,2999,7,274,4,Perfect experience,2026-03-09 12:09:39
2161,3655,345,20,321,4,Very fast delivery,2024-07-15 10:07:48
2162,3656,1570,2,288,4,Food was delicious,2026-06-08 05:34:27
2163,3657,1759,17,10,5,Fresh food,2026-01-31 20:23:20
2164,3658,1863,20,313,5,Amazing restaurant,2025-03-08 10:05:44
2165,3661,220,2,296,1,Food quality could be better,2025-10-22 03:46:50
2166,3664,1076,12,40,5,Food was delicious,2025-05-24 00:05:30
2167,3668,1332,19,101,5,Fresh food,2026-01-05 06:53:47
2168,3669,1977,13,236,2,Poor packaging,2024-10-19 06:56:43
2169,3670,946,9,352,5,Perfect experience,2025-08-02 09:13:05
2170,3672,1477,10,339,2,Poor packaging,2025-12-24 17:41:55
2171,3673,2620,6,328,4,Food was delicious,2026-06-12 09:32:21
2172,3675,1273,9,111,2,Cold food,2024-09-20 07:57:19
2173,3676,431,1,365,4,Food was delicious,2026-04-08 19:58:50
2174,3677,1389,20,102,5,Very fast delivery,2024-11-27 05:02:14
2175,3679,1635,15,282,5,Highly recommended,2025-04-02 19:32:52
2176,3683,1988,7,261,5,Driver was polite,2026-03-22 05:35:51
2177,3684,1321,5,326,4,Driver was polite,2025-05-07 07:32:51
2178,3685,2471,9,234,5,Very fast delivery,2026-05-14 04:53:13
2179,3688,337,4,137,1,Average experience,2025-11-12 11:45:58
2180,3690,1530,13,174,2,Poor packaging,2024-12-10 21:10:52
2181,3692,2727,13,256,5,Very fast delivery,2024-12-08 05:49:14
2182,3693,1547,1,219,4,Very fast delivery,2025-10-25 08:29:10
2183,3695,2325,9,13,5,Amazing restaurant,2025-09-24 02:33:38
2184,3697,1003,20,310,5,Food was delicious,2025-08-23 20:10:18
2185,3700,1389,17,390,4,Fresh food,2025-02-25 09:47:28
2186,3701,1706,3,183,4,Amazing restaurant,2024-09-27 22:08:04
2187,3702,1294,9,353,5,Amazing restaurant,2024-10-28 17:02:41
2188,3704,2766,12,189,2,Food quality could be better,2024-12-31 12:27:49
2189,3705,2021,4,118,4,Food was delicious,2025-05-19 07:16:24
2190,3706,1504,6,41,4,Driver was polite,2025-05-27 17:39:23
2191,3707,268,6,112,4,Highly recommended,2025-10-15 19:49:28
2192,3709,443,4,199,2,Late delivery,2025-01-07 07:05:45
2193,3714,471,20,345,5,Amazing restaurant,2025-11-23 08:33:56
2194,3715,998,9,387,4,Excellent service,2026-07-14 22:47:25
2195,3719,2557,2,364,5,Highly recommended,2024-11-06 22:50:48
2196,3720,1668,20,15,4,Very fast delivery,2026-06-22 06:22:52
2197,3722,2030,10,90,5,Very fast delivery,2026-03-17 19:17:12
2198,3723,1956,7,346,3,Poor packaging,2026-01-01 12:52:12
2199,3726,2019,13,124,5,Very fast delivery,2025-10-20 23:34:14
2200,3727,1591,4,323,5,Perfect experience,2026-01-13 10:28:34
2201,3729,268,6,165,2,Wrong order,2026-05-07 02:10:49
2202,3730,1021,6,356,4,Excellent service,2024-12-23 04:19:06
2203,3731,1634,20,2,5,Excellent service,2025-04-04 19:19:31
2204,3732,481,16,72,1,Average experience,2025-08-17 20:35:52
2205,3734,303,1,129,5,Excellent service,2025-03-09 13:38:24
2206,3736,1370,12,315,5,Highly recommended,2025-05-21 14:40:12
2207,3737,2232,2,128,4,Fresh food,2025-01-02 02:47:29
2208,3738,506,17,182,3,Poor packaging,2025-12-25 13:43:08
2209,3739,810,4,314,5,Very fast delivery,2025-05-04 05:56:38
2210,3740,2870,13,361,5,Driver was polite,2026-02-19 04:12:44
2211,3743,2830,13,182,4,Perfect experience,2024-10-15 23:05:16
2212,3745,1899,2,399,5,Very fast delivery,2025-06-18 05:35:28
2213,3746,1031,17,309,5,Driver was polite,2024-08-14 12:24:02
2214,3747,957,20,269,4,Excellent service,2025-02-22 07:19:06
2215,3748,168,6,138,2,Driver was rude,2026-02-02 13:56:44
2216,3750,2240,17,284,5,Fresh food,2026-06-18 06:03:09
2217,3751,348,3,203,2,Driver was rude,2025-01-15 13:40:19
2218,3752,1346,10,362,3,Late delivery,2025-05-01 10:34:34
2219,3753,312,17,47,4,Amazing restaurant,2025-05-14 10:25:34
2220,3754,2519,15,19,5,Very fast delivery,2025-05-29 16:50:23
2221,3755,1341,20,207,4,Food was delicious,2026-03-28 14:51:37
2222,3756,2855,18,36,4,Driver was polite,2024-12-09 02:14:27
2223,3757,2571,13,141,3,Not worth the price,2026-06-13 03:38:03
2224,3758,584,19,158,4,Food was delicious,2025-08-27 05:14:28
2225,3760,73,2,66,5,Excellent service,2025-01-29 23:39:04
2226,3761,783,16,341,2,Poor packaging,2026-03-11 19:50:37
2227,3763,1644,17,102,5,Very fast delivery,2025-12-21 10:51:19
2228,3764,2662,17,327,2,Poor packaging,2024-11-24 22:50:50
2229,3765,779,16,318,5,Food was delicious,2024-12-31 14:38:08
2230,3766,1414,20,207,4,Highly recommended,2025-04-28 18:09:22
2231,3767,2199,19,360,5,Driver was polite,2026-04-03 09:49:31
2232,3769,2799,15,312,5,Fresh food,2025-02-09 17:16:32
2233,3770,63,17,172,5,Highly recommended,2024-10-14 22:00:51
2234,3771,2917,18,28,5,Highly recommended,2026-01-30 00:31:31
2235,3773,1219,5,388,5,Fresh food,2025-12-01 05:31:55
2236,3774,2765,6,315,5,Fresh food,2024-07-21 18:36:13
2237,3775,2781,8,23,5,Amazing restaurant,2025-07-24 20:16:49
2238,3779,1301,20,233,3,Late delivery,2025-07-22 08:31:57
2239,3781,440,14,382,5,Food was delicious,2026-04-03 09:37:48
2240,3782,2897,12,283,4,Highly recommended,2025-04-22 19:20:54
2241,3783,2712,8,152,4,Amazing restaurant,2026-03-08 18:45:27
2242,3785,1056,6,248,2,Poor packaging,2026-01-13 03:05:53
2243,3786,337,10,320,4,Amazing restaurant,2026-02-20 01:48:35
2244,3788,25,1,80,3,Food quality could be better,2025-12-11 06:47:09
2245,3790,846,9,341,5,Fresh food,2026-02-10 12:23:53
2246,3795,1792,12,159,4,Highly recommended,2025-07-03 22:40:32
2247,3796,1254,12,248,4,Fresh food,2025-03-02 01:18:14
2248,3798,133,15,263,5,Perfect experience,2025-04-09 19:13:26
2249,3802,1354,8,325,3,Poor packaging,2025-01-25 07:17:49
2250,3804,2647,13,310,5,Very fast delivery,2024-11-16 00:38:49
2251,3805,814,13,125,5,Food was delicious,2024-11-18 12:28:26
2252,3806,140,20,119,5,Highly recommended,2025-02-16 01:01:11
2253,3807,2234,17,133,4,Perfect experience,2025-03-10 18:48:25
2254,3809,2269,4,209,5,Perfect experience,2026-02-07 21:01:07
2255,3812,2148,18,136,4,Highly recommended,2025-06-28 06:43:23
2256,3813,312,20,182,5,Excellent service,2024-10-20 14:47:56
2257,3814,424,1,358,5,Perfect experience,2025-03-11 15:53:55
2258,3815,453,10,347,5,Excellent service,2025-05-29 21:02:39
2259,3816,2219,1,347,5,Excellent service,2026-05-31 04:48:01
2260,3817,1317,19,314,4,Highly recommended,2025-10-01 10:56:18
2261,3819,773,15,232,5,Highly recommended,2024-11-28 18:19:08
2262,3821,2924,14,394,2,Cold food,2025-06-26 01:00:08
2263,3822,507,7,200,3,Driver was rude,2025-09-03 03:29:24
2264,3827,1398,13,121,3,Not worth the price,2025-02-07 07:52:33
2265,3830,1635,15,189,5,Fresh food,2025-01-27 22:06:48
2266,3831,807,9,234,3,Poor packaging,2025-10-04 08:24:20
2267,3832,2379,2,53,3,Food quality could be better,2025-09-08 22:04:08
2268,3834,889,4,129,3,Average experience,2025-08-17 19:37:51
2269,3836,838,17,313,5,Driver was polite,2025-04-05 02:29:57
2270,3837,1265,1,210,5,Excellent service,2026-02-06 18:30:46
2271,3840,413,12,275,3,Food quality could be better,2026-05-30 21:31:14
2272,3842,1945,18,51,4,Perfect experience,2026-07-02 02:56:29
2273,3843,1134,9,220,5,Highly recommended,2025-03-09 16:31:25
2274,3844,2477,10,136,4,Driver was polite,2025-11-30 13:01:00
2275,3846,1825,4,329,5,Perfect experience,2025-05-27 06:31:29
2276,3849,1475,11,179,5,Highly recommended,2025-04-23 23:35:58
2277,3851,655,19,369,5,Highly recommended,2026-04-17 22:53:42
2278,3854,1826,11,201,5,Very fast delivery,2026-01-22 12:39:15
2279,3855,2521,11,347,4,Very fast delivery,2026-06-10 00:44:51
2280,3857,2570,4,136,2,Average experience,2026-04-12 05:06:56
2281,3860,1304,16,302,5,Driver was polite,2025-12-27 18:36:57
2282,3862,2965,8,257,5,Highly recommended,2025-06-29 20:50:19
2283,3863,1696,5,201,4,Amazing restaurant,2026-01-04 13:23:46
2284,3864,1915,11,362,5,Fresh food,2024-11-08 10:02:10
2285,3866,496,3,338,5,Amazing restaurant,2024-08-23 16:16:19
2286,3867,1546,15,328,5,Fresh food,2025-02-22 10:08:17
2287,3868,1084,11,134,5,Excellent service,2026-05-25 09:15:43
2288,3869,1763,6,85,5,Amazing restaurant,2025-06-03 21:42:37
2289,3870,2922,7,199,5,Driver was polite,2025-04-25 04:35:14
2290,3871,709,7,8,5,Amazing restaurant,2025-12-01 20:49:58
2291,3872,48,12,232,5,Highly recommended,2025-01-23 16:45:43
2292,3874,1528,8,149,4,Amazing restaurant,2025-05-11 04:32:57
2293,3876,775,13,91,1,Not worth the price,2025-07-25 01:04:58
2294,3877,2264,15,231,4,Excellent service,2025-07-12 03:50:23
2295,3878,1939,3,84,4,Amazing restaurant,2024-11-22 09:07:01
2296,3880,852,20,114,5,Highly recommended,2025-04-15 03:19:49
2297,3881,1299,14,382,5,Fresh food,2026-02-06 04:14:07
2298,3883,1140,17,132,3,Cold food,2025-09-27 16:39:27
2299,3884,1366,6,159,2,Poor packaging,2024-10-21 18:52:21
2300,3885,156,16,291,5,Very fast delivery,2024-08-25 07:03:50
2301,3886,2717,17,10,3,Food quality could be better,2024-12-17 23:21:18
2302,3889,2510,15,87,4,Very fast delivery,2024-08-27 05:39:23
2303,3890,1058,1,113,4,Food was delicious,2025-06-17 17:05:47
2304,3892,2230,2,57,1,Average experience,2025-04-04 06:48:49
2305,3893,2190,18,152,5,Driver was polite,2026-03-09 15:46:48
2306,3895,1261,17,233,3,Cold food,2025-01-10 14:47:37
2307,3896,826,20,174,4,Very fast delivery,2025-09-01 10:35:58
2308,3897,29,2,57,3,Average experience,2024-11-19 11:50:40
2309,3898,2474,18,105,3,Average experience,2024-11-23 18:47:12
2310,3900,1071,1,136,4,Amazing restaurant,2026-03-20 03:18:25
2311,3901,682,6,48,4,Food was delicious,2025-05-01 10:26:48
2312,3902,496,8,101,3,Driver was rude,2025-04-23 18:54:27
2313,3903,2741,7,21,4,Highly recommended,2024-09-20 17:55:00
2314,3905,2126,10,145,3,Not worth the price,2026-07-12 15:09:53
2315,3907,1825,1,381,4,Amazing restaurant,2026-04-13 02:18:51
2316,3908,2685,16,318,5,Highly recommended,2024-11-06 23:17:24
2317,3909,99,12,337,5,Food was delicious,2025-08-01 06:54:45
2318,3911,2461,6,69,2,Not worth the price,2025-07-27 11:36:51
2319,3914,2952,2,305,5,Very fast delivery,2025-03-30 00:30:10
2320,3916,1996,6,231,5,Fresh food,2025-12-25 09:05:34
2321,3917,444,5,369,4,Food was delicious,2025-03-19 16:45:25
2322,3918,652,9,107,5,Amazing restaurant,2025-05-18 00:23:16
2323,3919,1030,6,231,5,Perfect experience,2025-08-10 07:33:08
2324,3920,2389,10,84,5,Fresh food,2026-01-25 00:06:51
2325,3922,1508,13,239,5,Fresh food,2025-01-20 18:54:02
2326,3923,106,11,338,4,Fresh food,2026-02-20 09:41:07
2327,3926,178,2,110,3,Not worth the price,2025-12-04 09:20:58
2328,3927,335,2,399,3,Driver was rude,2024-09-21 11:34:19
2329,3928,1527,17,151,3,Not worth the price,2026-03-02 12:02:22
2330,3929,567,10,289,4,Fresh food,2025-06-01 20:43:40
2331,3930,26,3,96,5,Fresh food,2025-02-26 11:11:08
2332,3931,828,20,35,5,Fresh food,2024-10-21 10:00:08
2333,3932,2714,15,282,4,Fresh food,2025-12-03 05:33:20
2334,3934,513,3,71,5,Very fast delivery,2025-06-03 15:02:53
2335,3935,2838,18,166,4,Food was delicious,2025-10-10 00:57:55
2336,3937,376,17,121,5,Food was delicious,2026-03-14 22:05:06
2337,3938,861,20,211,4,Perfect experience,2024-12-14 07:29:15
2338,3939,2922,1,367,4,Perfect experience,2024-09-22 08:59:55
2339,3941,1063,6,354,5,Driver was polite,2026-01-20 14:08:01
2340,3946,2452,15,85,5,Amazing restaurant,2026-03-22 22:48:34
2341,3948,1017,9,191,5,Very fast delivery,2025-10-08 18:10:52
2342,3949,2294,16,341,4,Excellent service,2026-01-12 08:09:56
2343,3953,2141,20,321,3,Cold food,2024-10-28 15:15:57
2344,3954,2691,11,200,4,Amazing restaurant,2024-08-31 01:29:07
2345,3956,1869,13,91,5,Very fast delivery,2026-01-17 13:39:02
2346,3957,726,8,90,2,Late delivery,2025-03-18 13:33:33
2347,3958,955,16,234,5,Highly recommended,2025-03-31 21:23:00
2348,3960,2710,20,50,5,Food was delicious,2025-07-27 00:55:33
2349,3961,2292,12,260,5,Highly recommended,2026-04-26 08:30:11
2350,3962,103,13,102,2,Food quality could be better,2026-02-04 14:05:18
2351,3963,690,20,276,4,Amazing restaurant,2024-10-25 09:12:56
2352,3964,781,16,32,4,Highly recommended,2025-11-03 05:37:53
2353,3965,2969,20,218,3,Food quality could be better,2024-09-14 12:49:37
2354,3967,1804,10,4,4,Excellent service,2026-03-30 19:41:24
2355,3968,228,19,369,5,Excellent service,2026-01-24 23:44:22
2356,3969,2160,2,364,3,Wrong order,2026-05-08 00:16:31
2357,3970,2207,1,42,5,Very fast delivery,2025-06-16 14:29:49
2358,3971,1331,12,59,4,Excellent service,2025-03-27 08:12:11
2359,3972,2507,1,96,4,Excellent service,2025-07-15 09:28:50
2360,3973,388,7,219,5,Excellent service,2024-09-22 17:38:26
2361,3974,1014,15,165,4,Driver was polite,2025-04-28 14:10:42
2362,3975,1810,5,346,5,Driver was polite,2026-04-02 19:01:49
2363,3976,55,17,207,1,Wrong order,2026-06-04 03:03:47
2364,3977,2025,13,125,4,Driver was polite,2024-09-23 18:11:46
2365,3979,1830,8,126,5,Perfect experience,2024-11-06 09:01:55
2366,3980,1237,19,103,4,Very fast delivery,2025-01-30 20:24:26
2367,3984,1230,18,7,3,Average experience,2024-07-17 18:43:41
2368,3985,2331,12,43,3,Wrong order,2025-04-24 03:12:33
2369,3990,2316,17,30,5,Fresh food,2024-07-22 23:43:15
2370,3991,1237,19,230,4,Perfect experience,2024-10-19 22:40:58
2371,3992,2027,1,246,4,Excellent service,2025-08-13 09:27:21
2372,3994,2194,15,159,5,Perfect experience,2025-04-08 14:03:09
2373,3995,901,10,153,3,Average experience,2025-02-09 13:42:29
2374,3996,2325,9,352,2,Late delivery,2024-09-06 06:05:46
2375,3997,2495,11,266,3,Late delivery,2025-08-06 22:58:41
2376,4001,40,6,299,4,Excellent service,2026-05-12 01:18:10
2377,4002,1112,13,2,4,Driver was polite,2025-05-06 03:54:51
2378,4003,508,15,282,4,Driver was polite,2024-07-27 01:08:17
2379,4004,1520,14,382,5,Excellent service,2024-12-07 02:36:37
2380,4005,758,8,80,5,Amazing restaurant,2024-12-13 08:35:26
2381,4006,2323,2,173,4,Food was delicious,2026-04-01 10:02:20
2382,4007,2020,12,3,5,Very fast delivery,2025-09-27 06:24:35
2383,4008,2599,12,383,4,Fresh food,2026-01-29 22:19:32
2384,4010,2455,16,357,5,Perfect experience,2025-06-06 15:32:46
2385,4011,1162,19,42,4,Food was delicious,2024-07-24 01:58:42
2386,4012,353,3,36,2,Not worth the price,2026-01-05 22:32:59
2387,4014,740,4,367,5,Excellent service,2026-04-07 09:04:37
2388,4015,756,17,172,5,Food was delicious,2025-12-05 10:48:26
2389,4016,1811,12,202,4,Food was delicious,2025-06-01 12:40:40
2390,4017,2058,1,16,5,Fresh food,2024-12-22 09:28:08
2391,4022,2514,18,250,3,Poor packaging,2025-09-30 19:57:46
2392,4023,1087,8,101,4,Food was delicious,2026-06-06 01:11:39
2393,4025,585,3,179,4,Perfect experience,2024-08-01 02:27:46
2394,4026,1989,19,158,2,Driver was rude,2024-07-23 19:52:07
2395,4028,2646,2,288,3,Cold food,2024-09-16 15:47:02
2396,4029,2078,13,218,4,Highly recommended,2025-03-24 00:50:55
2397,4030,1373,20,15,4,Amazing restaurant,2026-05-16 08:51:59
2398,4031,1031,17,15,5,Driver was polite,2025-07-10 01:27:33
2399,4032,369,2,128,5,Amazing restaurant,2025-01-02 00:00:22
2400,4034,1973,2,364,4,Excellent service,2024-09-10 08:33:15
2401,4036,1776,16,13,5,Driver was polite,2024-12-27 06:00:03
2402,4037,825,3,7,4,Driver was polite,2024-10-22 01:23:22
2403,4039,1481,5,386,5,Perfect experience,2025-02-25 05:33:48
2404,4041,2304,9,13,4,Driver was polite,2025-12-06 16:13:56
2405,4046,616,4,266,4,Food was delicious,2024-08-11 08:14:47
2406,4047,1046,17,157,4,Fresh food,2024-09-19 06:27:11
2407,4049,2880,3,204,5,Very fast delivery,2025-03-06 07:16:33
2408,4050,1505,12,263,3,Cold food,2024-09-03 10:33:34
2409,4051,371,8,103,4,Perfect experience,2025-04-20 12:57:28
2410,4055,2867,13,162,5,Excellent service,2026-04-06 01:13:46
2411,4057,1074,8,80,4,Driver was polite,2025-01-29 14:36:10
2412,4058,2203,13,174,5,Perfect experience,2025-06-17 00:51:01
2413,4059,504,2,305,5,Perfect experience,2026-02-16 20:33:42
2414,4063,698,7,8,2,Late delivery,2025-03-09 05:27:51
2415,4064,545,8,183,5,Amazing restaurant,2025-08-16 21:38:16
2416,4065,846,9,194,3,Wrong order,2024-11-12 20:35:39
2417,4066,1230,3,136,5,Highly recommended,2025-04-13 10:40:03
2418,4067,1073,3,29,4,Driver was polite,2025-02-22 02:23:26
2419,4070,274,10,201,3,Food quality could be better,2025-05-04 00:08:19
2420,4072,1087,8,400,5,Excellent service,2024-09-09 08:47:34
2421,4075,1458,20,10,5,Very fast delivery,2024-10-23 01:44:05
2422,4076,2863,2,128,3,Poor packaging,2024-07-21 09:07:40
2423,4077,1631,8,367,2,Cold food,2025-06-28 16:10:09
2424,4080,2400,13,214,4,Very fast delivery,2024-10-18 18:40:47
2425,4086,1747,20,184,2,Driver was rude,2025-04-28 19:24:05
2426,4088,1210,6,324,4,Amazing restaurant,2024-09-08 16:51:20
2427,4090,233,20,125,5,Highly recommended,2025-05-07 16:22:52
2428,4091,1528,4,391,4,Excellent service,2026-04-17 03:19:05
2429,4092,2391,10,204,5,Food was delicious,2026-04-01 18:04:12
2430,4094,947,20,15,4,Highly recommended,2026-05-09 02:39:42
2431,4095,825,10,79,5,Highly recommended,2026-01-31 15:24:10
2432,4098,789,20,15,5,Highly recommended,2025-12-29 12:32:56
2433,4099,1706,1,161,5,Amazing restaurant,2024-10-01 10:32:35
2434,4102,651,10,219,5,Fresh food,2024-09-16 18:40:13
2435,4103,1005,12,85,4,Excellent service,2024-12-30 02:32:08
2436,4106,2422,12,165,5,Highly recommended,2025-10-17 20:09:04
2437,4108,1609,5,34,5,Excellent service,2025-09-13 13:59:24
2438,4110,80,15,109,4,Driver was polite,2025-04-05 05:47:31
2439,4111,662,14,122,4,Highly recommended,2025-03-05 15:22:20
2440,4112,256,13,1,4,Highly recommended,2024-07-18 07:50:07
2441,4114,1239,15,159,4,Driver was polite,2025-03-08 08:46:03
2442,4116,1697,11,250,5,Excellent service,2025-01-23 04:41:40
2443,4117,198,18,199,5,Fresh food,2025-06-07 23:27:29
2444,4121,1471,17,376,4,Very fast delivery,2025-05-24 14:10:01
2445,4123,1532,12,328,4,Driver was polite,2026-07-02 20:25:00
2446,4124,2287,13,49,4,Driver was polite,2024-09-24 09:20:29
2447,4125,2857,12,159,4,Excellent service,2025-10-06 04:07:48
2448,4126,2825,3,365,3,Poor packaging,2024-09-14 18:32:30
2449,4127,2404,17,178,4,Food was delicious,2024-11-20 12:47:16
2450,4129,2467,17,206,2,Poor packaging,2026-06-02 01:28:23
2451,4131,1268,13,207,1,Food quality could be better,2026-06-27 10:46:13
2452,4132,2278,3,325,3,Cold food,2025-05-06 06:13:34
2453,4134,1880,2,61,4,Highly recommended,2025-07-13 08:27:09
2454,4135,762,1,346,3,Not worth the price,2026-01-23 07:31:42
2455,4136,695,3,251,3,Average experience,2024-08-23 14:12:41
2456,4138,2603,3,252,2,Poor packaging,2026-04-09 00:53:30
2457,4139,47,13,206,2,Late delivery,2025-10-28 17:18:15
2458,4140,1393,15,48,3,Food quality could be better,2025-08-04 02:12:44
2459,4141,1791,5,246,3,Not worth the price,2025-06-21 10:46:00
2460,4144,2150,4,262,4,Excellent service,2024-08-16 19:25:02
2461,4145,2026,8,42,2,Average experience,2026-03-05 12:11:50
2462,4146,329,17,303,5,Very fast delivery,2025-03-26 01:39:13
2463,4149,1846,1,253,5,Excellent service,2025-06-18 08:50:34
2464,4151,1681,17,372,4,Excellent service,2024-10-18 07:28:24
2465,4152,1728,8,346,3,Wrong order,2026-05-04 12:56:06
2466,4156,583,2,223,5,Amazing restaurant,2025-10-14 13:16:19
2467,4157,1727,9,196,5,Driver was polite,2025-05-08 14:47:45
2468,4158,2659,20,11,3,Driver was rude,2026-04-18 10:47:04
2469,4160,1824,14,394,4,Very fast delivery,2025-04-05 21:16:55
2470,4162,1031,20,124,5,Fresh food,2024-08-06 00:30:22
2471,4163,2836,5,134,5,Fresh food,2024-08-20 00:01:49
2472,4165,2679,4,101,5,Very fast delivery,2024-10-04 00:48:05
2473,4170,1783,16,353,5,Amazing restaurant,2025-10-24 13:59:46
2474,4172,1623,17,151,5,Amazing restaurant,2026-04-20 23:17:11
2475,4173,1615,3,101,5,Very fast delivery,2026-05-18 14:11:33
2476,4174,2135,18,230,5,Perfect experience,2025-05-21 10:49:50
2477,4175,1660,18,29,3,Wrong order,2025-04-20 07:25:38
2478,4176,1986,7,28,4,Perfect experience,2025-10-20 03:37:18
2479,4177,2286,1,349,4,Excellent service,2024-08-02 08:17:09
2480,4179,2826,1,262,5,Highly recommended,2026-03-06 21:10:05
2481,4181,2126,7,16,5,Highly recommended,2025-05-07 10:59:17
2482,4183,740,7,200,4,Excellent service,2024-07-23 19:09:15
2483,4184,1070,5,320,4,Highly recommended,2026-07-10 17:39:50
2484,4186,1794,12,176,2,Late delivery,2024-09-01 07:00:45
2485,4187,695,4,338,3,Average experience,2026-04-17 08:41:59
2486,4188,2804,15,189,4,Fresh food,2026-06-24 22:08:58
2487,4189,1242,19,252,4,Perfect experience,2026-05-11 14:22:05
2488,4190,1985,11,166,4,Perfect experience,2024-10-26 01:14:29
2489,4191,2566,2,110,4,Driver was polite,2025-04-28 02:27:45
2490,4192,2431,2,181,5,Perfect experience,2025-11-10 07:32:41
2491,4193,1466,8,199,3,Driver was rude,2024-11-06 07:07:02
2492,4194,757,19,161,4,Fresh food,2025-08-22 07:20:50
2493,4195,1765,17,10,4,Food was delicious,2025-12-10 19:30:53
2494,4196,739,9,120,5,Excellent service,2026-05-22 07:19:21
2495,4198,158,13,265,5,Food was delicious,2025-07-31 20:02:04
2496,4200,370,3,362,4,Excellent service,2024-11-18 14:55:24
2497,4201,2771,10,161,4,Food was delicious,2025-04-09 10:40:38
2498,4202,502,15,322,5,Amazing restaurant,2025-04-12 13:08:26
2499,4204,1130,8,147,5,Very fast delivery,2026-07-15 11:32:22
2500,4205,1740,17,269,5,Amazing restaurant,2024-08-30 07:19:14
2501,4206,606,5,105,3,Poor packaging,2025-12-23 19:14:43
2502,4207,250,15,231,3,Cold food,2025-03-16 12:33:21
2503,4208,406,19,101,5,Driver was polite,2025-02-22 16:44:27
2504,4209,645,9,72,5,Highly recommended,2026-06-06 20:52:01
2505,4211,1644,13,390,4,Driver was polite,2024-11-09 17:48:26
2506,4212,1741,13,184,4,Fresh food,2026-03-02 00:43:35
2507,4214,2889,11,349,2,Not worth the price,2026-03-15 07:06:57
2508,4215,161,15,283,1,Cold food,2026-05-14 18:02:19
2509,4223,706,10,367,2,Driver was rude,2024-08-08 16:27:53
2510,4225,941,8,261,4,Perfect experience,2025-05-04 16:17:31
2511,4226,2941,19,199,5,Driver was polite,2026-01-08 12:14:07
2512,4229,504,2,294,5,Food was delicious,2025-10-26 19:48:58
2513,4231,1062,8,246,5,Fresh food,2025-04-25 12:32:31
2514,4232,2603,3,134,5,Excellent service,2025-02-28 02:58:56
2515,4233,1352,13,49,3,Cold food,2025-06-21 13:40:24
2516,4234,2118,2,364,5,Highly recommended,2025-10-01 08:57:57
2517,4235,2853,13,207,4,Fresh food,2024-08-31 17:43:45
2518,4237,1466,3,386,4,Food was delicious,2025-12-23 07:55:52
2519,4239,429,20,49,4,Perfect experience,2026-06-28 08:23:15
2520,4240,353,4,149,5,Fresh food,2026-02-09 21:16:40
2521,4242,635,16,316,4,Food was delicious,2025-02-07 01:48:35
2522,4243,2518,2,223,5,Highly recommended,2024-08-14 21:36:34
2523,4245,443,11,374,5,Perfect experience,2025-03-13 05:41:56
2524,4246,2652,11,349,3,Wrong order,2025-01-16 12:19:19
2525,4247,1482,20,169,5,Excellent service,2026-02-11 20:49:29
2526,4248,2814,9,316,5,Amazing restaurant,2025-09-21 03:37:16
2527,4249,1057,19,103,5,Food was delicious,2026-04-28 01:26:16
2528,4250,40,6,244,4,Perfect experience,2026-04-16 04:05:51
2529,4252,2617,13,86,5,Amazing restaurant,2025-08-12 13:12:15
2530,4255,2912,19,164,5,Driver was polite,2026-01-20 08:11:43
2531,4258,1620,10,36,5,Excellent service,2025-04-03 18:16:08
2532,4259,2129,9,291,4,Food was delicious,2025-10-28 07:29:16
2533,4260,2755,17,214,3,Food quality could be better,2025-07-13 08:32:02
2534,4261,1803,19,329,5,Fresh food,2026-03-14 14:06:28
2535,4263,1746,20,133,5,Excellent service,2025-03-24 22:38:15
2536,4264,2034,13,303,4,Excellent service,2025-08-07 03:34:42
2537,4265,862,6,375,5,Food was delicious,2025-09-03 18:16:57
2538,4266,1749,11,343,5,Perfect experience,2026-02-03 03:54:19
2539,4267,2038,6,366,5,Driver was polite,2024-10-30 02:06:11
2540,4271,55,20,184,5,Very fast delivery,2025-10-20 21:47:55
2541,4272,1749,7,226,4,Excellent service,2026-03-30 16:15:38
2542,4274,2992,15,188,5,Excellent service,2025-12-06 16:31:51
2543,4276,1870,15,18,5,Very fast delivery,2025-04-09 08:09:49
2544,4277,1880,2,294,4,Excellent service,2026-05-25 22:20:46
2545,4282,652,16,316,5,Excellent service,2025-03-03 04:03:44
2546,4283,571,13,206,2,Wrong order,2024-09-16 13:00:33
2547,4285,1371,15,275,5,Amazing restaurant,2025-12-03 17:56:25
2548,4287,1076,15,328,5,Amazing restaurant,2025-12-09 08:25:54
2549,4290,1160,16,107,5,Excellent service,2024-09-04 13:53:08
2550,4291,951,20,102,3,Cold food,2026-01-01 08:20:02
2551,4296,2601,6,112,5,Amazing restaurant,2025-02-13 05:47:01
2552,4297,434,13,211,3,Late delivery,2024-09-28 14:44:30
2553,4298,1594,2,92,4,Fresh food,2026-07-15 01:15:58
2554,4301,1086,6,282,5,Food was delicious,2025-02-14 10:56:43
2555,4302,3,7,400,5,Perfect experience,2024-12-14 07:48:05
2556,4303,2192,11,339,5,Excellent service,2024-09-07 08:33:48
2557,4304,568,16,12,3,Cold food,2025-12-24 14:58:07
2558,4305,2873,3,65,3,Driver was rude,2025-07-31 18:09:52
2559,4307,1183,17,303,3,Cold food,2025-07-19 23:45:02
2560,4309,1755,7,84,5,Very fast delivery,2025-11-14 06:10:47
2561,4313,2270,16,302,1,Average experience,2026-02-04 07:58:28
2562,4314,444,3,200,5,Driver was polite,2024-12-03 21:25:38
2563,4315,2197,20,35,2,Driver was rude,2026-05-17 13:24:59
2564,4316,608,1,99,4,Food was delicious,2025-10-03 07:35:34
2565,4317,1656,2,61,5,Highly recommended,2024-08-22 01:00:00
2566,4318,2943,12,304,5,Very fast delivery,2025-05-17 11:03:58
2567,4319,1036,14,382,4,Very fast delivery,2024-11-17 20:03:02
2568,4322,866,10,24,5,Highly recommended,2025-10-09 14:30:10
2569,4327,154,16,380,3,Wrong order,2025-11-29 13:12:07
2570,4329,628,11,369,1,Poor packaging,2026-03-24 01:32:57
2571,4331,1410,13,116,4,Very fast delivery,2026-03-05 10:31:16
2572,4332,962,17,178,3,Average experience,2025-07-19 22:32:29
2573,4333,43,12,48,5,Very fast delivery,2025-09-22 05:33:43
2574,4334,2875,16,220,3,Late delivery,2025-05-01 11:41:37
2575,4335,457,3,145,2,Cold food,2026-06-25 19:07:46
2576,4336,2720,2,92,4,Excellent service,2025-08-13 07:45:28
2577,4337,1061,17,178,5,Perfect experience,2025-06-03 09:40:38
2578,4338,1927,20,397,3,Driver was rude,2026-06-14 21:52:27
2579,4340,1966,6,368,5,Driver was polite,2026-02-22 15:11:00
2580,4341,1593,6,366,3,Driver was rude,2025-07-30 21:00:06
2581,4343,1805,8,84,3,Driver was rude,2025-09-19 19:57:19
2582,4345,464,1,164,4,Excellent service,2025-03-05 18:34:32
2583,4346,908,6,283,4,Perfect experience,2026-02-10 06:45:07
2584,4347,2393,5,386,5,Driver was polite,2025-02-28 03:48:55
2585,4349,2793,11,51,4,Very fast delivery,2025-09-17 01:58:22
2586,4351,1488,16,357,5,Driver was polite,2025-11-09 10:55:54
2587,4352,2467,17,309,4,Highly recommended,2024-08-12 13:23:44
2588,4353,2257,15,263,5,Fresh food,2025-11-26 09:28:22
2589,4354,2205,18,135,5,Very fast delivery,2025-07-18 16:21:47
2590,4355,1007,5,103,3,Average experience,2026-03-20 17:00:57
2591,4356,1739,1,362,1,Cold food,2025-10-17 01:09:37
2592,4358,440,14,382,3,Cold food,2024-11-13 23:50:15
2593,4359,2943,12,322,3,Not worth the price,2024-10-30 04:13:26
2594,4361,2942,17,22,5,Perfect experience,2026-05-05 21:34:24
2595,4362,313,20,77,3,Poor packaging,2024-10-07 18:38:01
2596,4363,1699,12,322,5,Perfect experience,2024-09-21 00:13:44
2597,4365,774,4,250,4,Perfect experience,2026-05-28 20:29:18
2598,4366,2802,6,163,5,Highly recommended,2024-11-14 11:15:27
2599,4367,597,17,91,3,Food quality could be better,2025-07-07 01:45:05
2600,4368,1253,4,95,5,Fresh food,2026-07-12 02:53:30
2601,4370,1919,19,350,5,Perfect experience,2026-03-18 03:07:39
2602,4371,554,2,66,4,Amazing restaurant,2025-02-04 17:05:53
2603,4375,439,3,343,4,Fresh food,2025-03-01 21:55:38
2604,4377,1325,19,381,4,Driver was polite,2025-03-11 12:18:54
2605,4379,2421,13,86,4,Perfect experience,2026-05-02 19:15:46
2606,4381,1153,18,145,3,Food quality could be better,2026-05-09 11:56:39
2607,4384,2074,20,310,5,Driver was polite,2026-01-01 09:47:43
2608,4385,44,15,229,4,Perfect experience,2025-04-23 08:19:03
2609,4386,2521,7,28,5,Excellent service,2026-06-19 11:34:05
2610,4389,2833,10,160,5,Food was delicious,2024-09-14 05:17:22
2611,4391,2229,5,16,5,Perfect experience,2025-09-27 13:38:55
2612,4394,837,2,181,5,Very fast delivery,2025-08-10 14:26:45
2613,4398,589,17,172,5,Highly recommended,2026-04-20 00:49:06
2614,4399,998,9,13,3,Cold food,2026-06-10 17:02:24
2615,4401,2791,7,179,5,Fresh food,2025-04-29 11:22:06
2616,4402,2671,17,15,5,Driver was polite,2024-08-13 05:07:53
2617,4403,1279,19,51,5,Very fast delivery,2024-11-27 03:26:53
2618,4404,1719,16,302,2,Wrong order,2026-03-07 17:31:11
2619,4405,468,2,94,5,Very fast delivery,2024-10-23 00:26:09
2620,4406,846,16,120,3,Cold food,2026-06-28 09:59:19
2621,4408,2989,4,391,4,Perfect experience,2024-12-06 04:12:42
2622,4409,468,2,61,5,Highly recommended,2024-07-18 05:04:02
2623,4410,53,20,390,5,Fresh food,2024-11-08 03:19:13
2624,4413,1751,2,223,4,Perfect experience,2026-03-28 14:21:41
2625,4416,1061,13,259,5,Driver was polite,2025-05-20 20:49:43
2626,4417,1597,2,242,5,Food was delicious,2025-07-12 17:15:16
2627,4418,2393,19,349,4,Fresh food,2025-03-03 11:25:57
2628,4420,1749,3,130,3,Not worth the price,2025-06-12 12:36:19
2629,4423,921,1,347,3,Driver was rude,2026-04-15 04:28:43
2630,4425,2953,17,235,5,Driver was polite,2025-10-18 04:38:26
2631,4426,199,16,387,4,Amazing restaurant,2025-06-11 13:01:54
2632,4427,152,18,25,5,Perfect experience,2026-05-20 17:58:28
2633,4428,2744,13,351,5,Fresh food,2026-04-12 11:50:31
2634,4429,935,10,350,4,Excellent service,2025-01-06 23:03:20
2635,4430,1201,15,112,3,Poor packaging,2025-12-17 18:25:32
2636,4432,2722,18,199,4,Fresh food,2026-04-07 16:40:15
2637,4433,1822,11,252,5,Highly recommended,2025-01-17 06:29:25
2638,4435,306,20,345,4,Fresh food,2026-05-23 06:38:30
2639,4439,2779,13,284,5,Excellent service,2024-12-07 08:22:49
2640,4440,2909,17,376,2,Driver was rude,2025-01-17 23:24:23
2641,4441,1877,6,18,4,Driver was polite,2025-03-15 19:26:17
2642,4443,276,3,16,5,Food was delicious,2025-08-17 07:00:50
2643,4444,2414,8,365,4,Very fast delivery,2026-03-31 19:21:32
2644,4446,2196,20,2,2,Cold food,2025-12-29 02:24:56
2645,4448,2446,18,65,3,Wrong order,2024-09-24 11:09:11
2646,4449,437,4,252,3,Cold food,2025-04-17 06:52:33
2647,4450,65,10,74,4,Highly recommended,2026-02-09 23:26:52
2648,4451,427,14,382,4,Food was delicious,2025-10-06 02:02:35
2649,4453,2277,17,11,5,Highly recommended,2026-07-12 13:50:35
2650,4454,2911,2,296,2,Poor packaging,2025-06-06 20:47:00
2651,4455,2951,20,390,5,Excellent service,2026-03-16 14:14:11
2652,4457,1033,15,317,4,Fresh food,2024-10-19 08:13:34
2653,4459,1078,11,168,5,Amazing restaurant,2025-01-03 04:05:39
2654,4460,406,18,171,4,Perfect experience,2025-05-26 02:01:52
2655,4461,563,3,400,5,Highly recommended,2026-04-09 18:55:08
2656,4463,1651,15,43,5,Driver was polite,2024-11-01 00:41:31
2657,4464,2196,13,351,2,Wrong order,2024-10-22 00:27:21
2658,4465,2059,9,194,5,Highly recommended,2025-09-30 14:06:46
2659,4466,1775,5,158,3,Driver was rude,2025-12-31 18:28:52
2660,4467,114,13,30,5,Driver was polite,2024-07-15 16:54:46
2661,4468,1841,12,330,5,Perfect experience,2024-10-30 18:52:13
2662,4469,166,11,261,4,Food was delicious,2025-06-15 10:27:53
2663,4472,876,10,286,4,Driver was polite,2025-05-26 08:14:18
2664,4473,1718,15,322,3,Late delivery,2025-04-28 15:08:06
2665,4475,2336,6,165,5,Excellent service,2026-04-19 06:14:35
2666,4476,1449,8,105,2,Average experience,2025-11-20 01:20:18
2667,4478,633,9,32,4,Food was delicious,2025-05-14 09:45:32
2668,4479,2519,15,176,4,Excellent service,2024-11-30 21:34:59
2669,4485,2322,8,374,5,Amazing restaurant,2025-12-20 05:32:38
2670,4488,915,11,369,5,Food was delicious,2024-09-01 06:09:31
2671,4489,619,12,275,3,Driver was rude,2025-04-26 22:20:24
2672,4490,45,1,37,5,Perfect experience,2025-10-07 00:56:09
2673,4492,1229,12,232,5,Driver was polite,2026-04-07 19:10:35
2674,4493,2508,20,11,3,Late delivery,2026-06-09 19:35:10
2675,4495,1296,12,232,4,Fresh food,2026-04-15 14:43:05
2676,4496,1001,18,149,5,Food was delicious,2024-11-11 10:33:06
2677,4498,2228,15,244,5,Perfect experience,2024-10-30 23:07:38
2678,4500,2053,10,103,2,Wrong order,2026-05-30 07:33:22
2679,4505,1550,13,172,4,Excellent service,2025-09-17 17:44:53
2680,4506,1891,13,127,5,Highly recommended,2025-09-19 05:30:53
2681,4507,2651,11,199,5,Very fast delivery,2025-12-06 12:50:54
2682,4511,1509,8,386,4,Excellent service,2025-07-12 05:08:43
2683,4512,1852,20,287,3,Not worth the price,2024-09-10 03:02:30
2684,4513,1544,5,137,5,Amazing restaurant,2026-06-26 00:06:33
2685,4514,1336,19,286,5,Highly recommended,2025-11-24 21:59:42
2686,4515,1106,17,93,4,Food was delicious,2024-09-07 02:49:10
2687,4518,1205,12,383,1,Cold food,2025-09-16 01:08:00
2688,4519,1866,17,327,4,Food was delicious,2026-01-30 19:40:54
2689,4522,2478,8,147,3,Average experience,2025-08-08 10:41:53
2690,4524,1201,15,282,4,Excellent service,2025-11-15 23:08:27
2691,4526,968,11,118,4,Fresh food,2025-04-28 13:04:56
2692,4528,1900,13,169,3,Food quality could be better,2025-12-27 10:52:25
2693,4530,2261,5,99,5,Food was delicious,2025-10-10 13:37:30
2694,4531,1139,5,101,5,Excellent service,2026-07-11 00:37:14
2695,4535,615,17,1,4,Food was delicious,2025-08-08 20:46:54
2696,4536,2654,2,288,4,Food was delicious,2025-08-19 09:34:49
2697,4537,2162,18,204,5,Very fast delivery,2024-09-15 10:29:21
2698,4540,2116,19,230,5,Driver was polite,2025-08-13 20:25:23
2699,4541,1726,17,361,1,Poor packaging,2026-03-08 20:10:03
2700,4542,1482,17,119,5,Very fast delivery,2024-10-22 05:30:44
2701,4544,1643,16,357,3,Wrong order,2025-10-17 07:48:13
2702,4547,1239,15,366,5,Highly recommended,2025-01-10 06:19:27
2703,4549,903,2,53,4,Very fast delivery,2024-08-02 20:38:53
2704,4550,39,9,392,3,Driver was rude,2025-09-22 04:23:55
2705,4554,708,2,17,3,Driver was rude,2024-10-16 09:09:55
2706,4555,1506,20,265,2,Cold food,2024-09-17 03:02:23
2707,4556,2176,17,284,4,Fresh food,2025-04-19 03:20:29
2708,4558,325,6,59,4,Amazing restaurant,2025-02-06 19:01:19
2709,4559,709,4,289,5,Food was delicious,2026-07-08 18:03:19
2710,4560,499,2,92,4,Amazing restaurant,2025-09-25 00:41:39
2711,4561,1655,2,128,4,Food was delicious,2026-05-06 04:29:15
2712,4563,1929,14,122,5,Amazing restaurant,2024-08-05 00:55:22
2713,4566,1926,9,111,5,Amazing restaurant,2025-04-13 19:31:14
2714,4568,2846,20,327,5,Driver was polite,2025-02-19 13:48:08
2715,4571,1037,15,275,4,Highly recommended,2024-11-14 18:09:12
2716,4572,1610,19,99,4,Excellent service,2025-05-20 15:12:35
2717,4575,344,3,123,4,Very fast delivery,2024-08-09 20:25:45
2718,4576,2433,17,97,2,Not worth the price,2026-05-29 00:13:22
2719,4577,315,7,400,3,Not worth the price,2024-10-19 17:28:44
2720,4580,2208,18,42,5,Highly recommended,2026-01-31 07:56:54
2721,4581,130,17,11,4,Excellent service,2024-07-28 01:21:06
2722,4583,604,8,145,4,Perfect experience,2025-02-03 07:42:13
2723,4584,1658,8,386,3,Late delivery,2026-05-13 16:16:00
2724,4585,1480,14,382,5,Amazing restaurant,2026-02-15 16:24:12
2725,4586,1584,2,98,3,Cold food,2025-11-28 13:12:56
2726,4587,199,16,380,4,Very fast delivery,2026-01-05 07:39:46
2727,4588,602,6,159,5,Excellent service,2025-10-06 19:29:49
2728,4591,792,8,160,5,Fresh food,2025-09-09 21:12:59
2729,4593,1076,15,244,4,Highly recommended,2026-05-26 08:24:47
2730,4594,1249,13,35,5,Excellent service,2025-03-29 12:31:48
2731,4595,944,15,229,5,Driver was polite,2025-09-15 09:06:37
2732,4596,333,17,172,5,Highly recommended,2026-04-01 12:04:42
2733,4598,2609,17,102,4,Food was delicious,2024-08-28 10:29:30
2734,4601,522,10,183,5,Perfect experience,2026-04-13 13:08:18
2735,4602,910,6,43,4,Very fast delivery,2025-11-01 07:04:14
2736,4603,1488,9,107,3,Cold food,2025-01-23 15:21:15
2737,4604,388,10,136,3,Wrong order,2024-09-30 11:45:28
2738,4606,2190,3,250,3,Wrong order,2026-03-30 12:35:56
2739,4607,813,1,123,5,Highly recommended,2026-03-15 01:12:41
2740,4609,1826,18,367,3,Late delivery,2026-05-19 19:16:24
2741,4610,230,7,129,5,Food was delicious,2025-03-31 11:44:59
2742,4612,1145,20,35,3,Driver was rude,2025-11-24 18:08:30
2743,4614,2109,10,326,4,Food was delicious,2026-02-13 08:50:28
2744,4615,579,17,259,5,Amazing restaurant,2026-06-18 02:16:38
2745,4616,1759,13,184,1,Wrong order,2025-03-24 09:49:20
2746,4618,293,5,386,2,Late delivery,2025-11-11 15:43:16
2747,4620,679,13,310,5,Fresh food,2024-10-10 11:49:04
2748,4621,1278,4,252,2,Not worth the price,2024-12-30 10:07:40
2749,4623,555,12,146,4,Very fast delivery,2025-09-15 08:06:12
2750,4624,1429,8,333,5,Excellent service,2024-12-25 10:45:59
2751,4628,2155,15,18,3,Late delivery,2025-09-20 08:26:06
2752,4629,1904,11,314,5,Very fast delivery,2025-05-11 03:32:59
2753,4630,538,13,269,2,Food quality could be better,2026-05-10 22:53:44
2754,4631,2631,17,11,4,Driver was polite,2025-03-03 16:17:47
2755,4632,2235,5,130,5,Amazing restaurant,2025-12-11 19:36:02
2756,4633,288,15,3,4,Amazing restaurant,2025-04-08 03:01:42
2757,4634,2113,13,47,5,Perfect experience,2026-04-04 16:05:06
2758,4635,1636,13,2,4,Excellent service,2025-03-25 19:02:10
2759,4637,924,4,323,3,Driver was rude,2024-10-29 19:55:40
2760,4638,399,10,333,4,Very fast delivery,2025-01-30 05:20:38
2761,4639,1935,18,99,4,Amazing restaurant,2025-09-13 21:14:08
2762,4640,2507,19,99,4,Amazing restaurant,2025-01-12 14:46:25
2763,4641,2410,8,179,5,Fresh food,2026-04-29 22:37:32
2764,4645,1566,6,231,5,Highly recommended,2025-12-07 22:18:09
2765,4646,887,4,349,5,Driver was polite,2025-04-11 18:28:20
2766,4647,2919,20,213,4,Food was delicious,2026-05-22 23:54:20
2767,4649,1145,13,355,3,Not worth the price,2024-11-08 02:46:37
2768,4650,2871,15,375,4,Amazing restaurant,2026-01-27 14:24:23
2769,4651,1875,1,201,5,Food was delicious,2025-02-13 16:32:07
2770,4653,1778,13,169,5,Very fast delivery,2025-04-05 09:21:40
2771,4654,2097,4,349,2,Not worth the price,2025-06-12 03:10:34
2772,4655,238,7,326,5,Fresh food,2025-06-16 03:20:09
2773,4656,248,9,302,1,Driver was rude,2025-11-17 10:46:47
2774,4657,2270,9,111,5,Fresh food,2025-06-09 10:38:16
2775,4659,1547,5,334,4,Excellent service,2024-12-20 14:55:56
2776,4660,2447,12,109,5,Food was delicious,2024-09-28 09:23:46
2777,4661,2175,6,299,3,Driver was rude,2026-02-28 14:47:55
2778,4663,665,12,263,5,Perfect experience,2024-07-24 11:28:52
2779,4664,2304,16,32,5,Fresh food,2024-11-15 17:33:33
2780,4665,629,12,322,4,Very fast delivery,2024-10-25 07:53:40
2781,4666,2911,2,173,4,Perfect experience,2026-03-07 05:07:07
2782,4671,1391,15,19,5,Driver was polite,2025-05-18 03:35:54
2783,4672,490,10,250,3,Food quality could be better,2025-07-29 03:38:33
2784,4673,1753,8,367,4,Food was delicious,2025-08-24 07:52:10
2785,4674,2742,17,10,3,Not worth the price,2026-05-08 12:47:50
2786,4677,293,8,8,5,Fresh food,2025-05-22 18:01:47
2787,4678,643,4,201,4,Perfect experience,2026-02-03 02:42:53
2788,4679,1920,6,81,4,Food was delicious,2025-03-03 07:19:08
2789,4681,389,13,184,3,Driver was rude,2025-08-28 00:33:38
2790,4683,575,12,40,5,Fresh food,2025-05-11 12:55:03
2791,4684,2144,10,274,5,Amazing restaurant,2025-12-10 02:52:18
2792,4685,2991,8,96,5,Food was delicious,2025-01-26 13:45:53
2793,4686,2737,18,152,3,Average experience,2024-08-01 11:25:33
2794,4687,1335,16,194,3,Cold food,2025-11-24 14:22:00
2795,4690,1121,11,230,5,Food was delicious,2025-02-05 06:54:44
2796,4691,1748,20,15,3,Wrong order,2025-06-12 00:36:49
2797,4694,1556,2,224,5,Food was delicious,2024-08-16 11:18:02
2798,4695,2376,8,365,5,Very fast delivery,2025-08-12 10:38:15
2799,4696,1334,11,16,5,Food was delicious,2025-04-19 05:20:38
2800,4697,2253,14,394,3,Food quality could be better,2025-07-28 21:14:01
2801,4698,2776,19,29,3,Not worth the price,2025-07-18 02:34:21
2802,4700,649,18,90,3,Food quality could be better,2026-02-12 04:25:46
2803,4705,325,15,295,3,Late delivery,2024-07-18 04:55:38
2804,4706,1000,19,286,4,Food was delicious,2025-06-15 08:48:18
2805,4707,1335,16,392,4,Driver was polite,2025-09-04 06:11:23
2806,4708,2507,10,339,4,Very fast delivery,2024-12-05 16:22:11
2807,4710,486,7,101,3,Average experience,2025-02-15 10:34:31
2808,4712,1463,5,24,4,Fresh food,2026-06-04 16:56:32
2809,4713,2128,19,84,5,Food was delicious,2025-11-30 23:03:28
2810,4714,1765,20,151,5,Fresh food,2025-01-22 14:01:30
2811,4716,2665,19,137,5,Fresh food,2026-06-30 03:37:32
2812,4717,2089,15,315,4,Highly recommended,2026-07-11 18:40:29
2813,4719,2830,13,30,2,Food quality could be better,2025-06-13 18:21:08
2814,4720,2308,13,133,4,Very fast delivery,2026-05-22 08:58:21
2815,4723,1587,1,290,5,Amazing restaurant,2025-06-06 17:54:20
2816,4724,2904,1,152,5,Amazing restaurant,2025-08-14 17:43:16
2817,4726,2964,4,123,4,Excellent service,2025-12-26 20:53:23
2818,4728,1496,10,51,4,Perfect experience,2025-07-07 06:06:55
2819,4730,862,12,275,5,Driver was polite,2026-06-08 04:03:22
2820,4732,168,6,48,3,Food quality could be better,2024-07-16 15:37:55
2821,4735,767,12,109,5,Amazing restaurant,2026-01-27 21:17:07
2822,4736,534,2,399,5,Fresh food,2025-08-25 16:41:35
2823,4738,1553,4,126,5,Excellent service,2024-09-07 11:59:54
2824,4741,1099,13,22,4,Fresh food,2024-08-05 13:48:12
2825,4743,1936,10,161,5,Amazing restaurant,2024-08-08 10:33:33
2826,4745,1489,3,137,4,Amazing restaurant,2025-05-11 13:07:40
2827,4748,1879,1,96,4,Very fast delivery,2026-03-31 14:05:32
2828,4749,2903,17,185,4,Highly recommended,2024-12-12 19:56:54
2829,4750,2157,15,315,5,Amazing restaurant,2025-04-07 03:48:36
2830,4751,1598,12,189,5,Perfect experience,2026-03-27 10:38:55
2831,4755,210,13,49,4,Highly recommended,2025-01-03 17:55:48
2832,4756,1412,2,228,5,Fresh food,2024-10-23 03:48:29
2833,4758,465,7,323,5,Highly recommended,2024-10-03 01:53:22
2834,4759,1165,12,165,1,Driver was rude,2025-08-10 21:59:09
2835,4761,757,5,8,4,Highly recommended,2026-05-14 18:12:55
2836,4764,2300,10,103,5,Perfect experience,2024-07-20 17:51:04
2837,4766,2276,10,271,3,Average experience,2025-11-12 02:20:38
2838,4767,2134,15,159,4,Very fast delivery,2026-03-23 19:26:09
2839,4768,594,7,266,4,Fresh food,2025-11-29 01:45:19
2840,4769,2378,6,322,5,Excellent service,2025-09-16 04:55:14
2841,4770,58,15,275,4,Food was delicious,2025-06-23 17:47:02
2842,4771,1132,13,121,5,Very fast delivery,2026-04-03 18:45:33
2843,4772,2611,20,236,5,Food was delicious,2025-03-07 05:07:06
2844,4774,961,12,48,4,Fresh food,2025-10-19 17:57:11
2845,4775,812,18,147,5,Amazing restaurant,2025-06-10 01:31:51
2846,4780,1862,19,343,2,Not worth the price,2025-05-30 02:13:48
2847,4781,1783,16,107,4,Food was delicious,2025-09-07 10:15:22
2848,4783,2,13,119,3,Wrong order,2025-11-24 23:41:24
2849,4786,1140,20,218,3,Not worth the price,2026-01-09 19:30:29
2850,4787,2818,13,97,5,Perfect experience,2026-07-04 08:58:32
2851,4791,2299,11,29,3,Driver was rude,2024-08-04 03:14:58
2852,4795,2128,5,311,3,Late delivery,2025-06-19 17:50:17
2853,4796,702,1,290,3,Poor packaging,2024-09-24 20:35:24
2854,4797,600,17,97,3,Cold food,2025-06-07 14:14:17
2855,4799,2936,2,306,5,Excellent service,2025-09-13 23:17:28
2856,4800,2172,18,183,5,Excellent service,2024-10-21 02:08:36
2857,4801,805,6,165,4,Highly recommended,2025-08-31 12:23:24
2858,4803,58,12,260,2,Average experience,2026-05-08 01:42:56
2859,4804,2553,13,259,2,Poor packaging,2025-05-01 13:38:03
2860,4805,1652,2,98,5,Excellent service,2025-07-24 10:33:42
2861,4806,2660,4,323,4,Fresh food,2026-06-07 10:56:53
2862,4807,1889,15,282,3,Cold food,2025-07-24 10:48:39
2863,4808,407,13,303,3,Wrong order,2025-12-09 04:20:41
2864,4809,2231,16,302,1,Late delivery,2025-03-28 10:25:57
2865,4811,2121,12,202,4,Fresh food,2025-06-14 04:54:08
2866,4812,2667,7,346,5,Fresh food,2025-03-04 11:04:16
2867,4816,2558,13,236,4,Highly recommended,2025-05-22 15:42:10
2868,4817,2960,2,242,3,Driver was rude,2025-04-18 01:13:28
2869,4818,1116,10,257,4,Fresh food,2025-03-01 06:41:08
2870,4820,77,7,95,5,Food was delicious,2025-02-27 06:58:10
2871,4821,2411,17,206,3,Late delivery,2025-08-03 21:30:24
2872,4822,584,8,243,2,Poor packaging,2026-06-18 02:45:37
2873,4823,2455,16,12,5,Highly recommended,2025-06-15 18:53:42
2874,4825,495,12,69,3,Cold food,2025-08-14 06:06:41
2875,4826,2775,15,324,5,Highly recommended,2025-04-16 19:49:38
2876,4828,2553,20,178,4,Amazing restaurant,2025-05-01 01:56:33
2877,4831,974,17,310,2,Late delivery,2025-03-05 21:41:01
2878,4832,393,17,172,4,Perfect experience,2025-06-09 06:14:40
2879,4834,1191,10,80,5,Amazing restaurant,2025-10-19 08:58:50
2880,4836,1319,4,281,4,Driver was polite,2025-07-22 03:28:24
2881,4837,2020,6,189,5,Amazing restaurant,2024-08-23 21:37:00
2882,4841,888,19,334,5,Excellent service,2024-08-23 00:53:19
2883,4842,1544,18,346,5,Highly recommended,2025-10-12 21:43:20
2884,4845,404,6,283,5,Food was delicious,2025-07-27 14:47:00
2885,4848,2139,13,239,5,Very fast delivery,2026-01-31 22:46:44
2886,4849,1341,13,169,5,Amazing restaurant,2026-06-04 18:33:40
2887,4850,1803,19,346,4,Amazing restaurant,2025-08-04 12:15:16
2888,4851,422,14,394,4,Amazing restaurant,2025-12-17 12:43:39
2889,4852,2289,13,351,5,Amazing restaurant,2025-01-07 09:32:06
2890,4855,1374,2,224,3,Cold food,2025-08-13 11:03:19
2891,4857,889,10,25,5,Excellent service,2025-08-30 22:46:16
2892,4860,2364,14,122,1,Not worth the price,2025-11-17 17:01:49
2893,4861,146,2,92,4,Highly recommended,2026-06-12 08:56:47
2894,4862,374,7,360,4,Perfect experience,2025-09-01 11:13:13
2895,4864,2302,20,213,4,Very fast delivery,2025-10-21 03:33:33
2896,4865,1432,6,59,4,Fresh food,2024-08-26 09:29:31
2897,4867,1350,20,106,4,Food was delicious,2026-03-10 12:32:27
2898,4870,1810,10,164,4,Driver was polite,2026-06-25 04:04:22
2899,4871,618,13,178,4,Food was delicious,2024-10-20 18:28:30
2900,4873,937,17,132,5,Excellent service,2025-12-19 01:00:20
2901,4874,1864,20,77,4,Perfect experience,2025-11-26 02:33:32
2902,4875,1244,14,122,3,Not worth the price,2025-11-20 03:44:04
2903,4876,1112,17,35,5,Amazing restaurant,2026-03-03 17:33:12
2904,4877,893,13,121,4,Fresh food,2026-02-26 15:55:00
2905,4878,2806,13,259,5,Very fast delivery,2025-01-25 22:12:11
2906,4879,1881,15,337,5,Food was delicious,2026-06-11 21:38:58
2907,4882,2880,11,285,3,Average experience,2025-08-11 11:39:36
2908,4884,270,18,261,5,Food was delicious,2024-11-16 15:51:29
2909,4885,2960,2,94,5,Highly recommended,2026-06-05 12:59:20
2910,4890,2433,17,133,3,Wrong order,2026-04-16 12:02:08
2911,4891,1706,4,204,4,Amazing restaurant,2025-02-23 14:50:29
2912,4892,613,19,28,4,Excellent service,2024-11-02 08:41:46
2913,4894,618,13,321,5,Highly recommended,2024-11-13 12:04:21
2914,4895,1643,9,72,4,Driver was polite,2025-06-24 17:39:37
2915,4896,2975,9,316,5,Fresh food,2025-09-17 00:07:01
2916,4897,1810,18,320,5,Food was delicious,2025-01-29 23:44:19
2917,4899,837,2,288,2,Cold food,2025-03-15 18:31:57
2918,4900,1384,19,134,5,Fresh food,2025-08-17 01:24:31
2919,4902,2491,7,129,5,Highly recommended,2025-07-28 02:55:20
2920,4903,650,17,313,5,Amazing restaurant,2025-06-09 19:33:06
2921,4905,2689,9,392,5,Amazing restaurant,2025-02-14 19:03:21
2922,4908,154,9,12,5,Fresh food,2026-03-20 04:45:37
2923,4909,2348,15,324,5,Food was delicious,2025-02-12 19:43:30
2924,4911,2454,3,210,5,Food was delicious,2024-12-13 02:25:06
2925,4916,1644,17,174,4,Perfect experience,2025-09-09 03:44:26
2926,4917,908,12,229,5,Amazing restaurant,2026-06-29 08:41:41
2927,4920,775,17,15,4,Highly recommended,2024-08-21 05:05:30
2928,4924,739,9,392,5,Driver was polite,2025-03-18 04:20:38
2929,4927,2149,7,71,3,Late delivery,2025-04-12 00:02:59
2930,4929,1845,10,226,5,Perfect experience,2025-06-15 00:39:28
2931,4930,1296,6,159,4,Highly recommended,2024-09-04 02:03:57
2932,4931,2654,2,399,5,Driver was polite,2025-01-06 06:13:28
2933,4932,2676,8,346,3,Driver was rude,2025-10-21 14:33:48
2934,4933,933,8,374,3,Average experience,2024-09-27 12:04:22
2935,4934,255,17,213,5,Fresh food,2024-12-02 15:04:20
2936,4935,2727,13,182,5,Driver was polite,2024-12-19 07:18:44
2937,4936,652,9,13,2,Average experience,2024-08-10 05:40:14
2938,4937,304,3,37,5,Perfect experience,2025-07-03 13:14:34
2939,4938,1896,10,134,5,Highly recommended,2025-02-06 22:03:12
2940,4939,1240,19,161,4,Driver was polite,2025-04-10 03:31:49
2941,4940,2986,4,34,3,Not worth the price,2026-07-08 07:03:13
2942,4941,916,2,53,2,Driver was rude,2025-03-25 19:43:38
2943,4943,2241,19,161,3,Average experience,2025-04-09 02:43:15
2944,4947,2109,19,257,4,Excellent service,2025-06-17 05:58:07
2945,4948,2354,17,313,5,Driver was polite,2025-05-04 18:27:44
2946,4949,1751,2,98,5,Excellent service,2026-03-17 02:46:58
2947,4950,2555,6,176,4,Fresh food,2024-08-23 19:20:36
2948,4959,2862,6,40,5,Driver was polite,2024-12-23 11:03:23
2949,4961,2009,9,353,5,Highly recommended,2026-05-29 22:29:00
2950,4962,701,1,171,4,Amazing restaurant,2026-05-21 04:48:50
2951,4963,1522,14,382,5,Excellent service,2025-01-19 21:24:47
2952,4966,2120,19,29,4,Driver was polite,2026-02-11 05:16:59
2953,4968,663,10,28,5,Amazing restaurant,2025-12-13 05:15:27
2954,4969,1558,12,41,4,Driver was polite,2025-07-28 14:17:13
2955,4970,2283,2,195,4,Food was delicious,2025-12-22 16:13:23
2956,4971,1142,16,111,2,Late delivery,2025-04-18 21:08:28
2957,4972,1570,2,53,4,Driver was polite,2024-08-28 19:07:19
2958,4973,1898,2,294,2,Not worth the price,2026-02-17 23:04:55
2959,4975,352,13,97,5,Excellent service,2025-12-28 16:37:00
2960,4976,2497,12,180,5,Food was delicious,2026-04-29 05:00:37
2961,4977,2151,2,110,5,Very fast delivery,2024-12-30 21:10:58
2962,4979,631,15,48,4,Food was delicious,2025-06-08 10:25:16
2963,4980,2176,20,227,2,Not worth the price,2026-05-01 00:52:55
2964,4981,1622,18,209,5,Perfect experience,2026-02-24 09:34:52
2965,4983,2812,6,260,4,Excellent service,2025-02-16 03:04:28
2966,4984,2595,2,17,1,Wrong order,2026-04-20 15:10:24
2967,4985,127,3,360,5,Fresh food,2025-05-05 05:57:29
2968,4986,2833,5,31,4,Perfect experience,2026-04-29 05:34:10
2969,4987,53,13,227,5,Highly recommended,2025-11-22 09:05:50
2970,4988,2684,2,173,4,Excellent service,2025-01-28 21:50:46
2971,4989,2006,5,271,4,Highly recommended,2026-01-22 07:31:31
2972,4990,2558,13,119,5,Very fast delivery,2026-04-02 10:19:55
2973,4992,2130,18,199,4,Fresh food,2024-08-03 07:00:00
2974,4993,804,6,282,1,Wrong order,2024-12-20 14:30:23
2975,4994,1220,13,218,3,Not worth the price,2024-08-19 20:11:26
2976,4995,1230,7,161,5,Perfect experience,2025-01-04 01:15:45
2977,4996,1096,17,303,1,Wrong order,2024-08-17 17:51:13
2978,4998,2207,3,250,4,Perfect experience,2024-08-18 04:01:07
2979,5001,183,6,260,3,Average experience,2025-11-29 04:05:49
2980,5003,2684,2,175,4,Food was delicious,2024-08-06 11:34:35
2981,5007,1394,3,333,4,Driver was polite,2026-02-02 23:43:20
2982,5008,1545,3,210,5,Fresh food,2026-01-04 23:26:52
2983,5009,1036,14,394,4,Driver was polite,2025-12-17 08:15:12
2984,5010,1386,1,314,5,Food was delicious,2026-04-23 15:22:41
2985,5011,985,14,122,4,Fresh food,2025-07-31 00:08:46
2986,5012,1517,14,382,1,Wrong order,2024-12-18 03:37:27
2987,5013,2434,16,318,5,Highly recommended,2026-06-22 04:57:21
2988,5016,2385,20,97,4,Fresh food,2025-07-07 20:20:51
2989,5018,1873,6,189,4,Very fast delivery,2024-11-12 06:25:12
2990,5021,1291,13,114,3,Food quality could be better,2024-12-12 19:06:43
2991,5022,1130,4,130,2,Wrong order,2025-02-15 21:54:57
2992,5025,502,15,176,5,Driver was polite,2025-12-24 03:44:56
2993,5026,815,5,238,4,Very fast delivery,2025-04-13 23:34:06
2994,5027,1977,13,169,4,Driver was polite,2024-10-22 00:59:30
2995,5033,886,10,333,5,Fresh food,2024-09-19 04:39:44
2996,5034,276,4,386,4,Food was delicious,2026-04-14 15:33:13
2997,5037,1558,6,232,5,Food was delicious,2025-02-03 10:48:41
2998,5038,1085,16,107,5,Food was delicious,2025-03-03 01:25:55
2999,5042,1242,7,238,5,Highly recommended,2025-10-07 18:22:22
3000,5044,1764,10,171,3,Late delivery,2024-09-07 14:47:12
3001,5045,1415,10,90,2,Average experience,2025-11-04 00:51:32
3002,5047,676,13,321,3,Wrong order,2024-11-13 09:08:24
3003,5049,2090,15,282,2,Wrong order,2024-11-05 04:24:27
3004,5050,2901,18,147,4,Amazing restaurant,2025-04-05 09:23:05
3005,5051,1375,20,184,5,Fresh food,2025-09-25 19:16:36
3006,5052,1072,11,219,3,Late delivery,2024-09-21 11:20:56
3007,5054,2027,3,274,1,Late delivery,2026-02-04 12:05:20
3008,5055,625,11,362,5,Highly recommended,2025-05-01 00:22:55
3009,5056,2103,13,11,4,Amazing restaurant,2025-12-14 14:30:52
3010,5058,1617,15,299,4,Amazing restaurant,2024-10-08 11:59:56
3011,5060,2709,11,37,3,Cold food,2025-07-30 00:47:48
3012,5061,1759,20,151,3,Wrong order,2024-08-14 19:45:26
3013,5062,2156,8,343,5,Perfect experience,2025-12-08 05:32:55
3014,5067,2907,9,318,5,Food was delicious,2025-04-24 22:39:57
3015,5068,888,7,199,4,Amazing restaurant,2025-01-02 02:03:28
3016,5069,981,20,256,4,Driver was polite,2026-03-18 22:58:11
3017,5071,1692,10,253,4,Driver was polite,2026-03-26 21:26:23
3018,5072,359,12,54,2,Not worth the price,2026-03-05 07:05:35
3019,5074,2106,17,309,5,Amazing restaurant,2026-04-27 13:51:09
3020,5076,435,20,15,4,Very fast delivery,2025-11-14 07:10:20
3021,5077,138,10,21,5,Perfect experience,2025-07-24 19:51:26
3022,5078,2807,3,314,4,Perfect experience,2026-03-15 19:46:10
3023,5079,2372,2,110,4,Perfect experience,2024-07-27 23:33:22
3024,5081,1073,11,219,3,Food quality could be better,2024-08-12 04:48:47
3025,5082,2304,9,378,5,Highly recommended,2026-02-03 08:07:51
3026,5084,1721,4,134,5,Very fast delivery,2025-03-06 17:40:32
3027,5086,2558,13,174,5,Highly recommended,2025-10-15 02:15:27
3028,5087,2828,2,242,4,Driver was polite,2025-01-04 12:16:07
3029,5089,2516,7,164,3,Not worth the price,2025-03-13 04:43:28
3030,5090,1184,2,66,5,Amazing restaurant,2025-10-27 20:28:55
3031,5092,2232,2,364,4,Food was delicious,2025-01-05 11:24:11
3032,5094,2166,7,335,4,Amazing restaurant,2024-11-20 01:22:27
3033,5095,1806,18,329,5,Highly recommended,2025-01-04 04:39:39
3034,5096,1509,5,166,4,Perfect experience,2026-03-08 11:29:00
3035,5099,2938,19,34,4,Driver was polite,2024-12-06 15:08:54
3036,5100,990,1,29,3,Wrong order,2026-04-18 22:13:33
3037,5102,1960,19,90,5,Food was delicious,2024-08-22 16:41:03
3038,5104,1342,15,337,5,Highly recommended,2026-07-10 15:43:10
3039,5105,2521,18,323,5,Excellent service,2026-06-02 02:32:12
3040,5107,2443,20,218,2,Cold food,2026-03-21 09:45:54
3041,5108,396,1,152,4,Perfect experience,2026-05-08 06:06:54
3042,5110,2369,7,31,4,Perfect experience,2026-06-15 00:11:37
3043,5111,2161,9,387,5,Perfect experience,2026-05-05 23:27:39
3044,5115,2777,17,22,4,Very fast delivery,2025-09-28 18:03:05
3045,5117,2045,15,248,5,Excellent service,2026-02-23 22:08:08
3046,5119,1759,13,133,5,Driver was polite,2026-02-08 05:16:18
3047,5122,2579,11,183,4,Excellent service,2026-01-16 13:17:49
3048,5123,2334,3,46,4,Excellent service,2024-10-16 09:16:57
3049,5125,2941,8,329,4,Food was delicious,2025-07-13 23:26:48
3050,5126,2572,8,349,5,Amazing restaurant,2026-01-30 03:01:26
3051,5129,94,8,65,3,Cold food,2025-07-12 08:34:47
3052,5130,1509,18,166,3,Food quality could be better,2024-11-23 21:50:41
3053,5131,2863,2,223,4,Highly recommended,2025-02-18 02:32:59
3054,5133,1617,12,248,5,Highly recommended,2024-11-07 03:34:14
3055,5135,803,19,164,3,Cold food,2026-02-15 23:17:28
3056,5138,2789,20,97,1,Poor packaging,2024-10-07 03:48:36
3057,5140,1668,20,227,5,Highly recommended,2026-04-02 12:04:21
3058,5142,828,13,157,3,Not worth the price,2025-05-18 10:04:11
3059,5143,2955,6,81,5,Driver was polite,2025-11-29 08:39:08
3060,5144,2831,6,163,5,Very fast delivery,2024-10-28 18:22:32
3061,5145,1304,16,196,2,Not worth the price,2025-02-17 07:31:14
3062,5147,2113,20,303,5,Amazing restaurant,2024-12-19 05:55:50
3063,5149,330,3,400,4,Food was delicious,2026-04-08 21:25:24
3064,5150,1866,17,211,5,Amazing restaurant,2024-12-23 19:25:58
3065,5151,1264,17,214,4,Perfect experience,2024-08-23 17:20:22
3066,5152,639,10,25,4,Driver was polite,2025-01-29 12:55:19
3067,5154,456,11,286,5,Very fast delivery,2025-05-29 18:37:57
3068,5155,2370,17,1,4,Highly recommended,2026-01-25 07:53:07
3069,5157,1324,12,282,5,Fresh food,2025-01-05 15:35:04
3070,5159,2200,13,30,5,Highly recommended,2026-04-29 20:14:08
3071,5160,1474,13,47,5,Amazing restaurant,2025-12-25 22:40:00
3072,5161,2564,13,169,2,Cold food,2025-12-31 23:00:26
3073,5163,2068,2,53,5,Driver was polite,2024-07-25 04:16:55
3074,5164,2646,2,181,4,Food was delicious,2026-03-11 01:52:40
3075,5165,415,13,233,4,Fresh food,2026-01-04 04:16:51
3076,5166,1281,17,184,1,Late delivery,2026-02-04 17:48:17
3077,5167,1594,2,288,5,Perfect experience,2024-11-26 20:26:51
3078,5168,1317,18,101,2,Late delivery,2026-04-04 20:46:15
3079,5169,1787,1,261,3,Poor packaging,2026-04-20 19:32:38
3080,5170,1850,10,243,3,Cold food,2024-11-21 07:30:51
3081,5171,2630,8,358,5,Highly recommended,2026-06-01 16:56:34
3082,5172,2843,2,306,4,Food was delicious,2024-11-15 15:30:59
3083,5173,2579,19,320,5,Amazing restaurant,2024-08-06 15:37:44
3084,5174,1288,2,128,4,Perfect experience,2026-07-05 00:50:26
3085,5175,2220,19,203,4,Perfect experience,2025-01-07 13:33:12
3086,5176,1463,7,51,5,Perfect experience,2025-12-25 18:56:26
3087,5178,888,4,118,5,Food was delicious,2024-09-30 12:53:06
3088,5179,2961,1,179,4,Very fast delivery,2026-02-28 10:47:31
3089,5180,2635,19,79,5,Highly recommended,2026-05-20 20:23:13
3090,5184,411,12,109,2,Late delivery,2025-12-18 17:01:40
3091,5188,2464,7,36,4,Food was delicious,2025-01-20 04:02:33
3092,5190,998,16,220,4,Driver was polite,2024-07-17 01:01:51
3093,5191,1679,13,397,5,Perfect experience,2025-08-23 09:15:58
3094,5193,1690,6,231,5,Food was delicious,2025-05-23 12:49:11
3095,5196,1657,18,123,5,Excellent service,2026-06-14 16:57:10
3096,5197,1833,5,253,2,Not worth the price,2026-01-20 04:21:23
3097,5199,170,4,126,3,Driver was rude,2025-06-12 05:23:03
3098,5201,1087,7,323,5,Amazing restaurant,2026-03-12 19:22:16
3099,5202,2022,18,113,5,Very fast delivery,2025-06-07 03:49:21
3100,5203,1690,12,59,5,Amazing restaurant,2025-01-13 20:42:42
3101,5205,444,18,96,5,Highly recommended,2025-05-29 01:27:22
3102,5207,1829,13,2,5,Excellent service,2026-04-13 05:09:51
3103,5208,1551,17,233,5,Very fast delivery,2025-08-27 10:51:01
3104,5211,1094,11,36,4,Fresh food,2026-04-21 12:20:27
3105,5212,1754,8,65,5,Perfect experience,2024-11-19 21:55:13
3106,5216,2418,3,137,5,Fresh food,2024-09-02 14:04:26
3107,5218,1426,13,397,4,Food was delicious,2025-01-29 04:02:04
3108,5221,1657,5,210,4,Amazing restaurant,2025-08-17 01:59:10
3109,5222,2404,13,114,5,Perfect experience,2024-12-17 16:20:24
3110,5224,858,16,341,5,Fresh food,2026-04-04 07:48:42
3111,5226,1626,20,345,4,Food was delicious,2025-07-03 22:53:03
3112,5227,72,15,299,4,Highly recommended,2025-10-07 21:11:04
3113,5228,1929,14,122,4,Food was delicious,2025-09-05 18:17:23
3114,5230,1585,12,138,5,Perfect experience,2024-10-25 00:50:06
3115,5232,216,4,226,3,Wrong order,2025-05-15 02:16:20
3116,5234,810,11,83,4,Highly recommended,2024-10-10 04:22:16
3117,5235,1875,4,34,4,Very fast delivery,2026-04-06 22:35:02
3118,5238,928,2,228,5,Highly recommended,2025-03-16 00:26:58
3119,5239,1525,19,334,4,Very fast delivery,2024-09-12 03:22:58
3120,5241,618,13,207,3,Driver was rude,2024-12-08 23:45:42
3121,5242,772,17,116,5,Highly recommended,2025-07-10 21:45:24
3122,5243,903,2,224,4,Very fast delivery,2025-02-23 03:46:00
3123,5244,516,19,320,5,Amazing restaurant,2025-07-05 02:19:50
3124,5245,1384,10,362,2,Driver was rude,2025-10-31 01:02:44
3125,5249,1094,3,161,3,Cold food,2024-11-29 08:08:29
3126,5251,2741,4,246,2,Average experience,2025-01-25 21:25:06
3127,5253,1394,8,333,3,Average experience,2024-09-18 12:49:40
3128,5254,1475,7,83,4,Amazing restaurant,2026-07-06 04:46:24
3129,5255,2873,7,113,4,Very fast delivery,2024-11-18 05:11:33
3130,5256,592,2,242,5,Fresh food,2025-11-20 19:31:47
3131,5257,1240,19,31,5,Highly recommended,2025-06-29 14:50:10
3132,5258,2057,14,394,4,Food was delicious,2026-01-29 19:43:09
3133,5260,2752,20,303,5,Highly recommended,2024-12-29 14:35:02
3134,5262,2188,8,257,2,Poor packaging,2024-10-11 13:00:51
3135,5263,1284,1,203,4,Highly recommended,2025-09-01 23:27:50
3136,5264,1474,13,172,3,Late delivery,2024-12-16 00:03:18
3137,5266,350,7,4,5,Highly recommended,2025-05-31 08:01:16
3138,5267,2232,2,57,4,Very fast delivery,2026-06-09 04:58:07
3139,5269,2456,4,164,5,Very fast delivery,2026-02-21 05:47:43
3140,5271,1311,15,275,5,Amazing restaurant,2026-02-09 08:01:02
3141,5272,1372,5,349,2,Poor packaging,2026-02-24 18:45:38
3142,5273,2088,8,123,5,Fresh food,2025-11-02 06:25:25
3143,5274,2124,10,267,4,Amazing restaurant,2025-07-04 04:23:27
3144,5277,257,17,284,1,Late delivery,2025-08-19 01:10:37
3145,5278,922,2,98,4,Perfect experience,2026-06-03 04:32:21
3146,5283,2201,19,334,3,Food quality could be better,2026-06-20 13:47:57
3147,5286,2343,7,113,5,Amazing restaurant,2024-12-04 19:57:02
3148,5288,1573,10,136,4,Excellent service,2025-09-14 03:38:22
3149,5289,792,10,166,5,Excellent service,2024-08-28 12:55:15
3150,5291,492,20,213,5,Food was delicious,2026-06-18 20:44:44
3151,5292,1231,5,367,5,Amazing restaurant,2026-01-27 15:44:35
3152,5293,2068,2,53,5,Driver was polite,2025-02-09 08:17:23
3153,5294,2941,19,381,5,Excellent service,2025-01-23 10:13:49
3154,5297,2420,3,90,4,Highly recommended,2024-07-21 07:13:35
3155,5298,1734,17,185,4,Excellent service,2025-04-01 16:42:06
3156,5299,2620,12,18,5,Amazing restaurant,2025-06-27 20:22:27
3157,5300,1183,13,355,4,Very fast delivery,2025-07-07 03:28:23
3158,5301,1498,17,361,3,Wrong order,2024-10-24 11:08:09
3159,5302,878,19,285,4,Food was delicious,2025-08-12 13:29:18
3160,5305,499,2,57,5,Excellent service,2025-10-12 02:22:38
3161,5306,1580,16,318,4,Highly recommended,2025-12-08 21:52:24
3162,5307,528,18,323,3,Late delivery,2025-08-07 15:38:42
3163,5309,2092,18,203,4,Food was delicious,2025-06-07 20:47:07
3164,5310,1668,20,214,5,Fresh food,2025-02-02 14:18:29
3165,5312,1533,4,251,5,Food was delicious,2025-09-20 10:00:07
3166,5314,1474,17,227,2,Wrong order,2026-05-16 15:54:50
3167,5315,104,8,261,3,Average experience,2026-04-23 20:05:47
3168,5316,1712,7,136,4,Driver was polite,2026-02-18 11:28:16
3169,5317,720,14,394,4,Amazing restaurant,2025-06-30 14:16:30
3170,5319,2720,2,242,5,Highly recommended,2025-03-25 04:47:24
3171,5321,2063,17,269,3,Late delivery,2026-03-14 09:25:59
3172,5323,2084,4,362,4,Food was delicious,2026-02-27 09:28:05
3173,5325,901,3,335,4,Amazing restaurant,2025-10-26 06:10:18
3174,5326,933,7,262,3,Wrong order,2024-09-22 23:35:43
3175,5330,1367,18,28,4,Excellent service,2024-10-19 04:00:57
3176,5332,2291,12,85,5,Amazing restaurant,2025-03-08 01:54:15
3177,5333,2055,18,323,5,Highly recommended,2025-01-12 10:52:01
3178,5334,2103,13,310,2,Food quality could be better,2025-03-15 13:37:47
3179,5335,2915,12,366,5,Excellent service,2026-06-07 13:21:45
3180,5336,1046,13,214,3,Wrong order,2026-02-20 19:19:02
3181,5338,2965,7,336,3,Food quality could be better,2025-09-05 09:07:10
3182,5339,1881,6,43,5,Fresh food,2026-06-03 18:19:14
3183,5340,2676,8,166,5,Highly recommended,2025-06-26 14:20:23
3184,5341,2375,8,134,5,Amazing restaurant,2026-01-18 20:09:02
3185,5342,580,17,185,4,Very fast delivery,2026-07-14 09:21:02
3186,5343,2613,4,204,5,Perfect experience,2024-08-22 23:36:36
3187,5345,58,12,356,5,Highly recommended,2026-01-25 12:28:45
3188,5346,212,20,132,4,Excellent service,2024-09-14 01:46:27
3189,5347,2502,7,334,4,Amazing restaurant,2026-02-06 08:18:47
3190,5350,548,3,367,1,Wrong order,2024-08-02 11:44:58
3191,5351,1489,11,238,4,Food was delicious,2026-01-25 02:18:47
3192,5353,1188,20,236,5,Very fast delivery,2025-06-29 17:31:46
3193,5354,2819,8,201,5,Very fast delivery,2024-09-05 17:09:16
3194,5355,1509,5,83,3,Wrong order,2025-04-11 22:40:57
3195,5356,1233,11,360,4,Excellent service,2025-10-30 15:38:19
3196,5358,232,11,168,5,Fresh food,2025-08-25 21:47:29
3197,5359,605,12,85,4,Driver was polite,2024-08-11 10:07:16
3198,5360,1576,18,84,4,Food was delicious,2024-11-25 05:02:39
3199,5362,485,8,31,2,Late delivery,2026-01-25 13:27:01
3200,5363,2103,17,265,5,Fresh food,2026-02-09 02:01:07
3201,5364,2635,10,333,5,Fresh food,2025-02-26 00:16:01
3202,5365,1820,19,25,5,Very fast delivery,2025-09-29 11:12:43
3203,5366,2203,13,131,4,Perfect experience,2024-11-28 19:56:09
3204,5367,2421,13,174,5,Driver was polite,2025-01-01 20:51:58
3205,5369,80,12,3,5,Amazing restaurant,2024-09-17 23:51:55
3206,5370,2675,8,388,4,Fresh food,2025-06-08 09:10:35
3207,5373,1762,12,18,5,Perfect experience,2025-12-03 12:40:21
3208,5374,1128,7,209,1,Average experience,2024-11-30 16:41:42
3209,5376,1106,17,265,5,Perfect experience,2024-11-08 09:01:33
3210,5377,120,16,194,5,Driver was polite,2025-07-17 08:45:37
3211,5384,968,18,349,4,Very fast delivery,2024-09-04 16:01:22
3212,5385,2498,13,307,4,Highly recommended,2025-06-25 16:25:57
3213,5388,1729,15,312,5,Excellent service,2025-09-17 08:53:11
3214,5396,1386,5,360,2,Cold food,2026-03-28 03:17:58
3215,5397,974,20,86,4,Perfect experience,2024-08-24 07:05:37
3216,5398,1068,15,366,1,Wrong order,2025-06-30 04:47:10
3217,5399,2855,3,281,5,Amazing restaurant,2025-07-14 10:57:23
3218,5400,1456,1,267,5,Fresh food,2025-02-25 20:46:52
3219,5402,2313,17,169,5,Perfect experience,2025-11-05 01:00:22
3220,5403,148,9,32,5,Perfect experience,2026-05-21 06:46:49
3221,5404,1550,13,38,4,Excellent service,2024-10-26 09:14:39
3222,5405,2082,15,263,4,Amazing restaurant,2026-02-12 12:32:36
3223,5408,2974,6,275,5,Driver was polite,2026-01-12 16:19:31
3224,5410,1415,18,7,2,Driver was rude,2026-05-31 15:01:02
3225,5411,2105,9,387,4,Amazing restaurant,2025-01-30 03:14:02
3226,5412,2893,19,391,5,Fresh food,2024-10-11 21:34:05
3227,5413,561,7,290,4,Driver was polite,2025-02-06 10:47:16
3228,5417,2095,10,95,5,Driver was polite,2025-03-31 18:03:52
3229,5419,1446,9,378,5,Food was delicious,2026-03-24 08:31:21
3230,5420,872,2,255,4,Very fast delivery,2026-03-10 17:37:56
3231,5423,2194,12,366,5,Food was delicious,2025-03-03 05:06:21
3232,5424,493,11,166,4,Excellent service,2026-05-01 18:00:32
3233,5425,870,15,275,3,Wrong order,2025-08-12 09:01:36
3234,5427,1944,12,366,2,Food quality could be better,2025-08-07 07:55:38
3235,5428,1909,8,118,5,Perfect experience,2026-06-10 16:45:43
3236,5431,170,5,333,4,Highly recommended,2025-09-20 08:53:12
3237,5432,1815,18,391,5,Fresh food,2024-10-27 02:41:56
3238,5433,2724,19,261,3,Late delivery,2025-03-25 16:28:55
3239,5435,2727,13,114,3,Poor packaging,2026-01-11 09:45:31
3240,5437,1970,5,137,3,Cold food,2025-02-12 11:52:36
3241,5438,2423,3,161,5,Food was delicious,2026-01-03 15:03:21
3242,5439,2924,14,122,5,Food was delicious,2025-01-05 09:51:12
3243,5440,2397,1,16,1,Average experience,2025-11-22 06:07:47
3244,5441,2053,4,400,5,Highly recommended,2025-07-20 16:43:44
3245,5442,254,20,284,5,Excellent service,2025-08-29 00:39:11
3246,5443,661,12,330,1,Driver was rude,2025-03-24 13:49:49
3247,5447,1824,14,394,5,Driver was polite,2026-04-19 23:14:51
3248,5448,888,8,333,4,Food was delicious,2025-05-01 16:10:21
3249,5450,1607,6,87,1,Driver was rude,2025-06-16 03:58:27
3250,5452,1792,6,112,5,Fresh food,2025-01-03 17:35:50
3251,5455,33,12,328,4,Excellent service,2024-10-30 17:12:53
3252,5456,2318,9,378,5,Food was delicious,2024-10-20 11:51:41
3253,5457,2895,2,228,5,Perfect experience,2025-12-04 15:14:51
3254,5458,1942,6,375,5,Food was delicious,2025-06-02 21:38:39
3255,5459,126,1,99,5,Fresh food,2026-03-15 13:38:11
3256,5460,2526,14,122,5,Very fast delivery,2025-10-16 23:50:42
3257,5462,622,20,131,3,Late delivery,2025-01-19 21:40:49
3258,5463,2621,7,335,5,Food was delicious,2025-11-12 13:22:09
3259,5466,3,18,350,4,Food was delicious,2025-06-21 23:41:40
3260,5467,853,20,93,5,Driver was polite,2024-09-02 03:35:27
3261,5470,11,6,356,3,Average experience,2025-02-10 23:55:03
3262,5471,2781,10,286,5,Excellent service,2026-03-20 10:00:16
3263,5475,1283,13,206,4,Highly recommended,2026-05-07 09:38:57
3264,5476,1738,20,114,5,Fresh food,2026-05-11 04:24:53
3265,5477,1719,9,191,5,Driver was polite,2026-02-19 11:06:59
3266,5478,78,4,199,4,Food was delicious,2024-11-18 01:25:06
3267,5479,1862,18,4,4,Fresh food,2025-07-23 00:47:22
3268,5480,196,7,158,3,Food quality could be better,2025-06-12 22:16:47
3269,5481,1302,3,149,5,Fresh food,2025-12-05 01:14:54
3270,5482,1989,11,329,5,Highly recommended,2025-10-31 10:31:53
3271,5483,2167,20,256,5,Very fast delivery,2026-01-04 05:42:34
3272,5484,2013,15,202,5,Fresh food,2026-02-23 05:58:16
3273,5493,2076,19,145,3,Driver was rude,2025-09-05 14:21:21
3274,5494,2489,16,32,5,Amazing restaurant,2024-10-13 15:00:44
3275,5496,884,7,42,5,Amazing restaurant,2026-07-11 10:42:26
3276,5497,1981,10,271,2,Not worth the price,2025-04-22 02:30:09
3277,5499,1582,20,213,5,Perfect experience,2025-03-15 20:15:37
3278,5500,468,2,221,5,Driver was polite,2025-04-12 01:48:00
3279,5501,539,7,346,2,Wrong order,2025-12-31 11:24:35
3280,5502,239,3,29,3,Average experience,2025-08-30 18:05:02
3281,5503,1422,15,356,3,Driver was rude,2025-03-30 05:08:55
3282,5504,1125,20,93,4,Fresh food,2025-02-28 14:37:18
3283,5506,2804,15,176,4,Perfect experience,2026-03-21 05:44:11
3284,5507,1734,17,351,5,Very fast delivery,2025-12-22 03:35:45
3285,5509,2156,8,333,5,Fresh food,2024-09-07 00:29:07
3286,5512,1243,3,204,5,Excellent service,2026-02-17 18:03:56
3287,5515,2463,16,72,5,Highly recommended,2025-08-15 12:18:34
3288,5517,183,15,319,4,Amazing restaurant,2025-02-28 12:05:34
3289,5520,2241,11,261,1,Not worth the price,2025-11-01 22:42:54
3290,5522,678,3,129,4,Fresh food,2025-07-04 06:23:22
3291,5523,2251,1,320,2,Food quality could be better,2024-11-01 11:23:57
3292,5525,898,12,81,3,Food quality could be better,2025-08-21 17:46:59
3293,5528,1731,18,166,5,Driver was polite,2025-04-03 03:49:41
3294,5531,2803,20,131,5,Very fast delivery,2025-01-08 20:55:21
3295,5533,2421,13,214,2,Late delivery,2026-06-20 00:58:52
3296,5537,1365,4,96,5,Perfect experience,2024-08-28 20:55:53
3297,5538,1038,13,127,5,Driver was polite,2025-07-25 06:49:05
3298,5545,1686,8,145,4,Fresh food,2026-05-20 02:45:36
3299,5546,2911,2,181,5,Perfect experience,2026-04-16 19:14:55
3300,5547,247,8,230,4,Very fast delivery,2025-09-02 06:37:53
3301,5548,2787,13,327,5,Very fast delivery,2024-11-24 23:13:18
3302,5549,1943,1,219,5,Very fast delivery,2025-08-26 06:24:26
3303,5550,1501,1,340,5,Fresh food,2025-04-18 21:15:38
3304,5556,613,4,105,5,Highly recommended,2026-05-16 12:04:59
3305,5559,535,5,388,5,Amazing restaurant,2025-12-17 19:59:23
3306,5560,281,8,134,3,Wrong order,2025-12-03 21:54:27
3307,5561,1280,10,84,4,Driver was polite,2026-05-24 17:19:28
3308,5562,1710,13,259,3,Poor packaging,2025-02-15 18:03:04
3309,5563,2581,17,213,5,Amazing restaurant,2025-09-11 13:27:30
3310,5564,2675,18,210,5,Driver was polite,2025-01-07 06:49:30
3311,5572,261,6,3,4,Food was delicious,2025-06-19 14:47:35
3312,5573,276,1,183,5,Very fast delivery,2025-05-07 12:13:49
3313,5574,740,10,340,5,Driver was polite,2024-10-22 10:42:23
3314,5578,2515,1,320,5,Highly recommended,2025-10-12 06:34:57
3315,5579,1629,17,265,3,Poor packaging,2025-09-28 10:02:09
3316,5581,1103,12,54,5,Food was delicious,2026-07-11 00:45:06
3317,5582,625,5,338,3,Driver was rude,2026-06-18 13:08:02
3318,5584,2581,13,310,5,Amazing restaurant,2026-02-19 13:30:01
3319,5585,2687,2,195,2,Not worth the price,2024-09-16 02:10:06
3320,5589,1161,17,182,4,Driver was polite,2025-12-02 06:45:48
3321,5591,2737,18,84,4,Very fast delivery,2025-08-04 10:14:12
3322,5592,310,10,129,4,Fresh food,2025-08-01 22:07:06
3323,5593,1726,20,151,3,Driver was rude,2024-08-15 20:22:35
3324,5594,1576,18,34,5,Very fast delivery,2026-04-20 12:11:42
3325,5596,691,9,12,5,Excellent service,2026-03-07 16:29:05
3326,5597,1488,16,120,2,Average experience,2026-01-13 22:26:42
3327,5598,655,1,349,5,Perfect experience,2024-10-09 09:25:42
3328,5599,2068,2,224,5,Excellent service,2024-09-15 22:25:13
3329,5600,2699,15,138,5,Food was delicious,2025-08-23 06:39:06
3330,5602,746,5,347,3,Food quality could be better,2026-05-14 15:55:05
3331,5605,3,5,158,4,Highly recommended,2025-11-26 18:19:24
3332,5607,2476,16,234,4,Food was delicious,2025-03-30 02:24:05
3333,5608,805,15,159,4,Excellent service,2024-10-20 22:48:09
3334,5609,2157,12,40,3,Cold food,2025-09-02 18:33:24
3335,5610,2281,19,343,5,Very fast delivery,2026-05-10 13:37:34
3336,5613,1199,15,189,4,Highly recommended,2025-12-13 03:03:54
3337,5614,364,11,136,5,Fresh food,2025-07-12 00:04:36
3338,5616,745,13,50,5,Driver was polite,2025-12-08 15:06:22
3339,5617,547,3,103,3,Average experience,2024-09-08 16:37:29
3340,5620,345,13,11,5,Very fast delivery,2025-06-01 23:48:36
3341,5625,2614,7,257,5,Excellent service,2026-04-09 11:20:27
3342,5628,1679,17,15,5,Perfect experience,2026-06-25 07:09:53
3343,5629,1439,1,16,5,Excellent service,2025-11-04 19:44:34
3344,5630,1128,3,339,3,Average experience,2025-11-02 05:40:57
3345,5632,549,20,313,4,Food was delicious,2025-06-14 00:13:41
3346,5634,1691,11,136,4,Perfect experience,2024-11-05 08:45:45
3347,5635,1619,20,114,5,Perfect experience,2026-04-17 06:52:33
3348,5638,2926,11,123,5,Fresh food,2025-05-12 22:07:07
3349,5639,2286,8,37,4,Very fast delivery,2025-07-02 22:09:06
3350,5640,2611,13,390,1,Poor packaging,2025-10-08 08:24:41
3351,5641,1488,16,352,5,Highly recommended,2025-10-04 13:19:21
3352,5642,2676,4,84,1,Food quality could be better,2024-12-12 15:15:23
3353,5643,1748,13,269,5,Perfect experience,2024-09-13 21:21:37
3354,5644,764,13,77,5,Highly recommended,2025-06-01 07:27:16
3355,5645,935,10,400,3,Poor packaging,2025-06-06 07:03:37
3356,5646,2601,15,319,5,Excellent service,2024-12-18 04:07:19
3357,5647,2178,9,194,2,Poor packaging,2024-12-29 10:39:20
3358,5649,291,18,362,2,Not worth the price,2025-11-07 17:14:19
3359,5650,303,4,36,5,Amazing restaurant,2024-12-30 03:53:02
3360,5652,2232,2,181,5,Perfect experience,2025-10-26 17:27:52
3361,5653,785,7,137,4,Driver was polite,2025-04-16 13:10:57
3362,5656,530,7,286,3,Average experience,2024-10-28 13:07:51
3363,5657,261,15,263,5,Amazing restaurant,2024-12-01 06:23:20
3364,5660,40,12,180,5,Very fast delivery,2026-01-11 12:26:23
3365,5661,726,8,24,3,Cold food,2025-09-22 03:17:18
3366,5664,2107,20,169,5,Very fast delivery,2024-12-03 09:28:16
3367,5668,858,16,378,4,Driver was polite,2026-01-15 23:45:55
3368,5669,62,11,29,5,Highly recommended,2024-08-25 01:14:47
3369,5671,484,3,257,4,Excellent service,2026-01-10 17:38:50
3370,5672,1203,6,232,3,Cold food,2025-04-20 15:35:41
3371,5673,2762,3,226,5,Driver was polite,2026-07-13 17:05:10
3372,5677,1655,2,305,5,Excellent service,2025-07-24 16:30:31
3373,5678,1975,4,367,4,Driver was polite,2025-03-12 23:38:10
3374,5680,1830,10,152,4,Food was delicious,2025-02-07 23:38:08
3375,5681,652,16,357,5,Highly recommended,2025-09-06 19:22:09
3376,5682,193,8,338,2,Average experience,2025-01-21 01:26:44
3377,5683,1309,13,190,3,Cold food,2025-08-02 18:54:01
3378,5684,1290,10,28,5,Food was delicious,2025-04-18 06:21:03
3379,5685,1121,11,340,5,Very fast delivery,2026-02-22 05:32:46
3380,5686,2660,3,243,4,Highly recommended,2025-03-30 05:13:39
3381,5687,443,11,166,4,Excellent service,2025-12-08 08:26:55
3382,5688,2482,11,262,4,Very fast delivery,2025-03-13 03:20:28
3383,5692,277,8,314,5,Driver was polite,2025-11-21 07:43:20
3384,5693,1411,6,189,4,Fresh food,2025-01-06 22:18:18
3385,5694,2871,15,41,4,Driver was polite,2025-06-07 10:04:45
3386,5695,2938,7,99,3,Poor packaging,2026-06-10 04:37:34
3387,5697,652,16,196,5,Perfect experience,2025-01-09 02:05:05
3388,5699,2635,1,152,3,Driver was rude,2024-11-19 01:33:49
3389,5700,2331,15,81,5,Highly recommended,2025-11-05 22:15:09
3390,5701,2664,3,23,5,Perfect experience,2025-10-07 11:41:30
3391,5702,2675,8,103,1,Average experience,2025-05-01 06:04:11
3392,5703,1976,4,153,4,Driver was polite,2026-04-04 03:48:16
3393,5704,1289,18,311,4,Highly recommended,2025-11-03 07:59:14
3394,5707,42,12,202,5,Fresh food,2024-12-23 16:48:53
3395,5708,232,5,325,5,Driver was polite,2026-01-10 14:22:20
3396,5712,1021,6,59,4,Perfect experience,2025-03-23 22:30:22
3397,5714,632,17,214,3,Late delivery,2025-06-05 13:38:14
3398,5715,2107,20,236,2,Poor packaging,2024-09-10 04:28:18
3399,5718,1243,8,243,4,Amazing restaurant,2025-09-06 09:31:35
3400,5719,582,3,152,4,Fresh food,2026-04-24 17:18:35
3401,5720,2939,9,291,1,Cold food,2026-07-12 16:06:48
3402,5722,152,1,79,3,Wrong order,2025-09-05 09:19:44
3403,5723,150,5,16,4,Fresh food,2024-08-23 23:35:10
3404,5726,685,13,361,5,Fresh food,2025-11-21 10:25:11
3405,5729,1351,14,382,5,Highly recommended,2025-05-18 13:18:38
3406,5731,2131,9,12,2,Wrong order,2025-12-21 10:58:28
3407,5734,224,6,263,5,Driver was polite,2024-09-19 19:52:47
3408,5735,2279,4,130,3,Not worth the price,2025-09-06 20:36:50
3409,5736,1420,12,69,3,Late delivery,2025-10-08 13:32:05
3410,5739,457,18,246,4,Perfect experience,2026-03-05 13:07:13
3411,5740,912,17,127,4,Very fast delivery,2024-10-13 18:17:40
3412,5741,609,7,199,4,Excellent service,2024-09-01 22:05:23
3413,5742,590,19,374,3,Food quality could be better,2025-02-08 14:21:31
3414,5744,396,1,339,5,Excellent service,2024-09-06 23:50:43
3415,5745,401,15,41,3,Poor packaging,2024-10-17 08:55:52
3416,5746,2185,18,51,5,Driver was polite,2025-12-21 00:25:53
3417,5747,2429,13,313,5,Excellent service,2025-06-08 23:35:46
3418,5749,925,1,28,5,Fresh food,2025-08-20 18:20:01
3419,5750,2966,9,191,1,Driver was rude,2025-09-04 18:16:36
3420,5753,2433,20,172,5,Driver was polite,2026-06-21 04:39:22
3421,5755,2958,13,127,5,Driver was polite,2024-12-28 01:32:57
3422,5756,1360,12,248,4,Fresh food,2026-02-25 13:33:23
3423,5757,2939,9,72,1,Cold food,2026-01-12 23:22:26
3424,5759,1766,9,72,4,Perfect experience,2026-03-06 20:40:29
3425,5762,1480,14,122,1,Not worth the price,2025-07-04 04:43:53
3426,5763,2178,16,291,2,Driver was rude,2026-02-19 09:00:46
3427,5764,1925,13,151,5,Excellent service,2026-02-09 08:28:22
3428,5765,122,6,163,5,Food was delicious,2026-03-18 01:34:58
3429,5767,1740,13,11,5,Highly recommended,2026-02-26 01:46:20
3430,5768,101,5,130,4,Excellent service,2025-07-18 04:06:46
3431,5770,2968,8,200,5,Perfect experience,2025-08-05 00:06:40
3432,5772,1052,15,324,4,Very fast delivery,2025-01-12 16:25:09
3433,5773,57,2,61,5,Food was delicious,2026-07-09 18:04:22
3434,5774,646,16,392,4,Amazing restaurant,2024-12-10 05:23:35
3435,5775,34,2,364,4,Food was delicious,2024-12-07 07:58:00
3436,5777,2820,7,365,3,Driver was rude,2026-03-24 22:45:08
3437,5778,1981,5,340,4,Perfect experience,2024-10-20 19:25:25
3438,5781,1180,6,312,2,Not worth the price,2026-04-10 20:25:40
3439,5787,1627,15,263,4,Perfect experience,2025-11-19 13:24:18
3440,5789,785,18,285,4,Food was delicious,2026-03-29 18:12:43
3441,5790,62,10,164,3,Food quality could be better,2026-05-28 01:16:11
3442,5791,2119,11,360,5,Amazing restaurant,2026-01-25 22:23:51
3443,5792,2288,4,286,3,Late delivery,2024-07-24 22:27:03
3444,5793,112,12,165,5,Driver was polite,2026-03-07 02:37:19
3445,5795,967,16,352,5,Highly recommended,2025-07-20 09:55:26
3446,5796,1597,2,296,2,Wrong order,2026-06-05 01:10:20
3447,5799,1486,1,160,4,Perfect experience,2026-06-08 10:31:46
3448,5801,1460,15,275,5,Amazing restaurant,2024-10-31 15:08:09
3449,5802,2008,19,8,3,Cold food,2026-01-27 16:04:53
3450,5803,1867,20,211,5,Highly recommended,2024-12-16 11:02:53
3451,5804,162,9,72,4,Excellent service,2025-09-25 01:39:54
3452,5805,1336,4,21,5,Perfect experience,2026-05-12 11:40:42
3453,5806,2068,2,242,5,Amazing restaurant,2025-06-30 18:49:09
3454,5807,2273,19,21,5,Driver was polite,2026-06-20 01:02:35
3455,5812,2762,18,83,4,Driver was polite,2025-06-13 11:48:56
3456,5813,2188,7,164,4,Fresh food,2025-01-15 15:20:23
3457,5815,2601,6,202,3,Not worth the price,2024-09-02 10:04:26
3458,5816,2544,12,40,5,Excellent service,2025-11-30 04:44:13
3459,5818,2426,18,339,2,Late delivery,2025-10-16 13:37:30
3460,5820,2049,12,328,4,Fresh food,2024-08-05 19:19:27
3461,5822,2612,2,92,2,Food quality could be better,2025-08-28 05:50:25
3462,5823,116,19,336,1,Not worth the price,2026-07-02 01:30:10
3463,5829,2444,6,138,5,Very fast delivery,2025-02-25 15:02:22
3464,5830,1052,6,3,4,Driver was polite,2025-03-25 12:50:13
3465,5832,2850,2,66,5,Highly recommended,2026-06-13 13:49:14
3466,5834,610,17,169,4,Food was delicious,2026-06-05 06:48:16
3467,5835,239,8,329,5,Perfect experience,2025-11-17 17:47:53
3468,5836,410,10,24,5,Driver was polite,2026-06-09 08:04:26
3469,5837,353,3,334,5,Driver was polite,2024-11-27 20:07:38
3470,5838,1186,10,171,4,Highly recommended,2024-11-09 20:28:52
3471,5844,1838,9,72,5,Amazing restaurant,2024-08-14 12:23:21
3472,5848,1506,17,15,5,Fresh food,2024-11-20 11:09:34
3473,5850,153,18,374,5,Highly recommended,2024-10-07 22:25:18
3474,5851,662,14,382,3,Food quality could be better,2026-01-04 01:58:11
3475,5852,2146,20,235,5,Driver was polite,2024-07-19 08:11:26
3476,5855,1753,4,34,3,Wrong order,2026-01-19 10:21:10
3477,5856,2405,19,338,5,Driver was polite,2024-09-20 08:09:54
3478,5857,1596,2,221,4,Food was delicious,2025-03-17 14:59:59
3479,5858,2006,1,99,2,Wrong order,2026-05-02 21:41:31
3480,5859,2735,16,353,4,Food was delicious,2025-12-10 12:49:44
3481,5861,2429,20,185,4,Amazing restaurant,2025-05-09 16:13:56
3482,5862,2964,11,123,4,Fresh food,2026-03-14 05:26:13
3483,5863,2680,7,261,3,Food quality could be better,2024-07-21 07:16:12
3484,5865,500,12,163,5,Perfect experience,2026-05-15 17:15:35
3485,5866,240,16,196,4,Excellent service,2025-09-26 03:34:01
3486,5872,2874,12,159,5,Food was delicious,2025-09-02 23:22:17
3487,5876,1451,11,391,5,Fresh food,2025-08-02 11:56:59
3488,5877,694,1,200,5,Food was delicious,2024-12-12 10:33:34
3489,5878,2710,13,321,5,Perfect experience,2025-12-31 08:58:24
3490,5880,886,18,204,4,Food was delicious,2024-09-25 11:18:05
3491,5883,341,2,228,4,Excellent service,2025-04-09 01:10:01
3492,5884,572,17,245,5,Fresh food,2025-08-02 19:19:24
3493,5885,648,7,334,3,Average experience,2025-09-17 00:27:41
3494,5886,2231,9,220,3,Late delivery,2024-10-22 10:07:28
3495,5887,1309,17,287,4,Perfect experience,2026-02-09 11:54:59
3496,5888,877,12,328,3,Wrong order,2024-08-15 02:33:05
3497,5891,1909,18,261,4,Perfect experience,2026-05-27 23:45:38
3498,5892,1337,8,160,5,Fresh food,2025-09-22 16:02:11
3499,5895,812,18,149,5,Very fast delivery,2024-12-24 23:56:40
3500,5896,2819,8,130,4,Very fast delivery,2024-12-20 19:41:13
3501,5897,1439,8,129,5,Highly recommended,2026-02-08 11:36:39
3502,5898,1704,18,90,4,Fresh food,2025-08-22 20:23:35
3503,5899,2139,20,124,4,Amazing restaurant,2025-06-11 12:11:28
3504,5900,2903,17,310,3,Late delivery,2025-10-17 16:27:42
3505,5902,924,10,257,5,Perfect experience,2026-04-17 06:41:43
3506,5903,480,13,310,4,Very fast delivery,2026-01-30 11:27:35
3507,5904,2464,18,149,5,Fresh food,2024-07-17 21:43:39
3508,5905,186,20,132,4,Fresh food,2026-03-09 23:40:10
3509,5906,2830,17,313,5,Driver was polite,2026-03-01 12:52:29
3510,5907,1770,15,319,5,Highly recommended,2025-11-19 14:29:54
3511,5909,2988,19,336,2,Average experience,2025-02-26 23:21:14
3512,5910,2178,16,12,5,Amazing restaurant,2024-09-24 22:16:08
3513,5911,2618,18,160,5,Amazing restaurant,2025-12-08 01:23:30
3514,5912,2728,6,337,4,Perfect experience,2026-01-06 03:58:37
3515,5913,457,19,329,3,Wrong order,2025-11-19 16:06:46
3516,5914,2857,6,138,5,Driver was polite,2024-10-11 21:59:57
3517,5916,239,19,65,5,Highly recommended,2024-11-10 05:17:25
3518,5917,395,9,318,5,Fresh food,2024-09-03 14:56:40
3519,5918,558,3,164,4,Fresh food,2025-11-17 14:48:24
3520,5919,1818,12,328,5,Perfect experience,2024-09-29 21:56:44
3521,5920,1573,5,333,2,Cold food,2026-06-29 21:26:03
3522,5921,1784,4,339,4,Food was delicious,2026-02-16 09:37:33
3523,5922,1244,14,122,2,Driver was rude,2026-05-09 21:45:28
3524,5923,241,15,112,4,Perfect experience,2025-04-14 07:17:29
3525,5924,709,18,374,4,Amazing restaurant,2025-06-27 04:46:58
3526,5925,1485,7,152,4,Fresh food,2026-03-21 04:52:53
3527,5926,856,2,94,5,Excellent service,2025-04-24 03:37:11
3528,5928,783,9,12,5,Excellent service,2024-11-03 11:58:27
3529,5930,545,8,37,5,Very fast delivery,2026-07-03 08:18:24
3530,5933,2410,5,200,4,Food was delicious,2026-01-27 08:10:19
3531,5936,194,4,126,5,Very fast delivery,2025-02-13 16:33:57
3532,5937,1169,17,10,5,Highly recommended,2025-04-04 13:25:41
3533,5938,1463,19,200,4,Perfect experience,2025-06-28 03:23:04
3534,5939,2142,6,146,4,Highly recommended,2025-04-14 14:43:00
3535,5940,2369,11,183,5,Highly recommended,2025-05-22 17:01:42
3536,5943,795,4,365,5,Highly recommended,2026-02-18 18:52:47
3537,5946,1137,10,200,2,Cold food,2025-04-06 14:22:07
3538,5950,2094,1,243,2,Average experience,2025-10-01 12:08:31
3539,5951,102,13,372,4,Highly recommended,2025-10-02 13:52:04
3540,5953,609,10,246,4,Food was delicious,2024-10-09 16:27:08
3541,5954,2170,4,326,5,Food was delicious,2026-03-13 21:36:35
3542,5955,473,9,194,4,Highly recommended,2025-01-08 07:11:31
3543,5956,614,12,109,5,Driver was polite,2025-11-25 13:31:59
3544,5957,2595,2,294,5,Perfect experience,2026-05-10 20:15:22
3545,5958,1946,1,281,5,Excellent service,2026-02-26 01:26:35
3546,5959,2676,18,219,4,Driver was polite,2025-02-15 10:27:18
3547,5960,2000,4,96,4,Amazing restaurant,2025-11-24 15:42:52
3548,5961,2120,5,340,4,Amazing restaurant,2024-12-30 00:00:16
3549,5964,1509,10,160,5,Amazing restaurant,2026-06-05 03:04:10
3550,5966,1620,7,16,4,Driver was polite,2026-06-01 15:43:46
3551,5967,1703,17,269,5,Excellent service,2026-05-10 03:18:21
3552,5971,372,19,346,4,Fresh food,2025-01-26 04:26:04
3553,5973,1805,5,74,5,Highly recommended,2024-08-02 18:14:16
3554,5974,1900,20,141,5,Excellent service,2025-07-29 00:55:46
3555,5975,2884,7,381,5,Amazing restaurant,2024-07-30 14:47:09
3556,5977,402,1,136,3,Average experience,2024-08-01 05:06:59
3557,5978,2247,13,390,4,Amazing restaurant,2025-09-15 18:23:57
3558,5979,491,18,145,5,Fresh food,2025-08-27 03:09:02
3559,5980,820,1,130,5,Excellent service,2026-01-24 04:48:39
3560,5981,315,19,4,3,Food quality could be better,2025-10-09 11:29:53
3561,5982,2022,4,346,5,Very fast delivery,2026-01-05 15:31:57
3562,5983,827,8,365,2,Food quality could be better,2025-07-30 09:12:13
3563,5984,1374,2,181,1,Wrong order,2024-08-10 04:34:28
3564,5986,2668,17,235,4,Very fast delivery,2026-03-11 04:26:29
3565,5990,1826,8,334,4,Perfect experience,2024-08-29 16:16:28
3566,5999,161,12,163,5,Fresh food,2026-03-14 04:14:56
3567,6000,2783,4,95,4,Driver was polite,2025-11-15 09:34:11
3568,6001,2980,10,99,4,Excellent service,2024-07-24 19:20:08
3569,6002,2261,18,238,5,Fresh food,2024-12-16 11:15:36
3570,6003,2610,5,238,4,Amazing restaurant,2025-11-08 18:00:54
3571,6004,2912,4,166,4,Excellent service,2025-02-15 22:36:58
3572,6007,1288,2,228,4,Driver was polite,2025-03-23 08:49:29
3573,6008,1303,10,374,5,Highly recommended,2026-06-08 04:34:37
3574,6011,2966,16,341,5,Highly recommended,2026-01-28 21:00:28
3575,6014,2393,19,74,2,Poor packaging,2025-12-22 19:55:20
3576,6016,1313,5,323,2,Not worth the price,2025-07-21 19:38:52
3577,6017,537,8,314,4,Highly recommended,2024-12-07 15:44:09
3578,6019,2065,20,265,5,Amazing restaurant,2025-08-04 19:30:05
3579,6020,1305,10,267,3,Average experience,2025-10-02 14:32:10
3580,6022,137,7,46,2,Poor packaging,2025-01-24 23:52:49
3581,6023,1799,15,260,5,Very fast delivery,2024-07-15 21:19:22
3582,6024,202,8,199,5,Highly recommended,2025-01-06 06:29:03
3583,6025,855,13,121,5,Perfect experience,2025-05-01 22:10:15
3584,6026,1124,16,352,4,Driver was polite,2024-08-09 06:32:40
3585,6027,2593,20,284,5,Fresh food,2025-01-07 19:43:12
3586,6029,2565,18,367,3,Not worth the price,2026-07-14 11:28:51
3587,6030,239,7,251,4,Excellent service,2026-02-26 05:04:12
3588,6033,297,3,230,5,Food was delicious,2026-05-01 23:54:32
3589,6034,2175,6,295,5,Fresh food,2025-06-14 23:02:43
3590,6035,2293,17,133,5,Fresh food,2025-07-15 04:38:40
3591,6037,2230,2,175,4,Driver was polite,2025-02-11 05:14:20
3592,6039,44,12,69,5,Amazing restaurant,2024-07-15 17:16:50
3593,6043,2957,11,96,4,Food was delicious,2025-07-07 19:37:13
3594,6044,2840,20,119,4,Driver was polite,2026-04-27 22:13:21
3595,6047,2342,7,388,3,Not worth the price,2026-06-13 16:03:09
3596,6048,2097,18,164,5,Highly recommended,2024-10-07 06:27:12
3597,6050,997,9,72,4,Perfect experience,2024-12-28 04:28:00
3598,6052,1176,2,61,5,Highly recommended,2024-10-26 04:52:34
3599,6054,649,3,314,3,Cold food,2024-12-28 11:38:37
3600,6057,532,5,37,5,Very fast delivery,2024-08-06 19:15:26
3601,6058,108,5,230,3,Late delivery,2024-07-21 23:35:46
3602,6059,1975,7,74,4,Fresh food,2026-02-23 11:00:16
3603,6060,1258,3,126,2,Food quality could be better,2025-05-08 07:58:41
3604,6063,2924,14,394,5,Highly recommended,2026-02-01 10:35:30
3605,6064,2035,7,51,4,Driver was polite,2025-08-11 15:16:03
3606,6065,2783,10,103,3,Driver was rude,2026-01-02 03:47:47
3607,6068,1242,18,83,4,Amazing restaurant,2025-10-15 07:34:35
3608,6070,152,10,286,3,Average experience,2026-05-11 06:56:10
3609,6072,2934,15,180,5,Amazing restaurant,2025-06-30 06:51:59
3610,6073,2256,6,19,5,Perfect experience,2025-08-01 05:15:49
3611,6074,1400,13,235,5,Very fast delivery,2024-09-26 10:29:41
3612,6075,1242,7,252,4,Excellent service,2025-04-08 09:09:47
3613,6076,277,1,166,4,Excellent service,2024-08-17 10:45:15
3614,6078,2861,20,124,4,Highly recommended,2025-08-02 15:56:29
3615,6079,536,15,244,5,Very fast delivery,2024-12-10 08:52:30
3616,6080,451,20,169,4,Highly recommended,2025-06-28 10:40:26
3617,6081,2985,13,390,5,Perfect experience,2025-03-09 19:55:59
3618,6083,1690,12,299,5,Excellent service,2025-09-20 12:45:00
3619,6085,1639,17,2,3,Late delivery,2026-03-23 00:49:27
3620,6086,2581,13,245,5,Perfect experience,2026-01-19 07:09:24
3621,6088,2773,8,381,1,Poor packaging,2025-06-24 19:26:37
3622,6093,674,13,115,4,Perfect experience,2025-04-08 22:42:18
3623,6094,1810,3,333,5,Highly recommended,2025-12-30 16:06:05
3624,6095,2871,15,165,4,Fresh food,2025-11-26 01:50:30
3625,6097,1866,20,233,5,Fresh food,2025-08-20 05:26:30
3626,6098,1079,13,245,3,Cold food,2024-09-22 03:43:21
3627,6099,2869,20,236,3,Not worth the price,2026-03-19 13:19:36
3628,6100,787,16,302,5,Excellent service,2025-02-26 10:36:36
3629,6104,2401,13,97,3,Driver was rude,2026-05-15 05:06:47
3630,6106,1658,10,95,5,Food was delicious,2025-02-16 11:25:57
3631,6107,237,18,36,5,Excellent service,2024-12-10 16:18:19
3632,6110,1430,8,99,5,Fresh food,2025-10-13 15:55:12
3633,6111,1079,13,15,5,Perfect experience,2025-02-24 12:16:51
3634,6115,2736,10,8,5,Amazing restaurant,2025-10-16 01:19:56
3635,6122,816,2,53,5,Fresh food,2025-04-29 08:07:15
3636,6123,1030,12,48,1,Not worth the price,2026-03-10 08:48:03
3637,6125,1279,19,7,1,Poor packaging,2026-07-03 10:55:00
3638,6126,1963,17,207,5,Highly recommended,2025-01-16 16:52:25
3639,6127,981,17,172,5,Very fast delivery,2024-11-24 13:17:34
3640,6129,1353,3,31,4,Highly recommended,2026-06-15 14:28:36
3641,6130,947,17,233,4,Perfect experience,2026-06-28 06:10:22
3642,6131,1629,13,141,2,Late delivery,2026-04-16 15:03:00
3643,6132,519,7,90,5,Excellent service,2024-09-10 22:47:50
3644,6133,2614,18,171,4,Food was delicious,2026-03-26 00:03:33
3645,6134,791,16,392,5,Excellent service,2025-09-20 20:17:21
3646,6135,1410,13,397,5,Driver was polite,2025-03-08 21:36:27
3647,6136,1132,20,361,5,Highly recommended,2026-06-06 06:15:13
3648,6142,1877,15,328,5,Driver was polite,2024-10-04 21:21:09
3649,6144,1818,12,304,5,Driver was polite,2026-03-09 03:32:47
3650,6145,2274,20,174,4,Perfect experience,2025-09-06 07:05:55
3651,6146,1185,6,3,2,Food quality could be better,2026-03-24 10:49:50
3652,6147,1217,12,40,4,Highly recommended,2026-06-24 20:34:46
3653,6148,648,19,46,4,Food was delicious,2026-01-02 11:55:45
3654,6149,2839,5,253,5,Excellent service,2024-12-25 17:38:41
3655,6150,1304,9,194,3,Cold food,2025-08-14 14:45:21
3656,6152,80,12,87,5,Fresh food,2024-07-25 01:04:45
3657,6153,1355,11,369,4,Perfect experience,2026-04-08 03:01:24
3658,6154,804,12,337,4,Perfect experience,2025-02-17 14:53:27
3659,6159,1404,11,137,5,Fresh food,2026-06-01 10:14:30
3660,6161,2206,20,131,5,Excellent service,2025-03-12 07:34:18
3661,6162,259,11,358,5,Food was delicious,2025-09-08 12:24:44
3662,6165,898,6,283,5,Perfect experience,2025-01-23 08:55:38
3663,6166,2520,8,250,4,Food was delicious,2024-12-15 05:22:33
3664,6168,964,1,219,4,Highly recommended,2026-04-05 08:00:14
3665,6169,536,6,324,5,Driver was polite,2024-11-04 21:25:21
3666,6170,248,9,392,4,Very fast delivery,2025-02-11 12:02:58
3667,6171,1127,7,360,4,Excellent service,2025-08-21 06:26:44
3668,6173,204,9,341,4,Highly recommended,2025-05-18 17:13:03
3669,6174,34,2,228,4,Fresh food,2025-01-26 05:19:31
3670,6176,2956,19,204,4,Highly recommended,2025-12-04 21:02:35
3671,6178,2447,12,180,5,Perfect experience,2025-01-24 23:11:29
3672,6179,875,18,325,3,Late delivery,2024-12-11 08:32:37
3673,6181,950,17,50,2,Not worth the price,2025-07-03 12:28:22
3674,6184,243,5,134,5,Driver was polite,2025-03-17 10:17:04
3675,6186,2497,6,260,5,Perfect experience,2025-02-07 01:00:55
3676,6187,1552,2,110,5,Food was delicious,2025-12-08 09:53:17
3677,6188,445,7,335,4,Excellent service,2026-02-02 15:30:10
3678,6189,1050,13,287,2,Food quality could be better,2025-11-02 18:59:21
3679,6190,593,13,47,5,Perfect experience,2025-05-08 16:52:00
3680,6191,2288,8,326,5,Amazing restaurant,2025-11-10 07:16:33
3681,6192,981,13,390,5,Perfect experience,2024-11-04 23:27:26
3682,6196,2491,5,71,2,Food quality could be better,2026-05-27 16:07:35
3683,6197,2867,20,303,5,Fresh food,2024-08-27 04:45:13
3684,6198,1290,3,105,3,Driver was rude,2025-08-03 08:42:14
3685,6200,2943,12,304,3,Not worth the price,2024-08-30 14:52:36
3686,6202,1303,1,314,4,Driver was polite,2025-06-21 07:37:47
3687,6204,1967,5,326,1,Driver was rude,2026-03-08 23:29:03
3688,6205,2840,17,178,5,Driver was polite,2025-05-16 18:51:28
3689,6206,1669,10,367,5,Driver was polite,2026-05-10 05:33:19
3690,6207,1665,6,354,4,Excellent service,2026-03-17 23:27:22
3691,6209,646,16,291,5,Highly recommended,2025-08-05 14:13:14
3692,6212,1633,1,103,5,Very fast delivery,2026-02-14 09:43:33
3693,6214,809,12,142,2,Not worth the price,2026-01-11 18:26:22
3694,6215,700,1,274,4,Driver was polite,2025-10-14 05:19:43
3695,6216,1300,16,32,5,Fresh food,2025-06-26 10:15:40
3696,6217,2338,13,127,5,Driver was polite,2025-08-04 05:16:01
3697,6218,2616,7,311,5,Driver was polite,2025-02-18 18:01:12
3698,6219,2988,5,134,3,Food quality could be better,2025-09-20 04:16:30
3699,6221,16,11,200,5,Highly recommended,2026-06-05 09:53:10
3700,6222,2963,1,171,5,Very fast delivery,2024-11-12 14:17:55
3701,6223,2491,4,266,5,Very fast delivery,2026-04-28 03:41:45
3702,6224,2603,4,137,5,Very fast delivery,2026-01-07 12:52:46
3703,6225,1357,4,129,3,Cold food,2025-01-04 16:07:51
3704,6227,2386,12,43,5,Food was delicious,2026-06-08 22:43:49
3705,6228,1628,17,102,3,Not worth the price,2026-03-31 19:05:46
3706,6229,2830,13,185,4,Driver was polite,2024-10-13 02:45:34
3707,6231,2851,20,124,4,Food was delicious,2026-04-15 14:07:42
3708,6234,2934,6,330,4,Highly recommended,2025-04-15 23:00:35
3709,6235,1524,20,351,4,Amazing restaurant,2026-05-22 09:27:11
3710,6236,2132,2,98,3,Wrong order,2025-11-21 09:29:39
3711,6238,481,16,32,5,Perfect experience,2026-05-29 21:48:38
3712,6240,973,20,2,5,Driver was polite,2024-09-29 14:55:38
3713,6241,1687,5,129,5,Amazing restaurant,2026-01-28 07:28:46
3714,6242,1641,20,184,4,Amazing restaurant,2025-11-18 10:15:31
3715,6245,351,20,169,4,Food was delicious,2025-04-26 15:53:36
3716,6246,2323,2,94,5,Driver was polite,2025-10-26 03:48:25
3717,6248,2693,20,245,5,Very fast delivery,2025-02-04 19:41:44
3718,6250,2803,17,307,3,Not worth the price,2026-07-08 10:21:54
3719,6251,2820,7,152,3,Average experience,2025-02-02 17:39:53
3720,6252,2128,5,252,5,Driver was polite,2026-04-26 20:06:29
3721,6254,2428,18,137,4,Highly recommended,2026-02-11 06:53:44
3722,6255,2088,19,261,3,Average experience,2026-05-21 01:27:46
3723,6256,950,20,256,5,Driver was polite,2025-11-04 13:39:10
3724,6257,122,6,188,5,Highly recommended,2025-06-09 19:19:56
3725,6258,2784,19,130,5,Very fast delivery,2025-01-04 06:54:02
3726,6259,1672,6,159,2,Average experience,2025-11-29 21:14:43
3727,6260,1386,5,136,5,Highly recommended,2024-11-05 06:02:56
3728,6261,1516,11,381,4,Driver was polite,2026-03-17 21:19:14
3729,6265,2593,17,102,3,Wrong order,2025-10-13 05:13:27
3730,6267,1465,17,91,3,Late delivery,2024-09-29 02:14:43
3731,6268,1305,11,179,4,Perfect experience,2024-12-19 06:28:20
3732,6269,2982,15,85,4,Very fast delivery,2024-09-09 09:55:50
3733,6270,2520,7,391,4,Very fast delivery,2026-04-21 20:42:25
3734,6271,1537,14,394,1,Not worth the price,2024-07-25 09:45:29
3735,6274,1082,4,8,4,Food was delicious,2026-05-03 05:31:25
3736,6275,1408,10,24,5,Highly recommended,2025-05-19 17:15:24
3737,6276,974,20,35,4,Highly recommended,2024-12-03 06:31:19
3738,6278,931,17,141,5,Food was delicious,2025-09-08 10:07:19
3739,6279,1534,6,304,2,Cold food,2024-10-07 21:58:40
3740,6280,1162,3,126,3,Not worth the price,2024-08-13 14:49:39
3741,6281,528,4,103,5,Fresh food,2025-12-04 04:43:56
3742,6283,2277,20,115,5,Excellent service,2025-08-16 23:49:12
3743,6284,741,11,226,3,Cold food,2026-05-29 08:54:09
3744,6285,749,8,118,4,Very fast delivery,2025-06-06 16:54:19
3745,6286,1948,2,94,4,Highly recommended,2026-04-27 15:04:17
3746,6288,1157,1,388,5,Very fast delivery,2024-10-26 07:59:50
3747,6289,256,17,116,4,Fresh food,2025-03-25 05:01:32
3748,6291,1290,1,320,4,Fresh food,2025-09-20 06:10:45
3749,6293,2904,1,257,5,Perfect experience,2025-10-19 08:39:48
3750,6294,2241,19,333,4,Highly recommended,2026-06-29 21:26:57
3751,6295,1880,2,98,5,Excellent service,2025-05-02 05:17:06
3752,6296,91,15,189,5,Perfect experience,2026-06-03 04:08:38
3753,6297,1021,12,366,5,Very fast delivery,2025-03-09 22:53:37
3754,6298,697,18,34,5,Fresh food,2025-06-27 00:04:41
3755,6299,936,8,129,4,Amazing restaurant,2024-10-11 00:45:47
3756,6300,1639,17,303,3,Cold food,2024-08-22 07:26:35
3757,6301,704,19,347,3,Driver was rude,2026-06-28 03:36:25
3758,6303,483,2,242,3,Cold food,2025-07-17 22:50:17
3759,6304,1771,12,59,5,Amazing restaurant,2024-08-29 23:15:55
3760,6305,241,15,324,4,Excellent service,2024-10-08 08:20:46
3761,6308,114,13,184,3,Not worth the price,2024-08-19 17:41:24
3762,6309,2262,4,101,4,Amazing restaurant,2025-10-09 00:27:27
3763,6312,1254,12,260,4,Highly recommended,2026-02-13 17:06:23
3764,6315,1798,5,126,5,Amazing restaurant,2025-01-27 03:47:53
3765,6318,1193,11,274,4,Driver was polite,2026-01-07 19:19:09
3766,6319,127,11,74,5,Food was delicious,2024-08-09 16:59:22
3767,6320,1392,7,400,5,Excellent service,2025-11-15 14:40:12
3768,6321,374,3,153,4,Fresh food,2024-10-19 15:56:37
3769,6322,2555,6,263,4,Driver was polite,2024-12-11 14:56:46
3770,6323,1819,2,223,5,Driver was polite,2025-01-13 08:32:47
3771,6324,1710,13,213,5,Highly recommended,2025-03-07 04:09:09
3772,6325,1652,2,94,5,Excellent service,2025-06-27 10:32:18
3773,6328,2526,14,122,5,Highly recommended,2025-11-27 16:51:29
3774,6331,449,3,347,5,Very fast delivery,2025-12-17 23:17:09
3775,6333,1140,17,22,4,Excellent service,2025-08-31 05:06:35
3776,6334,2421,13,127,5,Amazing restaurant,2025-06-22 20:21:18
3777,6335,1437,17,276,5,Fresh food,2026-05-17 12:14:42
3778,6336,2264,6,69,3,Food quality could be better,2025-01-02 18:06:38
3779,6337,161,6,315,4,Perfect experience,2025-06-09 01:33:59
3780,6338,2173,16,72,4,Fresh food,2024-09-05 08:27:20
3781,6339,1045,1,329,5,Highly recommended,2026-04-29 03:59:46
3782,6340,884,3,289,5,Perfect experience,2024-09-30 14:19:31
3783,6341,1686,5,349,5,Perfect experience,2025-02-26 13:29:22
3784,6345,1515,12,330,5,Food was delicious,2026-05-30 19:36:06
3785,6347,1846,18,230,4,Fresh food,2026-05-18 14:34:13
3786,6348,8,12,43,5,Very fast delivery,2025-03-19 13:40:17
3787,6350,2674,7,39,4,Highly recommended,2025-06-12 05:14:03
3788,6351,1586,2,17,5,Excellent service,2025-08-04 08:40:23
3789,6352,838,13,310,3,Cold food,2024-12-02 08:29:21
3790,6354,503,5,99,5,Food was delicious,2024-09-10 16:20:36
3791,6355,19,2,399,4,Highly recommended,2026-05-24 20:24:19
3792,6357,2291,15,328,5,Food was delicious,2024-12-07 23:25:27
3793,6358,151,18,209,3,Late delivery,2025-06-29 19:58:44
3794,6359,2830,13,310,5,Very fast delivery,2025-03-25 06:06:36
3795,6362,2018,17,207,5,Driver was polite,2026-01-21 21:28:35
3796,6363,207,20,30,3,Poor packaging,2026-05-06 15:11:14
3797,6364,968,4,39,4,Amazing restaurant,2026-02-25 17:20:47
3798,6367,159,11,271,5,Driver was polite,2026-03-17 14:22:49
3799,6368,1655,2,92,1,Cold food,2025-10-14 23:01:06
3800,6369,2641,11,171,4,Highly recommended,2024-10-20 02:16:08
3801,6370,1328,5,261,1,Driver was rude,2024-11-02 14:14:31
3802,6371,1092,16,72,4,Highly recommended,2025-11-02 12:40:27
3803,6373,2655,15,48,5,Amazing restaurant,2026-01-28 22:55:20
3804,6374,934,3,84,3,Cold food,2026-04-27 16:24:32
3805,6375,75,2,53,5,Excellent service,2024-10-18 12:36:27
3806,6377,2590,20,157,4,Highly recommended,2025-03-22 13:33:42
3807,6384,2064,11,130,5,Food was delicious,2026-04-09 03:17:59
3808,6385,772,17,131,3,Wrong order,2025-01-05 09:26:32
3809,6386,2127,17,119,5,Amazing restaurant,2024-08-27 08:31:57
3810,6387,1079,17,178,4,Perfect experience,2024-08-05 08:17:33
3811,6388,418,7,158,5,Driver was polite,2024-09-20 22:44:16
3812,6389,1896,4,24,5,Perfect experience,2025-07-30 14:31:17
3813,6390,103,13,351,5,Very fast delivery,2026-06-05 12:59:44
3814,6392,2996,6,3,5,Fresh food,2026-04-11 19:19:41
3815,6394,2071,17,97,5,Very fast delivery,2025-07-02 17:34:52
3816,6395,1841,12,330,1,Wrong order,2024-10-12 04:51:25
3817,6396,1986,10,257,4,Amazing restaurant,2025-10-25 08:29:30
3818,6397,1076,12,19,4,Excellent service,2025-02-05 09:16:04
3819,6401,2250,4,333,3,Average experience,2025-07-20 22:50:30
3820,6403,101,5,149,3,Wrong order,2024-11-23 05:10:31
3821,6404,108,8,350,5,Highly recommended,2026-06-27 11:46:58
3822,6406,2480,1,349,4,Amazing restaurant,2025-03-21 23:17:03
3823,6409,1070,18,314,5,Excellent service,2024-07-23 06:06:39
3824,6411,1485,8,7,4,Amazing restaurant,2024-12-27 10:53:53
3825,6412,1288,2,61,5,Highly recommended,2024-12-13 03:27:11
3826,6415,51,5,257,5,Excellent service,2025-07-24 15:23:17
3827,6416,2889,18,65,5,Driver was polite,2026-03-19 11:47:13
3828,6417,2607,20,256,3,Average experience,2025-12-20 18:11:57
3829,6418,2985,20,372,4,Perfect experience,2024-11-06 18:15:43
3830,6419,348,19,349,5,Excellent service,2026-02-07 01:20:20
3831,6421,357,9,291,4,Very fast delivery,2024-09-07 02:17:22
3832,6422,1137,5,320,4,Driver was polite,2025-03-20 09:07:30
3833,6424,2003,8,29,4,Food was delicious,2026-05-09 03:01:55
3834,6425,2000,1,334,3,Wrong order,2025-05-09 20:35:03
3835,6426,756,13,2,3,Average experience,2025-06-06 00:19:56
3836,6432,827,1,171,4,Fresh food,2026-06-14 06:00:47
3837,6434,1366,15,109,5,Very fast delivery,2026-06-13 17:39:09
3838,6435,2911,2,255,5,Highly recommended,2024-09-26 19:21:14
3839,6436,1723,11,346,5,Very fast delivery,2024-10-07 13:13:35
3840,6438,2446,3,46,4,Driver was polite,2024-07-23 22:47:44
3841,6439,2479,8,400,5,Perfect experience,2026-06-02 08:22:04
3842,6441,2817,13,174,5,Driver was polite,2025-04-18 05:27:03
3843,6442,1093,19,201,5,Perfect experience,2024-08-18 18:03:50
3844,6443,2211,11,329,4,Food was delicious,2026-04-14 12:56:21
3845,6446,601,12,366,4,Food was delicious,2025-08-23 23:19:13
3846,6447,2596,8,320,1,Cold food,2024-09-08 13:15:12
3847,6450,1195,17,190,3,Wrong order,2025-08-31 09:34:25
3848,6451,67,8,347,5,Perfect experience,2024-09-01 16:19:38
3849,6452,2950,11,83,4,Fresh food,2025-09-16 09:24:30
3850,6453,1268,13,157,3,Late delivery,2026-04-04 10:18:13
3851,6455,1715,15,328,3,Food quality could be better,2024-12-22 17:25:48
3852,6456,1106,17,361,5,Highly recommended,2025-09-17 04:46:25
3853,6457,1400,20,115,5,Food was delicious,2025-11-17 11:07:19
3854,6458,79,5,95,5,Food was delicious,2025-10-11 14:34:30
3855,6459,1575,13,376,1,Not worth the price,2025-12-24 17:20:00
3856,6460,540,15,229,2,Cold food,2025-03-27 00:42:05
3857,6462,1029,18,367,3,Driver was rude,2025-08-01 05:29:27
3858,6463,505,2,94,5,Food was delicious,2025-06-23 23:26:06
3859,6464,1539,17,327,5,Highly recommended,2026-02-25 02:41:26
3860,6465,2066,7,335,4,Amazing restaurant,2024-12-10 10:31:44
3861,6466,2378,6,383,3,Driver was rude,2025-07-02 05:30:22
3862,6469,1137,19,136,3,Driver was rude,2025-01-21 03:09:38
3863,6470,1083,15,138,5,Perfect experience,2025-08-05 02:06:07
3864,6471,1326,20,162,3,Late delivery,2025-08-03 04:07:18
3865,6472,263,8,250,1,Wrong order,2025-04-01 16:56:13
3866,6473,2825,3,285,4,Amazing restaurant,2025-11-21 08:58:52
3867,6474,1240,4,31,5,Very fast delivery,2025-06-17 14:44:22
3868,6475,2775,12,180,3,Cold food,2025-07-03 23:36:56
3869,6476,2054,17,397,4,Highly recommended,2026-01-29 23:15:04
3870,6477,1063,6,159,5,Driver was polite,2025-09-11 07:37:18
3871,6478,985,14,382,5,Excellent service,2024-12-29 07:50:12
3872,6479,186,20,211,3,Wrong order,2026-02-10 22:01:46
3873,6480,2701,10,31,5,Amazing restaurant,2025-03-24 12:21:31
3874,6481,1007,18,99,4,Perfect experience,2025-04-20 03:22:09
3875,6482,1862,10,289,4,Fresh food,2026-03-03 22:01:39
3876,6483,398,1,118,5,Excellent service,2026-05-19 22:06:47
3877,6484,1338,4,286,5,Very fast delivery,2025-04-21 11:36:55
3878,6486,2945,6,19,5,Fresh food,2024-07-22 21:08:41
3879,6490,1859,19,200,4,Highly recommended,2025-03-07 22:03:31
3880,6491,1945,1,158,4,Food was delicious,2024-08-10 21:31:28
3881,6494,2565,1,346,5,Excellent service,2026-03-31 01:09:45
3882,6498,2783,10,135,4,Amazing restaurant,2026-04-13 14:46:24
3883,6501,2429,13,93,5,Food was delicious,2025-07-22 22:21:23
3884,6502,1986,1,130,4,Excellent service,2025-07-13 02:32:52
3885,6503,2241,7,246,5,Driver was polite,2025-11-14 07:04:47
3886,6505,1806,19,272,4,Amazing restaurant,2025-01-03 07:18:14
3887,6506,2714,12,112,4,Amazing restaurant,2025-08-04 08:34:07
3888,6508,619,6,354,4,Excellent service,2025-08-04 14:42:37
3889,6509,551,18,168,5,Driver was polite,2026-02-22 08:00:58
3890,6510,1559,7,29,5,Food was delicious,2024-10-16 06:42:23
3891,6511,2384,13,265,4,Highly recommended,2026-05-10 03:16:11
3892,6514,178,2,94,5,Amazing restaurant,2025-01-16 01:43:36
3893,6515,1661,4,391,5,Fresh food,2026-01-02 06:53:38
3894,6519,1681,13,133,4,Driver was polite,2026-02-12 08:41:27
3895,6520,2362,17,141,2,Food quality could be better,2025-11-14 22:06:28
3896,6524,955,16,392,5,Excellent service,2026-03-07 06:19:26
3897,6525,943,4,130,5,Highly recommended,2025-10-25 21:14:16
3898,6526,2612,2,17,5,Highly recommended,2025-12-27 20:52:11
3899,6531,1417,3,199,3,Driver was rude,2025-07-28 10:24:02
3900,6534,1800,17,218,3,Average experience,2025-03-30 08:50:27
3901,6535,2212,7,25,4,Excellent service,2025-10-21 12:57:31
3902,6536,1586,2,294,3,Wrong order,2024-12-12 08:45:45
3903,6537,1404,3,149,5,Fresh food,2026-03-15 03:08:54
3904,6540,2212,5,158,5,Very fast delivery,2025-07-19 19:04:13
3905,6544,2313,13,133,3,Poor packaging,2026-01-03 08:09:59
3906,6545,1426,20,11,5,Excellent service,2026-02-19 06:25:49
3907,6547,2034,20,185,5,Fresh food,2026-04-21 00:51:32
3908,6548,1159,2,110,5,Amazing restaurant,2025-10-03 16:07:37
3909,6549,2880,10,118,2,Average experience,2025-08-10 02:43:48
3910,6552,2141,20,50,3,Not worth the price,2025-01-10 02:53:10
3911,6553,183,15,189,5,Amazing restaurant,2024-10-14 06:18:20
3912,6554,917,13,345,5,Fresh food,2025-07-18 22:45:27
3913,6555,1208,6,69,5,Fresh food,2025-02-25 06:16:52
3914,6556,1943,7,8,5,Perfect experience,2025-11-04 07:35:29
3915,6557,205,17,287,5,Fresh food,2026-05-08 14:02:18
3916,6558,2925,1,226,4,Highly recommended,2026-04-08 09:14:45
3917,6559,2172,3,129,4,Highly recommended,2025-05-18 11:26:23
3918,6561,63,13,397,5,Fresh food,2024-07-26 15:47:38
3919,6562,671,14,122,5,Fresh food,2025-05-04 17:15:46
3920,6567,1151,6,180,5,Fresh food,2026-06-19 04:24:10
3921,6569,1134,9,12,5,Very fast delivery,2024-10-16 07:24:51
3922,6570,1035,13,397,4,Fresh food,2025-04-25 00:05:16
3923,6571,2378,12,330,4,Fresh food,2024-07-30 23:55:35
3924,6572,2497,12,299,4,Very fast delivery,2024-12-17 07:42:57
3925,6575,2156,1,113,3,Poor packaging,2026-04-28 07:35:44
3926,6576,558,8,325,5,Perfect experience,2024-08-10 18:12:44
3927,6577,1054,17,49,5,Fresh food,2026-03-29 06:20:17
3928,6578,2332,10,25,5,Driver was polite,2026-03-19 01:23:12
3929,6579,2515,7,290,5,Fresh food,2024-10-29 08:42:44
3930,6580,2093,20,309,3,Wrong order,2025-10-15 15:23:03
3931,6581,2567,17,77,4,Excellent service,2024-09-30 02:54:27
3932,6582,564,10,246,3,Late delivery,2025-10-24 01:12:13
3933,6583,1445,5,274,4,Driver was polite,2024-07-21 17:33:50
3934,6584,1628,17,1,4,Very fast delivery,2025-04-25 19:08:45
3935,6585,2861,13,106,5,Highly recommended,2026-07-15 09:24:03
3936,6587,2659,13,169,5,Fresh food,2026-06-15 10:51:38
3937,6588,1255,7,99,2,Food quality could be better,2024-09-14 10:35:22
3938,6589,1184,2,255,3,Late delivery,2024-11-11 06:16:44
3939,6590,632,20,47,2,Wrong order,2025-11-18 22:37:10
3940,6594,916,2,223,4,Excellent service,2025-06-01 05:05:09
3941,6596,161,6,138,2,Cold food,2025-08-14 22:33:58
3942,6597,1729,12,359,3,Not worth the price,2026-03-17 13:47:45
3943,6599,2491,3,285,5,Very fast delivery,2024-12-13 12:47:02
3944,6601,505,2,221,5,Perfect experience,2026-02-27 12:16:19
3945,6602,291,4,80,5,Fresh food,2026-02-15 00:55:13
3946,6605,2203,13,86,5,Perfect experience,2026-04-01 02:58:13
3947,6607,1323,7,113,2,Poor packaging,2025-02-04 16:44:45
3948,6609,487,12,112,3,Cold food,2025-03-19 12:07:50
3949,6610,2068,2,228,5,Highly recommended,2024-07-27 03:10:52
3950,6612,123,19,266,2,Wrong order,2025-07-10 02:38:35
3951,6613,1608,2,255,5,Perfect experience,2025-11-29 12:52:39
3952,6614,53,20,77,4,Food was delicious,2026-04-10 22:06:11
3953,6615,454,12,368,5,Driver was polite,2025-07-06 17:20:26
3954,6616,95,2,224,3,Food quality could be better,2025-07-09 00:05:37
3955,6617,2536,7,250,4,Perfect experience,2026-02-08 18:15:31
3956,6618,483,2,224,5,Highly recommended,2025-06-21 19:22:20
3957,6619,2618,3,267,4,Driver was polite,2024-11-07 02:20:08
3958,6620,103,17,345,5,Perfect experience,2025-03-16 10:13:08
3959,6622,1152,15,202,5,Driver was polite,2024-10-01 03:41:19
3960,6624,1760,17,303,2,Wrong order,2025-07-15 10:10:14
3961,6625,1513,17,169,5,Amazing restaurant,2025-04-02 15:45:53
3962,6628,394,7,262,5,Perfect experience,2024-08-14 17:30:21
3963,6629,568,16,107,3,Not worth the price,2025-11-11 23:54:19
3964,6630,2065,20,310,4,Perfect experience,2024-07-31 12:17:37
3965,6632,1633,19,126,5,Driver was polite,2026-03-19 08:11:17
3966,6635,2563,10,362,5,Amazing restaurant,2026-01-01 08:35:21
3967,6637,2000,11,267,2,Driver was rude,2024-10-03 18:40:40
3968,6638,1772,5,336,4,Driver was polite,2024-08-29 19:37:49
3969,6640,2836,3,274,3,Not worth the price,2025-01-22 05:43:18
3970,6641,1511,12,229,5,Perfect experience,2026-06-27 03:41:31
3971,6642,1339,17,355,4,Amazing restaurant,2025-03-13 20:20:58
3972,6647,1112,20,133,4,Excellent service,2026-03-26 01:48:21
3973,6648,888,4,358,5,Food was delicious,2024-09-30 15:06:28
3974,6650,2290,12,165,5,Very fast delivery,2025-07-16 22:46:07
3975,6651,499,2,17,3,Cold food,2024-11-15 18:49:14
3976,6652,2288,3,230,3,Driver was rude,2026-01-06 00:59:02
3977,6653,869,6,202,5,Very fast delivery,2025-04-19 08:33:38
3978,6656,2859,20,178,5,Amazing restaurant,2024-08-15 22:41:24
3979,6660,2033,11,158,3,Food quality could be better,2025-04-05 23:55:46
3980,6661,1430,8,171,5,Very fast delivery,2025-09-07 13:36:31
3981,6662,2879,8,126,5,Perfect experience,2025-09-10 00:13:04
3982,6663,2347,16,12,5,Perfect experience,2025-05-08 22:00:12
3983,6664,1399,15,283,5,Excellent service,2024-08-15 04:46:45
3984,6665,2583,3,99,5,Very fast delivery,2025-09-05 22:13:47
3985,6666,1982,9,120,2,Driver was rude,2024-12-01 18:48:31
3986,6667,1326,20,310,5,Amazing restaurant,2025-07-28 19:19:48
3987,6668,1434,4,164,4,Amazing restaurant,2024-11-10 03:06:35
3988,6669,187,10,388,5,Amazing restaurant,2026-03-28 15:57:52
3989,6671,1498,13,35,5,Very fast delivery,2026-04-09 21:41:35
3990,6672,852,20,151,5,Food was delicious,2025-02-08 22:34:16
3991,6676,2701,11,31,3,Not worth the price,2026-05-17 06:26:20
3992,6677,2135,3,204,5,Amazing restaurant,2026-07-10 04:08:26
3993,6679,1036,14,122,5,Amazing restaurant,2025-08-29 06:41:00
3994,6680,936,1,37,2,Not worth the price,2025-11-16 12:03:58
3995,6681,2916,12,81,5,Excellent service,2024-10-06 17:30:50
3996,6686,1765,20,236,5,Fresh food,2025-09-28 05:08:24
3997,6689,825,8,314,3,Driver was rude,2024-08-27 20:13:22
3998,6690,950,17,397,2,Late delivery,2025-01-29 01:39:51
3999,6691,2799,6,275,5,Perfect experience,2025-12-17 01:29:36
4000,6692,26,8,101,5,Driver was polite,2026-06-14 07:40:04
4001,6693,948,18,29,3,Late delivery,2024-12-10 15:28:09
4002,6695,192,18,129,3,Driver was rude,2025-04-22 07:20:40
4003,6696,1302,1,83,4,Very fast delivery,2025-05-31 17:46:52
4004,6697,355,2,399,4,Amazing restaurant,2024-09-30 17:15:57
4005,6700,1118,11,31,4,Fresh food,2025-09-09 01:41:46
4006,6709,1585,12,324,4,Food was delicious,2025-03-20 21:38:11
4007,6710,1780,15,18,4,Amazing restaurant,2025-02-17 06:12:25
4008,6711,2569,4,8,5,Driver was polite,2026-02-20 23:02:46
4009,6712,145,4,360,5,Highly recommended,2025-07-15 12:24:28
4010,6714,551,8,134,1,Driver was rude,2025-11-16 19:15:47
4011,6715,1716,4,209,5,Food was delicious,2026-06-26 15:11:59
4012,6720,1050,20,121,5,Perfect experience,2024-11-05 17:39:54
4013,6721,2633,20,239,5,Amazing restaurant,2025-07-21 12:08:15
4014,6723,346,17,321,5,Highly recommended,2025-04-27 03:29:07
4015,6724,2278,3,290,4,Excellent service,2026-06-21 11:03:46
4016,6725,552,8,95,5,Excellent service,2025-08-23 07:56:48
4017,6726,1710,17,116,4,Excellent service,2026-03-29 12:51:15
4018,6727,1710,20,218,5,Very fast delivery,2024-12-15 06:05:36
4019,6730,912,17,265,5,Excellent service,2024-11-16 04:52:00
4020,6732,2653,15,248,5,Fresh food,2025-08-19 18:45:07
4021,6734,2211,18,147,2,Not worth the price,2024-12-08 08:21:22
4022,6740,1513,17,276,5,Driver was polite,2026-06-02 15:49:11
4023,6742,274,1,166,4,Fresh food,2025-02-21 23:19:30
4024,6745,1265,1,365,5,Very fast delivery,2025-03-13 08:09:18
4025,6747,774,11,349,5,Food was delicious,2024-09-18 05:34:11
4026,6749,2299,4,338,4,Excellent service,2025-01-02 12:16:34
4027,6750,1366,12,322,3,Food quality could be better,2024-11-29 16:38:36
4028,6755,8,15,312,2,Not worth the price,2024-09-05 04:15:32
4029,6757,2322,10,179,4,Driver was polite,2026-06-20 06:06:01
4030,6758,2780,11,325,5,Excellent service,2024-12-06 18:30:41
4031,6759,2163,19,34,2,Average experience,2025-03-31 06:00:46
4032,6760,683,14,382,5,Driver was polite,2024-10-31 14:48:52
4033,6761,2376,3,365,3,Wrong order,2024-08-02 09:01:57
4034,6762,1323,7,23,5,Food was delicious,2024-10-11 21:42:45
4035,6763,1546,15,295,4,Very fast delivery,2025-07-16 23:27:21
4036,6764,1385,4,135,5,Highly recommended,2024-08-10 20:00:41
4037,6765,2274,17,265,5,Fresh food,2025-04-26 00:56:02
4038,6767,2011,2,255,4,Excellent service,2026-07-04 11:51:10
4039,6768,1966,15,180,4,Fresh food,2024-10-17 14:44:19
4040,6770,2618,8,325,3,Average experience,2026-03-06 18:20:02
4041,6771,1677,15,180,4,Food was delicious,2024-12-21 08:33:51
4042,6772,418,4,261,4,Perfect experience,2024-10-16 15:05:17
4043,6774,2822,19,152,4,Very fast delivery,2025-04-16 19:10:50
4044,6775,680,13,236,5,Very fast delivery,2025-10-30 18:23:08
4045,6776,1671,8,250,4,Highly recommended,2026-04-25 05:02:36
4046,6777,359,15,59,4,Driver was polite,2026-03-21 15:50:46
4047,6778,1647,7,346,5,Excellent service,2024-09-30 11:55:29
4048,6779,370,10,219,4,Perfect experience,2025-11-27 19:53:07
4049,6780,2610,7,252,5,Amazing restaurant,2025-10-01 06:30:17
4050,6782,2261,10,274,5,Highly recommended,2025-10-22 16:40:20
4051,6785,2447,15,368,5,Amazing restaurant,2025-10-27 14:29:35
4052,6786,584,18,31,4,Excellent service,2025-09-12 22:39:52
4053,6787,2833,5,226,5,Fresh food,2024-11-09 01:06:19
4054,6789,416,11,358,4,Fresh food,2025-10-09 09:35:49
4055,6790,954,5,323,5,Amazing restaurant,2026-07-05 07:08:26
4056,6791,1296,12,138,4,Perfect experience,2026-05-19 10:05:47
4057,6792,2338,20,86,5,Excellent service,2026-05-02 13:40:13
4058,6793,2342,10,285,4,Highly recommended,2025-04-24 21:55:45
4059,6795,938,6,244,5,Perfect experience,2025-12-17 14:46:47
4060,6798,1989,18,164,3,Late delivery,2025-08-30 06:58:32
4061,6800,2264,6,40,4,Excellent service,2024-08-16 18:40:34
4062,6801,2313,13,351,5,Very fast delivery,2024-12-18 18:40:59
4063,6802,1846,1,84,2,Food quality could be better,2025-01-28 11:02:14
4064,6803,1778,13,132,5,Fresh food,2026-06-04 18:03:09
4065,6804,992,5,135,4,Food was delicious,2026-04-05 08:19:50
4066,6805,1331,6,159,5,Amazing restaurant,2024-09-11 20:13:18
4067,6806,1562,20,151,4,Driver was polite,2025-12-22 18:20:23
4068,6807,1085,9,302,5,Driver was polite,2025-06-21 02:11:05
4069,6808,1607,15,87,4,Excellent service,2025-10-21 12:31:36
4070,6811,1333,13,1,4,Food was delicious,2025-08-22 02:03:27
4071,6813,1553,8,336,3,Not worth the price,2025-08-23 20:07:55
4072,6814,2975,9,378,1,Wrong order,2024-09-06 00:36:02
4073,6815,471,20,236,3,Food quality could be better,2024-12-08 01:07:52
4074,6817,2171,13,376,5,Very fast delivery,2025-08-30 14:12:16
4075,6818,456,4,80,5,Highly recommended,2026-03-24 06:00:30
4076,6819,75,2,294,3,Cold food,2026-02-01 05:09:22
4077,6820,2702,5,314,5,Very fast delivery,2025-05-25 18:17:18
4078,6821,1054,20,372,4,Amazing restaurant,2026-06-19 21:26:54
4079,6822,2275,11,161,5,Perfect experience,2026-06-23 04:19:08
4080,6823,1157,8,147,1,Late delivery,2026-01-24 10:34:55
4081,6824,2483,3,130,3,Poor packaging,2025-03-18 01:58:54
4082,6825,2258,20,313,3,Cold food,2025-10-16 15:45:48
4083,6828,2057,14,394,3,Cold food,2026-04-23 10:23:58
4084,6829,2015,3,365,3,Average experience,2024-10-18 19:02:04
4085,6831,1841,6,359,4,Excellent service,2026-06-22 20:39:44
4086,6832,2202,7,253,3,Cold food,2026-05-29 20:24:02
4087,6835,2116,1,334,3,Poor packaging,2025-12-11 05:04:03
4088,6836,2781,5,101,5,Highly recommended,2026-05-15 19:41:05
4089,6837,987,19,358,5,Food was delicious,2025-07-17 15:41:06
4090,6839,2451,4,286,4,Driver was polite,2025-11-18 16:55:44
4091,6841,440,14,122,4,Fresh food,2025-07-08 18:17:18
4092,6842,2059,16,191,3,Driver was rude,2025-04-08 05:59:15
4093,6843,2662,17,50,3,Driver was rude,2025-02-20 02:41:34
4094,6844,452,5,281,3,Food quality could be better,2025-03-13 10:27:43
4095,6845,1627,6,375,5,Amazing restaurant,2026-01-22 23:13:02
4096,6846,1680,18,123,5,Highly recommended,2025-04-08 06:12:13
4097,6847,1162,4,339,4,Perfect experience,2025-08-11 09:47:40
4098,6848,2986,19,28,5,Excellent service,2024-09-13 22:11:21
4099,6851,1190,14,122,3,Poor packaging,2026-03-23 08:34:31
4100,6853,2209,3,34,4,Food was delicious,2025-08-20 12:25:19
4101,6855,1309,13,114,5,Excellent service,2025-10-20 21:14:24
4102,6856,2092,5,183,3,Not worth the price,2024-10-04 03:28:22
4103,6857,1931,3,135,5,Fresh food,2025-08-08 02:29:02
4104,6861,2314,8,261,1,Late delivery,2024-10-04 01:21:28
4105,6863,1625,8,369,5,Driver was polite,2025-03-06 08:17:20
4106,6864,193,1,79,4,Perfect experience,2026-05-07 00:41:53
4107,6865,1079,20,211,2,Cold food,2025-07-15 19:26:34
4108,6866,45,1,365,5,Excellent service,2025-04-20 20:20:14
4109,6867,2633,17,303,5,Very fast delivery,2024-10-21 01:37:26
4110,6869,171,17,131,5,Amazing restaurant,2025-07-29 15:07:57
4111,6870,1706,19,21,5,Perfect experience,2025-12-14 08:23:11
4112,6873,1582,20,256,4,Very fast delivery,2025-12-12 10:24:26
4113,6874,946,16,120,2,Driver was rude,2026-04-06 09:31:21
4114,6877,2959,13,287,4,Food was delicious,2025-06-10 16:23:09
4115,6878,1152,12,142,4,Food was delicious,2024-08-24 03:43:12
4116,6880,606,7,134,3,Poor packaging,2025-10-27 18:05:30
4117,6884,2807,11,135,3,Wrong order,2025-11-13 15:23:16
4118,6885,2838,19,74,2,Not worth the price,2026-01-07 09:53:48
4119,6886,231,13,287,5,Perfect experience,2026-01-29 02:59:09
4120,6887,1774,8,272,5,Very fast delivery,2025-05-25 17:50:50
4121,6890,1058,3,386,3,Wrong order,2024-12-02 12:19:56
4122,6891,240,9,72,2,Cold food,2025-05-27 11:13:19
4123,6893,2193,17,49,4,Amazing restaurant,2024-07-24 01:31:51
4124,6894,1889,12,87,5,Excellent service,2024-07-22 06:12:43
4125,6895,2571,20,157,5,Driver was polite,2026-03-28 10:31:22
4126,6897,2647,17,313,4,Fresh food,2025-11-26 14:43:17
4127,6899,1803,8,71,5,Very fast delivery,2024-08-05 12:02:05
4128,6900,2755,13,235,2,Average experience,2026-03-30 02:43:37
4129,6902,1641,20,345,4,Driver was polite,2026-07-10 22:52:45
4130,6903,2830,17,269,3,Food quality could be better,2025-11-12 00:15:42
4131,6904,455,1,168,2,Wrong order,2025-04-20 20:58:32
4132,6905,193,19,130,4,Food was delicious,2025-01-09 10:33:12
4133,6906,2777,13,235,5,Food was delicious,2026-04-21 07:02:52
4134,6910,1531,4,118,1,Poor packaging,2024-09-12 09:58:41
4135,6911,2480,18,347,5,Food was delicious,2024-09-21 14:42:43
4136,6913,1619,17,239,3,Poor packaging,2024-09-13 06:41:05
4137,6916,65,4,261,5,Driver was polite,2025-03-25 12:20:04
4138,6919,14,1,39,5,Perfect experience,2026-06-08 21:05:08
4139,6920,1435,12,54,4,Driver was polite,2026-02-27 20:25:04
4140,6922,767,15,248,5,Perfect experience,2024-09-26 13:09:37
4141,6923,2277,13,218,4,Amazing restaurant,2025-06-18 06:37:50
4142,6924,1035,20,259,5,Perfect experience,2025-11-26 17:40:38
4143,6925,257,13,321,4,Highly recommended,2025-02-01 06:44:20
4144,6930,2385,17,121,3,Cold food,2024-11-04 20:03:05
4145,6932,1304,16,191,4,Highly recommended,2026-05-13 02:20:56
4146,6934,1677,15,138,4,Food was delicious,2025-10-19 03:52:04
4147,6937,1132,20,259,5,Excellent service,2024-08-18 14:38:14
4148,6939,1762,6,54,4,Perfect experience,2025-02-21 18:46:06
4149,6940,573,2,110,5,Fresh food,2025-02-02 15:45:59
4150,6941,1933,5,31,4,Amazing restaurant,2026-03-27 04:26:30
4151,6942,44,6,283,5,Highly recommended,2026-05-27 21:50:47
4152,6943,2653,12,375,3,Poor packaging,2026-06-04 11:21:01
4153,6946,1091,3,323,3,Cold food,2026-01-29 08:49:32
4154,6947,2179,16,302,4,Fresh food,2026-03-12 11:23:03
4155,6948,484,18,340,4,Amazing restaurant,2025-08-26 12:56:01
4156,6949,136,19,230,4,Highly recommended,2025-01-04 01:48:05
4157,6950,2206,13,214,4,Food was delicious,2026-02-15 18:58:43
4158,6951,4,19,136,5,Food was delicious,2026-02-16 15:58:38
4159,6954,2331,6,231,5,Fresh food,2026-04-29 02:52:50
4160,6956,1430,7,314,5,Amazing restaurant,2025-11-27 06:48:15
4161,6957,506,13,151,5,Driver was polite,2025-05-11 17:08:38
4162,6958,1905,9,220,4,Excellent service,2024-12-20 07:57:52
4163,6960,967,16,302,3,Not worth the price,2026-01-03 02:00:47
4164,6961,1880,2,306,5,Highly recommended,2026-04-18 22:20:18
4165,6963,2208,4,362,4,Amazing restaurant,2025-02-23 17:49:36
4166,6967,1908,12,85,5,Very fast delivery,2026-06-14 00:40:10
4167,6968,1331,6,337,4,Fresh food,2025-06-20 17:56:39
4168,6970,48,15,189,4,Very fast delivery,2025-09-06 14:36:05
4169,6972,2067,8,21,3,Average experience,2025-02-11 00:49:28
4170,6973,2208,11,243,5,Very fast delivery,2025-04-29 02:06:08
4171,6974,2654,2,61,4,Driver was polite,2025-06-19 09:11:19
4172,6975,2947,5,166,5,Fresh food,2024-11-18 06:34:18
4173,6979,1807,15,146,2,Not worth the price,2025-06-15 17:31:19
4174,6980,1616,12,48,4,Amazing restaurant,2025-12-18 13:38:30
4175,6984,494,7,23,5,Food was delicious,2024-11-18 21:34:51
4176,6986,2566,2,305,5,Amazing restaurant,2026-03-20 07:51:02
4177,6987,1632,14,382,3,Poor packaging,2024-12-27 20:27:32
4178,6988,297,8,42,3,Average experience,2025-11-07 07:58:25
4179,6990,707,17,131,3,Wrong order,2026-06-24 09:40:56
4180,6991,274,5,136,4,Highly recommended,2025-12-31 18:15:23
4181,6992,276,7,4,5,Food was delicious,2026-03-27 16:26:16
4182,6994,2350,19,71,4,Amazing restaurant,2025-10-03 03:11:14
4183,6995,117,3,145,5,Perfect experience,2026-01-23 01:47:43
4184,6996,1781,2,53,1,Cold food,2024-09-08 10:06:06
4185,6997,1019,17,127,4,Amazing restaurant,2024-08-22 00:41:01
4186,6998,934,4,90,4,Food was delicious,2024-08-09 16:03:58
4187,7000,2140,15,322,5,Perfect experience,2024-10-21 00:36:39
4188,7002,2303,18,290,4,Highly recommended,2026-05-13 12:48:58
4189,7003,2435,17,125,4,Driver was polite,2026-02-18 14:47:23
4190,7005,1686,8,339,3,Late delivery,2026-05-03 02:40:23
4191,7006,2350,4,29,5,Driver was polite,2024-11-11 19:47:34
4192,7007,2171,13,116,3,Average experience,2024-12-05 00:51:17
4193,7009,1445,10,129,4,Perfect experience,2024-12-05 01:26:05
4194,7010,2472,11,323,1,Poor packaging,2024-07-19 09:47:24
4195,7011,2461,6,165,4,Amazing restaurant,2025-12-02 04:30:08
4196,7012,861,17,259,5,Food was delicious,2025-10-03 11:54:20
4197,7013,1366,6,40,4,Fresh food,2025-12-29 13:37:22
4198,7015,2986,1,286,5,Driver was polite,2025-06-24 04:33:27
4199,7016,2228,15,337,2,Cold food,2026-05-23 03:19:16
4200,7017,1722,7,199,2,Cold food,2024-12-23 16:08:06
4201,7018,2938,7,367,5,Food was delicious,2026-01-27 10:56:34
4202,7020,2314,11,358,2,Late delivery,2026-07-04 23:31:15
4203,7023,981,17,276,5,Excellent service,2025-06-25 23:33:22
4204,7024,94,11,135,3,Wrong order,2025-12-02 02:50:04
4205,7025,2926,3,99,5,Very fast delivery,2026-04-18 15:34:55
4206,7027,2821,14,382,4,Very fast delivery,2026-03-25 18:24:32
4207,7032,689,13,125,5,Very fast delivery,2025-01-27 05:35:47
4208,7033,2569,8,210,5,Food was delicious,2024-08-02 03:59:10
4209,7034,825,7,96,5,Highly recommended,2024-10-28 13:17:52
4210,7036,2251,7,74,5,Excellent service,2024-09-27 09:02:35
4211,7037,1629,17,213,3,Late delivery,2024-09-03 03:37:59
4212,7038,792,18,391,3,Cold food,2026-06-27 07:47:07
4213,7040,365,19,343,2,Wrong order,2025-08-23 13:11:11
4214,7041,1907,7,325,4,Highly recommended,2025-08-18 11:34:37
4215,7042,2207,8,103,5,Driver was polite,2024-12-03 23:17:38
4216,7045,473,16,191,4,Highly recommended,2025-06-25 12:00:41
4217,7046,2132,2,294,3,Cold food,2026-01-01 10:48:18
4218,7049,213,10,252,4,Driver was polite,2024-11-23 04:14:52
4219,7050,1606,17,269,4,Very fast delivery,2025-12-08 05:09:45
4220,7053,1524,17,276,4,Excellent service,2024-07-25 05:12:33
4221,7054,34,2,294,5,Food was delicious,2025-09-30 05:40:58
4222,7058,166,8,23,5,Food was delicious,2025-09-12 05:51:00
4223,7059,1539,13,133,4,Driver was polite,2025-06-12 15:47:26
4224,7060,2246,1,113,4,Excellent service,2024-12-24 22:47:31
4225,7062,1103,12,231,5,Fresh food,2025-09-02 16:16:38
4226,7065,2945,12,54,3,Average experience,2025-12-28 14:26:41
4227,7066,611,8,90,4,Excellent service,2024-08-11 08:58:48
4228,7067,1096,13,259,3,Cold food,2025-11-12 03:34:18
4229,7071,970,13,236,5,Highly recommended,2026-05-17 00:59:28
4230,7073,826,20,206,5,Driver was polite,2025-01-30 21:51:39
4231,7075,1372,8,271,5,Highly recommended,2026-04-09 23:38:40
4232,7076,2587,8,272,5,Driver was polite,2025-07-11 10:00:13
4233,7077,2581,13,93,1,Not worth the price,2025-07-15 23:54:19
4234,7078,255,17,372,3,Cold food,2024-07-27 11:07:44
4235,7082,1729,12,189,4,Driver was polite,2025-11-29 13:21:05
4236,7083,587,13,269,5,Highly recommended,2025-01-28 08:28:55
4237,7084,39,9,357,4,Amazing restaurant,2025-07-09 14:51:39
4238,7086,2816,20,162,5,Perfect experience,2025-10-15 02:31:48
4239,7088,2645,12,375,3,Driver was rude,2025-12-26 13:26:17
4240,7090,296,14,382,5,Very fast delivery,2025-02-19 08:36:27
4241,7093,2725,18,349,4,Driver was polite,2025-07-16 01:49:15
4242,7095,2686,10,219,5,Excellent service,2026-02-10 22:06:11
4243,7097,1689,15,112,3,Late delivery,2025-09-08 15:29:20
4244,7098,106,8,365,5,Excellent service,2024-12-05 02:05:02
4245,7099,2251,11,286,5,Food was delicious,2024-12-07 00:50:27
4246,7101,741,18,145,4,Highly recommended,2025-11-10 22:18:02
4247,7102,1465,17,327,4,Excellent service,2025-11-11 16:08:34
4248,7103,630,13,372,4,Amazing restaurant,2024-08-24 05:05:40
4249,7104,947,17,91,4,Food was delicious,2026-05-23 00:50:00
4250,7105,1238,13,355,2,Driver was rude,2025-04-13 15:36:55
4251,7106,1769,10,243,5,Amazing restaurant,2024-08-01 10:55:44
4252,7107,709,5,164,3,Wrong order,2026-01-17 19:22:00
4253,7108,874,10,358,4,Food was delicious,2025-07-13 22:05:50
4254,7109,154,16,291,5,Very fast delivery,2024-08-22 04:51:38
4255,7112,989,1,135,2,Poor packaging,2025-06-29 03:03:37
4256,7114,2176,20,327,5,Perfect experience,2025-03-03 05:20:11
4257,7115,277,3,314,5,Amazing restaurant,2025-09-16 16:49:41
4258,7116,1808,12,295,4,Food was delicious,2026-04-27 00:02:14
4259,7117,765,17,259,5,Food was delicious,2025-06-15 17:25:51
4260,7118,1185,6,244,5,Very fast delivery,2025-09-30 19:58:19
4261,7119,1648,10,272,5,Excellent service,2025-04-07 04:51:10
4262,7121,408,13,125,2,Poor packaging,2025-08-24 05:42:49
4263,7123,148,16,111,4,Perfect experience,2026-03-20 23:41:12
4264,7124,1959,10,134,2,Not worth the price,2025-04-02 17:07:13
4265,7126,810,7,21,5,Amazing restaurant,2025-01-18 21:58:57
4266,7127,2047,16,341,5,Perfect experience,2026-01-25 04:37:28
4267,7129,1017,16,12,2,Poor packaging,2024-10-02 13:49:13
4268,7130,775,17,307,5,Highly recommended,2025-01-01 11:38:45
4269,7135,1124,16,220,5,Fresh food,2026-05-19 13:57:54
4270,7138,2076,1,8,5,Amazing restaurant,2025-09-18 18:41:29
4271,7140,1694,17,141,3,Driver was rude,2025-04-18 16:46:40
4272,7143,39,9,291,4,Excellent service,2025-10-10 19:41:39
4273,7144,2179,16,120,4,Driver was polite,2025-07-05 20:45:08
4274,7146,1553,10,24,5,Fresh food,2024-08-29 06:44:55
4275,7148,2917,7,257,5,Excellent service,2026-03-20 21:42:23
4276,7150,680,20,91,4,Very fast delivery,2025-03-15 00:13:12
4277,7151,1133,2,255,4,Excellent service,2026-06-28 16:05:00
4278,7153,2439,1,103,5,Excellent service,2025-12-14 05:31:18
4279,7154,70,15,328,5,Very fast delivery,2026-07-10 11:29:30
4280,7161,1543,6,176,4,Driver was polite,2026-01-08 04:36:18
4281,7164,1307,11,164,5,Very fast delivery,2025-09-13 07:51:22
4282,7165,2147,4,90,2,Wrong order,2026-01-18 10:41:04
4283,7166,1051,14,122,5,Excellent service,2026-05-04 20:13:48
4284,7167,1774,8,200,5,Driver was polite,2026-05-26 19:38:50
4285,7168,995,18,289,4,Very fast delivery,2026-07-14 03:12:02
4286,7171,2332,11,285,5,Amazing restaurant,2024-07-21 17:40:34
4287,7174,1367,10,400,4,Amazing restaurant,2026-06-13 05:13:33
4288,7175,580,13,321,5,Food was delicious,2025-05-19 15:54:06
4289,7176,2522,11,95,5,Fresh food,2026-05-30 14:02:04
4290,7179,2265,5,21,3,Wrong order,2026-06-23 23:17:10
4291,7180,978,10,118,3,Cold food,2025-07-06 19:50:40
4292,7181,589,20,97,5,Excellent service,2025-11-11 11:47:43
4293,7182,820,19,168,4,Amazing restaurant,2025-06-06 20:04:07
4294,7183,2817,20,345,5,Highly recommended,2024-12-20 13:20:31
4295,7184,1703,17,169,5,Driver was polite,2024-12-13 03:52:06
4296,7185,1042,2,181,4,Highly recommended,2024-09-12 18:29:00
4297,7186,2150,3,171,5,Excellent service,2025-08-28 06:23:50
4298,7187,902,15,330,4,Fresh food,2025-03-18 09:27:41
4299,7188,1740,13,106,5,Perfect experience,2024-11-23 05:30:05
4300,7189,744,19,274,5,Driver was polite,2026-01-09 14:57:46
4301,7190,155,20,397,4,Excellent service,2025-08-15 08:32:05
4302,7194,2799,15,337,5,Very fast delivery,2024-08-22 23:32:31
4303,7195,1981,3,171,2,Cold food,2026-04-11 22:26:40
4304,7196,1156,5,135,5,Very fast delivery,2025-04-14 14:46:19
4305,7198,2728,6,368,2,Poor packaging,2025-04-22 10:20:15
4306,7199,824,16,357,3,Late delivery,2025-07-10 03:59:47
4307,7200,1092,9,380,3,Late delivery,2024-10-27 06:09:07
4308,7201,2044,13,355,4,Excellent service,2026-04-03 18:58:20
4309,7203,2826,4,161,4,Perfect experience,2025-08-05 11:15:59
4310,7204,411,15,159,3,Food quality could be better,2025-06-21 12:38:02
4311,7205,863,13,239,5,Highly recommended,2024-12-12 15:45:06
4312,7207,2893,5,285,5,Fresh food,2026-06-07 23:22:34
4313,7209,2716,12,366,4,Excellent service,2025-10-09 16:38:32
4314,7212,2825,7,253,4,Highly recommended,2024-09-06 18:50:10
4315,7217,1889,12,188,5,Perfect experience,2024-09-02 23:03:54
4316,7218,326,17,309,5,Driver was polite,2024-11-18 17:08:09
4317,7219,1547,1,210,2,Driver was rude,2024-12-20 07:04:34
4318,7221,1869,17,86,4,Very fast delivery,2024-12-06 10:38:05
4319,7227,1334,11,203,4,Food was delicious,2024-12-15 04:59:32
4320,7228,697,4,153,5,Perfect experience,2025-05-12 11:45:26
4321,7229,882,13,259,4,Food was delicious,2025-09-15 11:35:09
4322,7231,575,12,112,5,Driver was polite,2025-08-30 22:48:17
4323,7233,2524,20,91,5,Perfect experience,2025-11-03 01:02:00
4324,7235,2981,17,178,4,Food was delicious,2025-03-07 19:19:13
4325,7237,1726,17,303,5,Amazing restaurant,2025-11-15 08:23:11
4326,7238,1477,3,160,5,Very fast delivery,2026-01-19 01:47:51
4327,7239,1995,15,282,3,Food quality could be better,2025-11-11 05:30:53
4328,7241,899,14,394,5,Amazing restaurant,2025-01-13 20:41:00
4329,7243,1026,2,399,4,Highly recommended,2025-04-02 15:37:07
4330,7244,617,14,122,5,Excellent service,2025-01-26 23:03:16
4331,7247,2290,6,231,5,Very fast delivery,2025-02-21 21:43:33
4332,7248,12,20,178,5,Perfect experience,2026-04-12 04:40:51
4333,7249,1199,15,359,5,Perfect experience,2025-04-13 13:23:25
4334,7250,2379,2,173,1,Driver was rude,2024-07-15 14:09:25
4335,7254,924,4,105,5,Driver was polite,2025-11-21 06:27:04
4336,7255,778,2,61,4,Amazing restaurant,2026-01-02 06:29:30
4337,7256,284,20,213,3,Food quality could be better,2024-12-31 21:02:25
4338,7257,1120,2,98,5,Very fast delivery,2025-05-27 22:46:33
4339,7259,772,13,106,5,Amazing restaurant,2025-09-10 01:42:15
4340,7260,2618,19,23,3,Wrong order,2026-03-19 02:08:24
4341,7261,2805,4,329,4,Amazing restaurant,2026-01-18 01:49:16
4342,7262,1156,1,166,5,Food was delicious,2024-12-29 23:36:22
4343,7263,1488,16,392,3,Average experience,2025-09-28 08:00:56
4344,7264,1975,1,251,4,Highly recommended,2024-10-30 11:16:28
4345,7266,716,1,204,3,Food quality could be better,2025-01-07 03:13:56
4346,7267,82,13,30,5,Highly recommended,2024-12-22 19:03:34
4347,7268,1442,8,136,3,Driver was rude,2025-11-13 18:21:46
4348,7269,431,5,37,4,Fresh food,2024-10-28 13:01:45
4349,7270,930,13,190,5,Amazing restaurant,2025-09-03 19:24:40
4350,7271,1441,17,30,5,Very fast delivery,2025-11-10 04:29:17
4351,7272,2277,17,211,4,Highly recommended,2025-07-11 14:25:35
4352,7273,1384,18,329,1,Poor packaging,2025-08-03 11:13:13
4353,7274,31,4,252,5,Very fast delivery,2024-10-30 16:51:52
4354,7275,2379,2,173,4,Highly recommended,2026-01-19 17:41:44
4355,7276,242,9,392,5,Food was delicious,2024-09-22 17:24:23
4356,7277,1398,17,38,5,Amazing restaurant,2025-12-31 21:02:31
4357,7278,1865,7,289,5,Excellent service,2024-10-13 12:46:40
4358,7279,2964,8,166,3,Late delivery,2025-12-03 00:10:47
4359,7280,787,9,12,3,Poor packaging,2025-03-10 17:06:01
4360,7281,1911,2,181,5,Fresh food,2026-05-09 01:35:36
4361,7282,1297,6,375,4,Fresh food,2026-06-29 08:31:32
4362,7283,915,3,136,2,Late delivery,2025-02-21 21:43:27
4363,7284,2512,16,32,4,Highly recommended,2025-04-16 06:41:06
4364,7287,183,6,330,4,Amazing restaurant,2024-12-13 07:40:28
4365,7288,184,19,374,4,Food was delicious,2026-05-06 01:22:28
4366,7289,2392,14,382,5,Food was delicious,2024-08-19 22:35:08
4367,7290,1389,20,91,5,Perfect experience,2026-06-26 10:15:50
4368,7292,181,11,84,5,Perfect experience,2026-03-05 03:19:43
4369,7293,562,11,74,4,Food was delicious,2026-04-11 19:16:12
4370,7298,1417,5,391,3,Food quality could be better,2025-11-12 03:37:50
4371,7301,1914,15,41,4,Driver was polite,2026-01-07 19:27:21
4372,7302,1470,12,159,4,Perfect experience,2025-09-25 16:30:59
4373,7304,1821,3,334,3,Average experience,2024-10-25 22:06:58
4374,7305,2773,18,160,5,Food was delicious,2024-11-28 13:19:03
4375,7307,2385,13,157,5,Very fast delivery,2024-08-29 22:07:10
4376,7311,2583,10,25,5,Perfect experience,2025-11-17 11:24:00
4377,7312,1763,6,59,5,Amazing restaurant,2025-07-13 09:38:45
4378,7313,929,12,40,3,Cold food,2025-05-29 00:22:46
4379,7316,1882,12,48,5,Amazing restaurant,2025-05-15 13:24:00
4380,7317,2318,16,318,5,Fresh food,2025-03-23 17:17:34
4381,7318,821,17,1,5,Food was delicious,2025-04-10 02:16:44
4382,7320,173,14,394,5,Highly recommended,2025-08-25 11:01:48
4383,7321,124,17,213,5,Excellent service,2025-03-27 03:30:17
4384,7326,1822,10,168,4,Driver was polite,2024-12-08 00:18:54
4385,7327,1928,3,123,2,Cold food,2024-11-12 17:28:32
4386,7328,577,6,43,3,Wrong order,2024-09-14 04:57:18
4387,7329,1078,1,289,4,Fresh food,2026-02-05 07:59:56
4388,7330,2212,4,123,5,Very fast delivery,2026-02-02 18:12:28
4389,7334,1113,20,184,5,Perfect experience,2025-10-27 07:04:30
4390,7338,2241,18,362,5,Perfect experience,2025-05-06 18:01:11
4391,7339,1497,17,256,5,Highly recommended,2025-03-11 13:42:26
4392,7341,2193,13,276,2,Wrong order,2024-10-14 00:23:49
4393,7343,99,6,142,4,Food was delicious,2025-06-19 12:56:24
4394,7345,2588,9,196,5,Excellent service,2025-12-12 18:34:09
4395,7346,2281,18,326,3,Wrong order,2024-11-15 19:05:24
4396,7349,2121,12,180,5,Excellent service,2024-12-07 05:16:29
4397,7351,925,3,374,5,Food was delicious,2025-06-04 20:13:09
4398,7354,943,4,335,2,Late delivery,2026-04-23 00:07:11
4399,7355,1291,20,157,4,Perfect experience,2025-03-06 00:03:54
4400,7357,2878,19,39,5,Food was delicious,2024-10-05 12:07:02
4401,7359,1900,20,355,1,Late delivery,2024-12-13 09:56:44
4402,7360,2923,9,234,3,Late delivery,2025-06-28 01:49:11
4403,7362,2958,20,284,4,Perfect experience,2026-06-19 20:12:18
4404,7363,1091,5,246,5,Driver was polite,2025-05-24 10:04:05
4405,7364,1050,13,162,5,Very fast delivery,2025-12-27 04:26:59
4406,7365,130,13,15,3,Wrong order,2025-11-13 18:57:22
4407,7367,586,6,312,4,Very fast delivery,2025-01-11 19:04:13
4408,7369,993,8,334,4,Excellent service,2024-08-12 07:57:34
4409,7371,849,13,102,4,Fresh food,2025-10-06 01:38:26
4410,7372,575,6,322,4,Fresh food,2026-04-14 21:53:14
4411,7373,406,10,334,5,Amazing restaurant,2026-07-07 20:36:27
4412,7374,476,3,16,4,Highly recommended,2025-02-06 17:33:41
4413,7376,1010,15,109,4,Highly recommended,2026-03-19 06:39:10
4414,7377,2413,5,326,5,Excellent service,2024-08-09 17:27:12
4415,7378,1198,18,267,5,Perfect experience,2026-02-17 02:14:02
4416,7379,528,11,39,4,Perfect experience,2025-08-11 09:26:31
4417,7380,1378,7,65,4,Food was delicious,2026-06-10 12:17:10
4418,7381,2364,14,382,5,Very fast delivery,2025-02-27 11:23:41
4419,7382,552,18,250,4,Driver was polite,2026-01-10 16:56:07
4420,7383,2226,2,98,5,Perfect experience,2026-03-30 06:43:21
4421,7385,2041,9,291,4,Excellent service,2025-06-17 04:16:14
4422,7387,1264,17,1,5,Food was delicious,2024-12-29 20:39:02
4423,7388,2358,2,57,5,Very fast delivery,2026-03-21 01:01:48
4424,7392,795,18,164,4,Excellent service,2025-10-05 00:59:27
4425,7393,769,7,179,5,Driver was polite,2025-07-28 01:41:15
4426,7394,1669,1,29,4,Perfect experience,2025-02-10 10:26:58
4427,7396,2035,3,183,3,Cold food,2025-09-07 08:58:07
4428,7397,1876,3,400,4,Food was delicious,2026-04-02 15:11:17
4429,7398,1759,13,214,4,Food was delicious,2026-02-27 06:43:54
4430,7400,1703,17,133,4,Fresh food,2025-01-11 22:51:36
4431,7401,1344,1,134,5,Food was delicious,2025-11-06 04:00:51
4432,7403,810,10,289,5,Excellent service,2025-04-19 16:08:15
4433,7408,1017,9,378,2,Cold food,2025-03-29 05:31:34
4434,7409,905,16,380,3,Late delivery,2026-02-26 03:59:42
4435,7410,973,17,182,1,Late delivery,2025-08-30 11:01:07
4436,7411,1706,10,285,2,Average experience,2025-01-18 07:39:51
4437,7412,2354,20,30,3,Driver was rude,2026-06-11 04:21:17
4438,7414,1589,17,372,5,Fresh food,2025-12-06 00:34:06
4439,7416,242,9,378,5,Perfect experience,2026-04-11 18:55:19
4440,7417,1909,3,183,4,Fresh food,2026-04-23 21:51:34
4441,7418,2022,7,271,4,Food was delicious,2025-10-15 23:04:08
4442,7419,418,11,340,4,Perfect experience,2026-06-07 10:36:00
4443,7422,2951,20,239,4,Food was delicious,2024-09-06 18:50:01
4444,7423,1230,10,209,2,Wrong order,2025-12-20 16:33:57
4445,7424,2244,11,158,5,Very fast delivery,2025-02-25 03:09:59
4446,7426,970,17,127,5,Very fast delivery,2025-05-07 06:27:02
4447,7427,2214,13,174,5,Perfect experience,2025-03-27 12:23:59
4448,7428,224,15,40,3,Cold food,2025-01-26 10:26:52
4449,7430,2952,2,92,2,Wrong order,2025-11-21 08:53:56
4450,7432,2965,19,153,5,Food was delicious,2025-08-21 10:46:50
4451,7433,321,3,28,4,Driver was polite,2024-09-21 13:45:10
4452,7434,2689,9,352,1,Cold food,2025-05-19 00:14:33
4453,7435,197,12,40,5,Very fast delivery,2026-07-10 13:19:37
4454,7436,319,1,209,5,Food was delicious,2025-08-02 23:57:33
4455,7437,237,8,274,4,Highly recommended,2025-08-20 04:30:07
4456,7438,565,16,341,5,Excellent service,2025-04-24 09:16:40
4457,7439,549,20,227,5,Excellent service,2026-02-12 01:00:36
4458,7443,2895,2,53,3,Average experience,2024-07-27 05:19:07
4459,7444,921,8,290,5,Fresh food,2025-02-22 05:12:45
4460,7445,572,20,119,5,Food was delicious,2024-11-20 11:37:22
4461,7446,562,3,274,4,Excellent service,2025-01-08 01:57:29
4462,7447,347,19,339,4,Driver was polite,2025-10-01 01:36:15
4463,7449,854,15,18,1,Poor packaging,2026-04-07 09:01:05
4464,7451,2514,18,118,4,Perfect experience,2025-12-22 04:34:52
4465,7454,1133,2,306,5,Driver was polite,2026-05-08 19:30:28
4466,7457,1765,17,213,2,Average experience,2025-07-13 17:31:40
4467,7458,2952,2,128,3,Poor packaging,2025-05-28 06:20:00
4468,7459,780,12,375,4,Fresh food,2025-05-11 06:05:21
4469,7460,810,8,149,5,Very fast delivery,2026-01-18 12:58:24
4470,7463,1722,18,266,5,Highly recommended,2025-12-29 09:07:58
4471,7464,975,17,211,4,Fresh food,2026-04-20 07:02:06
4472,7465,142,18,203,5,Perfect experience,2025-01-23 21:57:34
4473,7467,479,11,145,5,Perfect experience,2024-08-17 02:02:16
4474,7468,299,13,310,5,Excellent service,2025-02-17 09:22:06
4475,7473,1161,17,361,5,Driver was polite,2025-11-04 02:00:59
4476,7475,2216,2,17,4,Highly recommended,2024-07-18 10:34:03
4477,7477,587,13,269,4,Driver was polite,2024-09-28 22:15:23
4478,7480,2756,10,209,2,Late delivery,2025-03-26 13:55:08
4479,7483,129,6,368,5,Highly recommended,2024-11-10 03:02:03
4480,7484,2520,19,267,3,Not worth the price,2025-03-20 21:40:49
4481,7487,2250,19,226,4,Perfect experience,2025-10-03 04:22:23
4482,7488,86,10,343,3,Late delivery,2024-12-31 11:57:07
4483,7489,1290,8,335,2,Not worth the price,2024-10-25 06:13:44
4484,7490,1674,17,227,2,Poor packaging,2024-10-29 22:21:47
4485,7495,1877,15,188,3,Cold food,2024-11-23 21:03:46
4486,7496,1739,7,37,5,Perfect experience,2024-11-09 10:43:24
4487,7498,1407,2,242,5,Highly recommended,2024-09-20 01:26:09
4488,7499,2494,19,386,4,Amazing restaurant,2025-12-18 00:05:45
4489,7503,2787,13,49,2,Food quality could be better,2025-07-09 13:06:23
4490,7504,2777,13,114,2,Average experience,2024-12-07 16:23:46
4491,7505,1217,6,138,1,Average experience,2025-06-14 10:58:07
4492,7507,1730,15,248,2,Not worth the price,2024-10-23 18:45:55
4493,7508,580,20,38,4,Amazing restaurant,2025-02-19 02:27:36
4494,7509,2445,12,43,5,Fresh food,2025-08-25 23:06:42
4495,7510,1430,19,400,5,Amazing restaurant,2025-02-01 10:06:49
4496,7511,2550,11,325,5,Perfect experience,2024-07-26 18:21:41
4497,7514,901,3,51,5,Excellent service,2025-10-24 03:33:44
4498,7517,2606,2,364,5,Very fast delivery,2024-09-24 08:44:44
4499,7518,1117,19,101,5,Very fast delivery,2025-03-29 09:23:04
4500,7519,2221,18,80,5,Highly recommended,2024-10-18 12:49:33
4501,7526,2884,7,168,4,Food was delicious,2026-03-08 17:05:01
4502,7527,1810,7,153,5,Food was delicious,2024-09-17 13:07:55
4503,7528,96,15,85,4,Very fast delivery,2026-02-13 09:37:31
4504,7530,1045,3,388,5,Amazing restaurant,2025-07-12 04:08:51
4505,7534,149,8,36,5,Fresh food,2024-08-07 09:59:24
4506,7537,2505,10,171,2,Cold food,2025-03-15 14:50:33
4507,7539,2499,7,210,4,Amazing restaurant,2025-01-22 16:33:24
4508,7541,208,9,191,4,Perfect experience,2025-06-10 05:11:02
4509,7542,2880,5,152,4,Very fast delivery,2026-04-10 10:47:52
4510,7543,2874,15,146,4,Food was delicious,2024-10-08 07:10:28
4511,7544,624,9,107,5,Highly recommended,2026-06-27 22:45:05
4512,7545,1212,10,130,4,Perfect experience,2026-06-10 08:46:35
4513,7547,1572,15,159,3,Average experience,2025-08-07 12:15:40
4514,7548,2656,1,83,2,Cold food,2026-05-08 12:34:20
4515,7549,1666,12,328,3,Average experience,2024-12-21 12:12:10
4516,7550,1086,6,54,4,Highly recommended,2024-11-20 13:04:41
4517,7554,26,10,210,5,Highly recommended,2025-05-16 07:05:26
4518,7556,2270,9,13,2,Average experience,2026-01-18 22:32:33
4519,7557,2754,15,282,5,Fresh food,2026-02-18 01:54:01
4520,7558,1789,8,160,5,Fresh food,2025-06-26 19:14:02
4521,7561,1878,3,149,1,Driver was rude,2026-01-22 21:47:25
4522,7563,546,6,43,3,Average experience,2025-03-07 07:44:31
4523,7564,2027,19,281,5,Perfect experience,2025-09-08 20:16:29
4524,7565,10,6,354,5,Food was delicious,2024-10-23 15:28:00
4525,7566,65,19,281,4,Very fast delivery,2025-06-22 05:12:15
4526,7567,1579,11,333,2,Wrong order,2025-08-28 03:39:26
4527,7568,192,4,137,3,Cold food,2026-02-25 23:07:00
4528,7571,2157,6,366,3,Cold food,2026-07-01 02:58:30
4529,7572,125,13,361,5,Excellent service,2024-12-05 08:56:55
4530,7573,719,17,133,5,Fresh food,2024-07-27 22:34:11
4531,7574,1283,17,185,4,Excellent service,2025-03-25 08:01:07
4532,7575,2369,10,323,2,Late delivery,2025-04-05 07:28:11
4533,7576,66,5,365,5,Very fast delivery,2026-04-22 07:13:54
4534,7577,1822,5,326,4,Driver was polite,2025-09-24 15:47:10
4535,7579,1710,20,214,5,Fresh food,2025-04-14 02:49:08
4536,7580,2020,12,328,5,Amazing restaurant,2026-06-04 03:41:46
4537,7582,2318,16,380,4,Highly recommended,2025-01-12 04:49:44
4538,7587,1849,18,210,5,Highly recommended,2025-09-04 13:00:21
4539,7588,1588,17,236,5,Perfect experience,2025-06-02 03:21:47
4540,7589,2776,5,271,4,Very fast delivery,2024-08-06 23:26:47
4541,7590,1388,15,282,3,Not worth the price,2026-03-10 09:25:35
4542,7591,229,5,74,5,Fresh food,2025-01-02 15:05:40
4543,7596,220,2,98,5,Perfect experience,2025-05-22 07:07:59
4544,7597,1570,2,195,4,Food was delicious,2025-10-11 22:51:16
4545,7600,681,10,262,5,Amazing restaurant,2026-05-26 18:36:10
4546,7601,2989,18,209,4,Very fast delivery,2025-04-24 18:04:35
4547,7602,2246,4,137,5,Food was delicious,2026-03-21 16:07:27
4548,7603,2893,18,252,5,Amazing restaurant,2025-02-25 08:00:13
4549,7606,873,6,159,5,Excellent service,2025-09-23 18:45:14
4550,7607,519,5,71,3,Food quality could be better,2026-03-06 11:36:10
4551,7608,363,12,330,5,Perfect experience,2026-04-10 01:25:33
4552,7609,1202,14,394,5,Food was delicious,2025-09-23 00:31:12
4553,7610,726,1,362,4,Amazing restaurant,2025-01-02 23:41:43
4554,7612,2725,19,360,2,Food quality could be better,2025-08-31 23:21:11
4555,7613,2106,13,355,3,Not worth the price,2024-10-08 15:03:56
4556,7614,2588,16,357,4,Excellent service,2025-04-19 13:40:09
4557,7616,1646,4,90,3,Not worth the price,2025-09-12 21:09:28
4558,7619,1785,16,392,5,Food was delicious,2026-03-17 15:49:06
4559,7620,1092,16,12,5,Perfect experience,2026-04-04 19:56:44
4560,7621,1057,4,161,1,Poor packaging,2025-11-22 23:03:50
4561,7623,2877,2,57,4,Highly recommended,2025-12-16 11:34:51
4562,7625,2354,20,287,5,Fresh food,2024-07-18 22:22:59
4563,7629,667,7,160,5,Highly recommended,2025-10-06 20:50:23
4564,7630,1840,18,267,4,Driver was polite,2025-08-23 19:10:58
4565,7633,1544,4,130,5,Amazing restaurant,2025-07-02 04:08:42
4566,7634,1145,13,121,2,Driver was rude,2025-01-23 01:00:51
4567,7635,589,20,239,4,Fresh food,2025-07-12 01:48:03
4568,7638,2668,13,361,5,Excellent service,2024-11-10 12:13:37
4569,7640,627,14,394,4,Fresh food,2024-11-14 23:17:17
4570,7641,858,9,12,5,Amazing restaurant,2025-01-31 18:46:35
4571,7647,943,3,238,4,Amazing restaurant,2025-12-30 08:52:11
4572,7648,405,1,350,5,Driver was polite,2025-05-26 23:03:06
4573,7649,626,6,163,2,Wrong order,2025-12-09 12:40:51
4574,7650,823,4,65,5,Driver was polite,2026-01-08 01:02:56
4575,7651,2475,2,255,4,Perfect experience,2025-08-23 01:55:14
4576,7652,2344,12,359,3,Average experience,2026-04-17 00:06:36
4577,7653,481,9,111,4,Driver was polite,2026-06-14 06:14:57
4578,7654,1420,6,383,5,Fresh food,2025-11-06 07:12:21
4579,7655,261,12,159,5,Amazing restaurant,2026-04-17 06:35:40
4580,7657,898,12,189,4,Driver was polite,2025-09-03 15:26:25
4581,7658,1626,13,22,3,Not worth the price,2025-10-23 17:48:15
4582,7659,951,13,30,5,Very fast delivery,2026-03-06 08:58:44
4583,7662,754,5,51,1,Not worth the price,2024-09-04 12:27:14
4584,7664,530,11,311,4,Food was delicious,2024-12-02 02:41:32
4585,7665,1173,11,252,5,Driver was polite,2025-07-18 01:34:23
4586,7666,1297,6,112,5,Food was delicious,2025-02-21 18:39:06
4587,7668,101,11,150,5,Amazing restaurant,2025-07-20 05:51:59
4588,7669,22,13,321,5,Very fast delivery,2026-01-18 03:13:14
4589,7670,1173,4,103,4,Very fast delivery,2024-12-09 04:31:42
4590,7671,276,4,79,5,Perfect experience,2024-12-18 02:02:45
4591,7675,671,14,122,5,Fresh food,2026-03-18 13:53:13
4592,7676,202,1,230,3,Driver was rude,2026-01-04 22:48:54
4593,7677,704,5,153,4,Food was delicious,2025-04-10 15:39:17
4594,7678,397,13,38,5,Food was delicious,2024-12-07 08:20:56
4595,7679,2888,17,86,4,Driver was polite,2025-05-10 06:58:23
4596,7682,505,2,228,2,Late delivery,2025-10-14 06:07:15
4597,7683,784,16,318,2,Average experience,2026-04-17 13:01:56
4598,7684,1976,11,374,4,Excellent service,2025-02-07 12:47:15
4599,7685,220,2,221,2,Average experience,2025-07-12 06:24:12
4600,7689,300,19,200,4,Perfect experience,2025-10-10 03:41:46
4601,7691,41,15,317,4,Food was delicious,2025-09-02 14:40:18
4602,7693,1092,9,378,3,Driver was rude,2025-06-03 04:37:01
4603,7694,2328,2,224,4,Highly recommended,2025-07-24 01:14:11
4604,7695,595,16,12,5,Amazing restaurant,2026-03-11 09:40:27
4605,7697,1844,18,118,5,Food was delicious,2025-08-21 00:56:21
4606,7699,1026,2,364,4,Excellent service,2025-07-04 09:26:41
4607,7700,1309,17,239,5,Driver was polite,2026-04-08 20:07:24
4608,7701,2646,2,61,3,Driver was rude,2025-08-22 00:06:03
4609,7705,2313,20,35,5,Food was delicious,2025-08-18 19:28:05
4610,7706,2685,16,380,4,Perfect experience,2025-01-02 03:13:38
4611,7707,2285,9,107,5,Food was delicious,2024-10-07 10:36:07
4612,7708,1875,5,246,5,Highly recommended,2026-04-07 12:17:15
4613,7709,207,20,184,5,Amazing restaurant,2025-01-07 23:30:28
4614,7711,1338,1,4,2,Wrong order,2024-12-26 18:16:32
4615,7712,2767,4,365,5,Amazing restaurant,2025-01-05 01:06:14
4616,7713,2285,9,380,3,Late delivery,2025-01-11 23:52:38
4617,7714,2404,20,259,5,Fresh food,2024-10-05 05:07:23
4618,7716,374,7,281,3,Food quality could be better,2025-10-06 23:26:23
4619,7718,182,12,85,4,Amazing restaurant,2025-10-15 07:41:18
4620,7719,2140,12,112,5,Highly recommended,2024-07-28 15:53:20
4621,7722,6,2,61,5,Fresh food,2024-10-13 18:43:02
4622,7723,2357,12,330,4,Highly recommended,2026-06-11 03:37:17
4623,7727,1517,14,122,5,Food was delicious,2025-09-24 17:12:59
4624,7728,1756,4,286,5,Perfect experience,2026-04-15 11:37:42
4625,7729,522,1,161,4,Excellent service,2024-09-22 11:50:09
4626,7730,2975,9,380,3,Not worth the price,2026-03-07 03:45:12
4627,7731,1941,2,128,4,Highly recommended,2026-03-10 07:29:33
4628,7733,2956,5,285,5,Fresh food,2024-08-14 16:17:57
4629,7734,1902,12,283,5,Food was delicious,2026-01-31 09:27:17
4630,7735,77,5,346,4,Perfect experience,2026-03-16 10:25:30
4631,7736,1074,3,266,5,Very fast delivery,2026-02-08 15:34:20
4632,7738,893,17,355,4,Fresh food,2025-03-16 06:25:22
4633,7739,1528,10,261,5,Excellent service,2024-12-05 01:15:41
4634,7740,1777,16,378,5,Highly recommended,2025-07-11 19:02:33
4635,7743,1160,16,13,5,Highly recommended,2026-01-10 20:04:42
4636,7744,561,8,135,3,Cold food,2024-10-24 08:44:08
4637,7746,1606,13,276,4,Highly recommended,2024-10-06 02:05:15
4638,7749,2254,14,394,5,Fresh food,2025-07-07 02:48:03
4639,7750,507,18,369,5,Fresh food,2024-12-21 13:55:28
4640,7751,671,14,122,2,Average experience,2024-09-08 07:36:08
4641,7753,2950,8,343,2,Average experience,2025-09-29 11:58:46
4642,7754,102,20,169,5,Very fast delivery,2026-04-15 11:36:20
4643,7760,1334,7,314,4,Fresh food,2025-01-09 05:23:42
4644,7761,2555,15,375,5,Fresh food,2025-11-27 12:31:58
4645,7762,2403,20,182,3,Not worth the price,2026-02-28 07:51:53
4646,7766,917,17,259,1,Driver was rude,2026-04-23 01:32:54
4647,7768,2321,12,43,4,Food was delicious,2026-01-29 09:20:17
4648,7770,2382,18,179,3,Late delivery,2024-09-05 23:03:16
4649,7771,303,11,272,4,Highly recommended,2025-10-14 17:53:17
4650,7772,2197,13,172,4,Amazing restaurant,2026-07-09 10:49:36
4651,7773,2152,20,102,5,Driver was polite,2025-11-15 20:25:36
4652,7774,2795,17,184,4,Fresh food,2024-12-02 09:16:53
4653,7775,1401,13,121,4,Food was delicious,2025-09-04 10:38:11
4654,7779,1570,2,92,5,Perfect experience,2025-06-21 15:40:06
4655,7780,1118,1,326,4,Driver was polite,2024-11-22 02:57:53
4656,7781,992,7,83,4,Fresh food,2024-08-21 13:24:21
4657,7782,2882,5,257,5,Amazing restaurant,2024-09-19 15:42:23
4658,7784,250,12,368,5,Driver was polite,2025-04-12 12:07:21
4659,7785,524,9,387,5,Highly recommended,2025-09-11 11:33:21
4660,7786,2438,11,238,5,Perfect experience,2025-11-25 17:47:09
4661,7787,1549,10,267,5,Amazing restaurant,2025-07-26 05:31:48
4662,7789,804,15,282,5,Food was delicious,2024-10-30 20:39:58
4663,7790,1621,8,262,5,Food was delicious,2026-02-25 16:38:09
4664,7793,2271,20,276,4,Amazing restaurant,2024-11-01 03:22:19
4665,7794,2721,17,245,5,Amazing restaurant,2024-08-29 05:35:23
4666,7798,547,5,161,4,Amazing restaurant,2025-03-05 02:07:28
4667,7800,689,20,265,3,Driver was rude,2026-05-05 19:53:12
4668,7809,1253,8,281,5,Food was delicious,2024-08-28 23:33:11
4669,7811,413,12,304,2,Poor packaging,2024-11-23 11:50:03
4670,7815,597,20,182,4,Very fast delivery,2025-02-19 04:30:52
4671,7816,506,13,213,5,Very fast delivery,2025-09-01 05:04:33
4672,7817,879,8,166,5,Very fast delivery,2025-09-18 18:06:00
4673,7818,1879,1,343,2,Food quality could be better,2026-06-11 15:34:54
4674,7821,1178,20,174,3,Food quality could be better,2025-01-28 20:56:01
4675,7822,2652,10,362,4,Perfect experience,2025-10-09 10:31:00
4676,7823,2312,9,378,5,Amazing restaurant,2025-11-17 05:07:59
4677,7826,628,18,323,4,Fresh food,2025-05-20 10:59:13
4678,7827,1485,3,339,5,Fresh food,2025-01-14 16:11:39
4679,7828,2097,8,79,5,Food was delicious,2025-05-10 14:32:38
4680,7831,213,4,90,5,Driver was polite,2025-11-30 17:44:57
4681,7832,122,6,176,4,Food was delicious,2025-12-24 04:45:53
4682,7833,719,13,303,5,Highly recommended,2026-01-04 19:43:14
4683,7834,1287,6,87,2,Average experience,2026-05-30 09:21:08
4684,7836,2134,6,176,4,Highly recommended,2026-07-10 12:14:52
4685,7837,2257,12,356,5,Very fast delivery,2025-03-17 17:08:35
4686,7838,2678,2,181,2,Cold food,2025-03-28 11:15:36
4687,7840,2953,17,351,5,Fresh food,2025-10-17 20:07:04
4688,7844,2206,20,178,3,Average experience,2024-09-17 14:22:07
4689,7846,2557,2,66,5,Very fast delivery,2026-03-26 20:06:54
4690,7847,1268,13,227,5,Perfect experience,2024-11-02 03:41:48
4691,7848,258,20,178,4,Food was delicious,2025-08-29 19:39:11
4692,7849,869,12,138,5,Driver was polite,2026-01-11 15:32:18
4693,7852,1777,9,196,5,Food was delicious,2025-07-08 07:08:33
4694,7853,631,6,159,4,Very fast delivery,2026-05-06 13:06:49
4695,7854,990,1,262,3,Late delivery,2025-05-08 16:49:49
4696,7856,113,1,251,3,Driver was rude,2026-03-17 15:02:32
4697,7857,2521,19,243,5,Very fast delivery,2024-09-24 18:48:51
4698,7858,274,10,243,5,Driver was polite,2025-09-27 04:48:05
4699,7859,1966,6,324,4,Driver was polite,2024-09-03 13:35:15
4700,7860,1589,20,35,4,Food was delicious,2025-10-04 22:17:26
4701,7862,2631,17,345,1,Poor packaging,2025-08-09 02:00:44
4702,7863,2304,16,107,5,Fresh food,2026-06-12 10:29:38
4703,7866,628,3,199,3,Driver was rude,2024-11-14 03:54:15
4704,7867,2361,16,196,5,Very fast delivery,2026-07-14 20:43:09
4705,7869,1304,16,107,5,Highly recommended,2026-06-25 23:42:35
4706,7870,1071,1,347,5,Excellent service,2025-11-25 00:27:53
4707,7871,2069,13,214,1,Not worth the price,2024-10-29 00:06:03
4708,7874,1530,13,35,4,Food was delicious,2025-04-21 14:54:57
4709,7875,1804,19,103,5,Driver was polite,2025-01-08 06:06:54
4710,7878,2258,13,47,5,Fresh food,2026-01-14 20:32:43
4711,7880,2836,7,226,5,Fresh food,2025-04-23 17:55:02
4712,7881,2292,15,59,5,Amazing restaurant,2026-03-16 02:18:25
4713,7883,811,20,245,5,Excellent service,2025-10-04 05:54:54
4714,7884,1119,7,336,5,Amazing restaurant,2025-10-15 09:32:13
4715,7885,2394,20,116,4,Very fast delivery,2024-12-24 02:11:59
4716,7887,1805,4,253,4,Perfect experience,2025-08-08 18:15:36
4717,7888,583,2,17,1,Not worth the price,2025-02-16 12:47:58
4718,7890,630,13,213,5,Food was delicious,2024-11-06 00:30:20
4719,7891,2941,8,381,4,Fresh food,2024-08-09 11:58:18
4720,7893,1701,6,248,3,Average experience,2025-06-01 01:38:51
4721,7896,1431,14,122,3,Average experience,2026-05-19 06:31:58
4722,7901,2386,6,81,4,Perfect experience,2025-08-19 19:58:02
4723,7903,1748,13,116,4,Excellent service,2026-02-14 07:02:47
4724,7904,2201,8,272,5,Amazing restaurant,2025-06-10 14:44:34
4725,7906,193,19,272,4,Excellent service,2026-03-13 15:13:41
4726,7907,2798,19,95,3,Wrong order,2025-08-12 03:30:48
4727,7909,458,3,290,4,Perfect experience,2026-03-04 08:22:23
4728,7910,1696,4,134,5,Highly recommended,2026-04-28 18:24:03
4729,7911,1674,17,211,4,Very fast delivery,2024-07-18 19:33:51
4730,7912,1131,18,281,4,Perfect experience,2025-12-21 14:55:24
4731,7913,778,2,94,5,Driver was polite,2025-02-07 15:06:26
4732,7916,2925,8,201,5,Highly recommended,2025-03-04 05:30:25
4733,7920,1466,4,179,4,Very fast delivery,2026-06-29 17:00:46
4734,7922,2144,11,123,5,Fresh food,2025-10-08 10:07:42
4735,7924,1124,9,191,4,Perfect experience,2025-06-28 19:14:33
4736,7927,1319,3,325,4,Very fast delivery,2025-07-11 09:38:20
4737,7928,2128,8,346,4,Excellent service,2025-02-16 07:32:21
4738,7930,1893,3,281,5,Fresh food,2025-09-18 01:48:13
4739,7932,2667,10,71,1,Driver was rude,2025-05-27 09:14:55
4740,7933,2595,2,92,3,Late delivery,2024-08-14 13:47:45
4741,7935,231,20,127,3,Food quality could be better,2026-07-15 18:02:49
4742,7936,2492,20,132,3,Food quality could be better,2025-04-04 18:03:14
4743,7937,2459,20,345,3,Driver was rude,2025-12-02 04:50:35
4744,7938,1511,15,319,3,Not worth the price,2025-10-25 08:14:15
4745,7939,1326,20,50,1,Average experience,2025-11-01 10:56:24
4746,7941,522,5,24,5,Food was delicious,2025-08-29 02:24:30
4747,7944,182,15,312,5,Very fast delivery,2025-05-01 01:32:23
4748,7946,2851,20,93,5,Driver was polite,2024-10-11 09:33:13
4749,7947,2360,12,356,5,Driver was polite,2025-02-05 23:47:30
4750,7948,1235,13,86,1,Food quality could be better,2024-08-10 08:15:15
4751,7952,2471,9,72,4,Driver was polite,2025-04-05 13:05:10
4752,7955,463,14,394,4,Amazing restaurant,2026-04-17 15:02:50
4753,7956,1707,12,299,5,Very fast delivery,2026-03-23 08:38:49
4754,7958,999,13,132,2,Not worth the price,2025-06-15 09:02:51
4755,7960,1601,19,90,2,Food quality could be better,2025-01-24 07:10:34
4756,7962,2361,9,341,2,Food quality could be better,2026-03-02 07:05:54
4757,7963,97,8,37,2,Driver was rude,2025-10-08 01:25:10
4758,7964,301,6,180,5,Very fast delivery,2026-05-16 18:05:33
4759,7966,1005,15,232,5,Fresh food,2025-07-27 05:48:43
4760,7967,173,14,394,4,Highly recommended,2025-07-01 23:44:25
4761,7968,1301,17,127,5,Highly recommended,2025-08-05 05:52:49
4762,7971,1485,8,152,5,Food was delicious,2026-07-12 16:56:03
4763,7972,752,1,369,4,Very fast delivery,2025-02-22 10:45:20
4764,7974,2988,8,271,5,Very fast delivery,2024-09-20 11:06:52
4765,7976,312,17,214,5,Driver was polite,2025-11-20 16:07:41
4766,7978,242,9,194,4,Driver was polite,2025-10-26 09:32:30
4767,7979,1772,7,8,4,Amazing restaurant,2025-10-29 11:56:10
4768,7981,433,18,374,5,Driver was polite,2026-02-09 17:03:25
4769,7982,2562,20,303,5,Fresh food,2025-05-04 09:20:25
4770,7985,47,13,151,4,Excellent service,2025-02-06 22:03:24
4771,7986,1656,2,92,4,Food was delicious,2026-01-21 20:35:08
4772,7988,2487,3,201,5,Fresh food,2025-06-08 14:05:10
4773,7989,113,18,400,5,Perfect experience,2026-06-18 20:20:38
4774,7991,526,4,338,4,Food was delicious,2025-06-20 03:00:24
4775,7996,2228,15,112,4,Amazing restaurant,2025-11-14 11:10:17
4776,7998,2601,12,299,2,Late delivery,2025-11-01 02:19:00
4777,8001,1048,4,238,4,Amazing restaurant,2025-02-23 07:02:59
4778,8002,1393,15,180,4,Food was delicious,2025-12-27 03:40:06
4779,8006,2271,17,162,4,Perfect experience,2025-04-16 01:00:44
4780,8009,828,20,157,4,Highly recommended,2025-04-16 22:11:27
4781,8011,2308,20,227,4,Excellent service,2024-10-16 14:13:44
4782,8012,2336,12,304,5,Food was delicious,2025-08-29 02:55:14
4783,8013,1763,15,315,4,Very fast delivery,2025-05-20 12:52:48
4784,8014,2391,18,199,5,Highly recommended,2025-03-22 04:14:47
4785,8016,1772,18,400,4,Amazing restaurant,2025-05-13 04:50:33
4786,8018,1015,4,267,3,Late delivery,2024-11-30 04:03:13
4787,8022,1389,17,91,4,Highly recommended,2024-07-28 05:20:03
4788,8023,1586,2,242,3,Food quality could be better,2024-07-19 05:05:50
4789,8024,525,6,69,5,Amazing restaurant,2025-05-05 23:49:36
4790,8025,1072,18,320,5,Food was delicious,2026-03-09 22:17:41
4791,8026,2723,10,25,5,Very fast delivery,2025-07-12 21:03:45
4792,8029,1730,6,299,5,Driver was polite,2025-01-21 18:04:37
4793,8030,1582,20,22,3,Wrong order,2025-11-28 13:51:28
4794,8031,136,18,150,5,Food was delicious,2025-07-09 05:51:30
4795,8033,1538,7,42,5,Food was delicious,2024-08-17 01:02:01
4796,8034,1127,4,84,4,Fresh food,2025-01-02 00:14:02
4797,8035,656,7,369,5,Very fast delivery,2025-03-11 15:14:22
4798,8036,1848,17,97,2,Not worth the price,2025-08-31 23:54:43
4799,8037,2644,13,211,4,Very fast delivery,2025-11-18 07:14:39
4800,8038,1504,15,383,4,Driver was polite,2026-04-12 23:58:16
4801,8039,1177,12,40,5,Amazing restaurant,2025-08-21 02:54:20
4802,8042,1139,1,350,4,Highly recommended,2024-08-08 05:42:59
4803,8043,1489,4,333,5,Driver was polite,2025-10-25 23:34:34
4804,8044,1702,7,123,4,Fresh food,2026-03-03 19:40:09
4805,8045,409,17,351,4,Fresh food,2026-03-03 21:58:25
4806,8046,612,18,201,4,Highly recommended,2024-08-12 11:53:24
4807,8047,1573,11,105,3,Late delivery,2025-10-18 01:56:19
4808,8048,712,7,340,4,Excellent service,2025-10-22 05:21:05
4809,8049,1643,9,191,4,Perfect experience,2026-03-13 10:50:38
4810,8053,646,16,318,5,Driver was polite,2025-09-23 18:57:15
4811,8054,2090,12,366,2,Not worth the price,2026-01-06 10:32:27
4812,8055,2996,15,165,3,Wrong order,2025-08-07 06:30:06
4813,8057,1317,3,96,4,Highly recommended,2025-07-01 02:10:31
4814,8058,2837,10,323,5,Highly recommended,2026-01-05 04:36:05
4815,8059,1437,20,190,4,Amazing restaurant,2025-10-19 08:49:32
4816,8060,1055,6,328,4,Highly recommended,2024-09-02 20:01:36
4817,8064,778,2,181,3,Cold food,2025-11-26 18:35:15
4818,8065,1357,4,346,3,Food quality could be better,2025-01-31 12:17:13
4819,8067,336,10,219,5,Fresh food,2026-01-15 09:31:19
4820,8068,671,14,394,3,Driver was rude,2025-01-17 11:28:51
4821,8069,618,17,206,5,Highly recommended,2025-11-10 15:11:18
4822,8071,2247,20,303,4,Excellent service,2025-12-21 17:47:11
4823,8072,1052,12,59,1,Driver was rude,2024-10-08 23:46:36
4824,8073,1554,3,238,4,Fresh food,2025-11-05 09:31:53
4825,8075,360,18,209,5,Perfect experience,2026-06-17 04:27:45
4826,8077,1365,18,209,5,Very fast delivery,2025-10-19 16:06:59
4827,8078,2509,3,246,5,Amazing restaurant,2026-01-13 02:52:20
4828,8079,1079,20,131,5,Fresh food,2025-05-23 12:57:03
4829,8080,2669,14,382,5,Amazing restaurant,2026-07-11 20:28:05
4830,8082,931,13,397,5,Driver was polite,2025-06-22 23:37:39
4831,8083,1535,9,196,4,Very fast delivery,2026-03-09 10:28:20
4832,8084,1499,3,358,2,Poor packaging,2025-10-31 15:38:05
4833,8086,760,2,195,5,Highly recommended,2025-10-20 18:04:06
4834,8097,2521,11,336,2,Wrong order,2025-08-16 18:32:59
4835,8098,1959,10,251,5,Food was delicious,2026-06-05 20:46:49
4836,8099,228,18,105,5,Driver was polite,2026-06-25 19:45:30
4837,8102,581,17,162,5,Driver was polite,2025-04-22 09:15:32
4838,8103,792,4,37,5,Excellent service,2025-10-09 08:20:05
4839,8105,588,17,235,1,Cold food,2025-05-10 12:24:37
4840,8109,2794,20,245,5,Fresh food,2025-02-12 13:20:40
4841,8113,455,8,266,5,Food was delicious,2025-03-03 03:51:02
4842,8114,1293,12,138,3,Food quality could be better,2025-08-19 14:45:41
4843,8115,2059,9,357,4,Excellent service,2025-12-01 11:50:56
4844,8116,2739,6,231,4,Amazing restaurant,2025-12-24 05:26:55
4845,8118,505,2,288,3,Wrong order,2025-05-21 14:16:32
4846,8120,2810,17,313,5,Perfect experience,2024-12-22 12:18:02
4847,8121,613,11,388,5,Fresh food,2024-07-31 21:19:30
4848,8122,2471,9,32,3,Food quality could be better,2025-09-18 14:38:01
4849,8123,2771,18,289,1,Driver was rude,2025-11-07 18:33:07
4850,8126,1572,15,189,2,Late delivery,2025-04-15 11:23:35
4851,8127,932,4,90,5,Very fast delivery,2026-05-25 22:38:48
4852,8129,1965,17,49,5,Highly recommended,2026-06-20 20:25:00
4853,8130,112,12,189,4,Fresh food,2024-07-24 18:23:27
4854,8132,508,6,359,4,Food was delicious,2024-09-19 16:47:12
4855,8133,1917,14,122,4,Fresh food,2025-06-19 05:14:50
4856,8135,2709,19,381,3,Food quality could be better,2026-03-05 17:35:29
4857,8136,2206,17,361,5,Highly recommended,2026-02-11 07:06:05
4858,8137,1045,3,339,2,Average experience,2025-11-22 07:40:15
4859,8138,1239,12,315,3,Wrong order,2024-12-13 22:36:34
4860,8139,949,4,349,4,Highly recommended,2025-06-25 18:29:05
4861,8140,2560,8,105,3,Driver was rude,2025-07-22 15:03:21
4862,8141,2094,7,46,5,Driver was polite,2025-06-22 20:49:39
4863,8143,1942,12,43,5,Fresh food,2026-07-08 05:47:25
4864,8144,508,12,202,5,Food was delicious,2024-11-17 23:31:19
4865,8147,1776,9,392,4,Highly recommended,2024-12-31 06:27:19
4866,8149,80,15,87,4,Perfect experience,2024-09-05 03:23:08
4867,8150,1728,8,250,5,Highly recommended,2025-05-18 23:30:14
4868,8153,1176,2,57,3,Not worth the price,2025-12-21 07:38:14
4869,8154,2863,2,255,5,Perfect experience,2024-11-24 04:31:24
4870,8155,2952,2,98,4,Food was delicious,2025-07-03 20:40:38
4871,8158,1977,13,313,4,Excellent service,2026-05-21 15:00:34
4872,8161,1422,12,304,5,Very fast delivery,2025-07-17 08:43:26
4873,8162,689,17,184,5,Amazing restaurant,2025-09-18 11:58:08
4874,8163,964,5,113,5,Amazing restaurant,2024-10-23 11:38:32
4875,8164,727,19,65,4,Amazing restaurant,2024-12-26 12:04:58
4876,8166,477,8,311,4,Fresh food,2025-02-28 08:19:22
4877,8168,2489,9,380,4,Highly recommended,2025-08-11 01:10:51
4878,8169,1406,12,295,5,Fresh food,2024-09-03 17:10:47
4879,8170,2556,17,124,5,Fresh food,2025-01-25 00:21:50
4880,8171,1556,2,288,5,Perfect experience,2026-05-12 23:09:42
4881,8172,628,1,338,5,Food was delicious,2024-07-31 15:55:32
4882,8174,1311,15,260,5,Fresh food,2026-05-11 20:26:50
4883,8175,120,9,111,5,Very fast delivery,2024-10-14 17:26:07
4884,8176,1780,15,282,5,Fresh food,2025-04-11 09:37:48
4885,8177,972,12,295,5,Excellent service,2026-02-04 04:08:54
4886,8178,1628,20,132,4,Fresh food,2025-04-15 19:57:36
4887,8179,1754,4,367,3,Not worth the price,2025-07-25 00:04:56
4888,8180,2495,10,147,3,Driver was rude,2025-11-22 03:11:40
4889,8181,1236,8,118,5,Excellent service,2025-12-13 00:22:28
4890,8182,2631,17,239,5,Highly recommended,2025-08-14 19:20:13
4891,8185,1118,19,349,4,Highly recommended,2026-05-21 08:32:15
4892,8186,2841,20,309,4,Food was delicious,2025-01-14 12:48:58
4893,8187,2642,16,12,5,Amazing restaurant,2025-01-10 04:36:59
4894,8188,1351,14,382,5,Perfect experience,2025-12-06 18:12:17
4895,8190,2566,2,224,4,Perfect experience,2024-09-10 09:41:54
4896,8192,2128,4,251,5,Perfect experience,2025-01-03 16:31:34
4897,8193,1666,6,146,3,Driver was rude,2024-07-25 14:29:02
4898,8194,1158,6,81,4,Food was delicious,2025-02-18 21:03:32
4899,8195,1063,15,232,4,Amazing restaurant,2025-04-06 13:24:42
4900,8198,1635,6,48,4,Amazing restaurant,2025-08-23 05:35:16
4901,8200,1362,7,166,5,Fresh food,2026-06-29 20:55:10
4902,8204,2742,13,361,4,Driver was polite,2024-09-27 17:35:54
4903,8207,207,17,355,4,Very fast delivery,2025-10-14 00:15:59
4904,8208,163,6,295,5,Fresh food,2025-05-08 14:39:13
4905,8209,1545,18,23,5,Fresh food,2025-11-07 18:02:00
4906,8210,1224,7,200,5,Amazing restaurant,2026-04-20 06:45:44
4907,8211,1486,8,329,4,Amazing restaurant,2026-03-04 06:38:09
4908,8213,1036,14,394,5,Driver was polite,2024-12-12 20:03:10
4909,8215,2739,6,375,4,Highly recommended,2026-02-09 16:58:39
4910,8216,779,16,12,4,Highly recommended,2026-01-26 22:31:53
4911,8217,536,12,18,4,Perfect experience,2026-05-09 08:14:39
4912,8218,2134,15,19,3,Cold food,2025-11-06 22:39:48
4913,8219,1061,13,127,4,Excellent service,2026-05-12 07:54:27
4914,8220,2389,5,166,5,Perfect experience,2024-12-03 07:17:57
4915,8221,2090,15,231,5,Driver was polite,2025-08-01 20:24:05
4916,8223,1520,14,122,4,Very fast delivery,2024-11-21 22:17:02
4917,8226,2489,9,352,5,Driver was polite,2026-07-13 18:19:17
4918,8227,1319,5,343,1,Average experience,2024-08-08 14:23:47
4919,8228,1969,17,131,5,Very fast delivery,2025-08-10 02:12:03
4920,8230,352,17,50,5,Perfect experience,2026-01-15 16:58:34
4921,8231,519,8,96,3,Wrong order,2024-09-06 16:05:37
4922,8232,2502,8,311,5,Driver was polite,2025-09-17 09:13:46
4923,8233,1083,15,319,2,Poor packaging,2025-07-31 18:07:31
4924,8234,747,15,315,5,Very fast delivery,2026-02-19 19:34:11
4925,8235,2982,15,295,2,Driver was rude,2025-03-17 13:12:32
4926,8237,1123,1,147,3,Late delivery,2026-07-13 05:12:19
4927,8238,2689,16,220,5,Highly recommended,2026-06-10 03:24:48
4928,8239,625,8,39,4,Highly recommended,2024-09-29 03:15:44
4929,8241,39,9,353,4,Highly recommended,2024-07-26 06:25:37
4930,8242,1640,5,126,3,Driver was rude,2025-12-13 00:02:20
4931,8243,1878,4,160,4,Amazing restaurant,2025-08-18 03:08:46
4932,8244,1822,1,153,5,Driver was polite,2026-06-12 00:54:24
4933,8248,2586,2,294,1,Food quality could be better,2025-09-07 07:24:06
4934,8251,1173,10,209,5,Highly recommended,2025-02-08 18:36:58
4935,8252,1615,3,135,3,Poor packaging,2025-06-05 21:02:13
4936,8253,2595,2,173,5,Excellent service,2025-09-01 20:47:34
4937,8254,2333,4,16,5,Food was delicious,2025-02-11 20:15:25
4938,8257,1527,13,106,4,Driver was polite,2025-07-08 12:38:34
4939,8258,1576,5,150,5,Very fast delivery,2026-02-25 18:41:36
4940,8261,1707,12,40,4,Highly recommended,2025-07-24 00:30:45
4941,8265,1428,15,165,5,Driver was polite,2026-06-26 04:46:53
4942,8270,505,2,223,5,Fresh food,2025-03-29 04:47:02
4943,8272,2183,9,302,2,Average experience,2025-03-31 18:55:30
4944,8274,1442,1,325,4,Driver was polite,2026-02-10 13:23:43
4945,8276,1437,13,116,5,Excellent service,2026-03-16 21:37:39
4946,8277,1083,12,40,4,Highly recommended,2025-01-06 02:11:35
4947,8278,2910,3,362,5,Fresh food,2026-06-16 23:53:10
4948,8279,1601,19,83,4,Food was delicious,2025-02-28 18:18:44
4949,8280,1097,7,386,4,Highly recommended,2025-09-28 01:19:42
4950,8283,1733,20,1,4,Excellent service,2025-01-02 09:48:43
4951,8284,2830,20,116,4,Fresh food,2024-09-29 07:41:16
4952,8286,2186,15,87,5,Highly recommended,2025-12-10 00:15:26
4953,8287,1094,8,28,4,Amazing restaurant,2025-05-15 08:49:14
4954,8290,2472,18,134,4,Excellent service,2025-12-17 15:14:59
4955,8291,1790,14,122,5,Amazing restaurant,2025-05-15 14:04:50
4956,8293,2504,9,107,4,Perfect experience,2024-11-30 03:19:27
4957,8298,1722,18,171,2,Cold food,2025-09-17 05:48:10
4958,8303,2188,5,367,5,Driver was polite,2024-12-11 20:55:25
4959,8304,2556,13,77,5,Food was delicious,2026-04-13 13:41:37
4960,8305,1283,20,162,5,Highly recommended,2025-11-20 08:31:28
4961,8307,251,6,40,3,Wrong order,2026-05-13 19:43:41
4962,8309,1780,6,330,4,Amazing restaurant,2025-06-21 04:03:48
4963,8310,2181,20,86,5,Excellent service,2025-02-12 23:28:02
4964,8313,1890,2,224,4,Excellent service,2025-01-16 09:09:12
4965,8314,372,18,339,4,Highly recommended,2024-09-12 14:05:04
4966,8315,2300,3,34,5,Highly recommended,2025-05-18 12:51:04
4967,8319,51,10,386,5,Highly recommended,2024-08-11 16:03:21
4968,8320,2330,17,256,1,Driver was rude,2026-04-24 23:25:24
4969,8321,2068,2,128,4,Fresh food,2025-03-30 23:17:06
4970,8322,1181,5,340,5,Fresh food,2024-07-26 05:55:41
4971,8326,1069,2,399,4,Highly recommended,2026-02-16 10:54:28
4972,8327,1599,19,323,3,Average experience,2025-07-10 14:24:58
4973,8328,1260,17,172,4,Highly recommended,2026-03-13 00:52:20
4974,8330,131,2,53,5,Very fast delivery,2026-01-31 22:50:52
4975,8331,2601,12,295,5,Very fast delivery,2026-06-08 00:20:38
4976,8332,156,9,107,3,Not worth the price,2026-01-10 15:50:19
4977,8334,762,19,199,5,Food was delicious,2025-11-16 21:43:45
4978,8335,1474,20,114,4,Driver was polite,2026-06-27 09:49:15
4979,8336,1761,5,130,5,Food was delicious,2025-09-14 01:46:40
4980,8338,2494,4,126,4,Fresh food,2025-11-10 16:52:52
4981,8339,2151,2,57,5,Food was delicious,2025-05-31 09:21:28
4982,8340,171,20,38,2,Food quality could be better,2025-09-27 18:26:48
4983,8341,365,4,150,5,Excellent service,2026-05-06 04:06:54
4984,8342,2137,9,32,5,Highly recommended,2024-10-04 03:01:08
4985,8344,1882,6,159,4,Excellent service,2025-09-20 13:54:27
4986,8347,305,10,333,3,Cold food,2026-03-22 22:50:25
4987,8349,2754,12,366,5,Perfect experience,2024-08-13 00:37:04
4988,8350,1205,12,109,3,Food quality could be better,2025-04-04 20:14:55
4989,8352,2675,8,183,4,Fresh food,2026-03-28 23:20:55
4990,8353,945,19,226,5,Perfect experience,2026-05-17 11:29:00
4991,8354,1485,10,103,4,Perfect experience,2026-01-14 21:53:06
4992,8355,909,10,29,4,Excellent service,2024-12-24 13:42:57
4993,8356,1988,4,8,5,Driver was polite,2025-02-16 18:03:05
4994,8357,1704,1,381,3,Poor packaging,2026-02-15 17:34:30
4995,8359,1269,5,51,5,Driver was polite,2026-03-07 05:31:27
4996,8360,2423,7,374,4,Fresh food,2024-09-11 21:42:14
4997,8361,322,12,180,4,Driver was polite,2026-06-24 22:04:51
4998,8362,1625,5,164,5,Fresh food,2025-07-14 12:52:37
4999,8363,294,2,296,5,Driver was polite,2024-12-19 17:41:50
5000,8364,2358,2,224,5,Perfect experience,2025-07-24 07:07:02
5001,8367,345,13,102,5,Highly recommended,2025-03-13 03:46:42
5002,8368,1669,19,37,4,Food was delicious,2025-12-14 17:06:00
5003,8369,2786,5,21,4,Very fast delivery,2026-03-06 16:57:24
5004,8372,2212,3,74,5,Highly recommended,2025-04-29 18:37:38
5005,8374,2594,10,210,1,Not worth the price,2025-01-21 13:21:39
5006,8375,1608,2,228,5,Very fast delivery,2026-06-07 02:39:11
5007,8378,1927,20,372,3,Food quality could be better,2025-07-17 10:45:21
5008,8379,2137,16,13,5,Fresh food,2024-10-09 05:08:14
5009,8384,2488,2,98,5,Driver was polite,2026-01-14 16:38:26
5010,8388,902,6,368,5,Highly recommended,2025-02-10 17:11:10
5011,8389,2504,16,352,5,Excellent service,2025-07-04 00:02:49
5012,8394,315,7,365,5,Amazing restaurant,2024-11-11 00:54:05
5013,8397,1114,2,92,2,Cold food,2025-11-09 23:15:47
5014,8399,2501,2,364,4,Highly recommended,2026-05-02 13:51:05
5015,8402,78,10,135,5,Driver was polite,2024-09-04 12:39:32
5016,8403,1838,16,318,5,Excellent service,2025-11-27 23:03:52
5017,8404,652,9,291,4,Food was delicious,2026-04-20 07:49:02
5018,8405,2155,6,112,2,Poor packaging,2025-12-04 18:08:10
5019,8406,307,17,213,4,Perfect experience,2025-10-27 19:01:02
5020,8407,2146,20,351,1,Not worth the price,2026-01-05 21:22:41
5021,8408,1216,18,374,4,Fresh food,2024-10-28 18:16:58
5022,8409,1530,20,1,5,Highly recommended,2025-01-16 08:31:44
5023,8411,514,20,125,2,Cold food,2025-12-24 00:02:06
5024,8414,2855,1,246,5,Food was delicious,2024-09-02 13:27:25
5025,8416,2066,3,391,4,Food was delicious,2026-03-04 09:38:55
5026,8417,2511,4,340,4,Highly recommended,2026-05-08 06:37:22
5027,8418,1954,2,173,5,Amazing restaurant,2025-03-30 06:59:24
5028,8421,1121,11,238,2,Food quality could be better,2025-03-16 03:28:09
5029,8422,2281,10,285,5,Driver was polite,2025-07-16 19:59:01
5030,8423,411,12,324,5,Highly recommended,2025-08-19 23:45:23
5031,8429,2139,20,157,5,Food was delicious,2026-03-01 16:52:58
5032,8430,1579,10,272,5,Excellent service,2026-01-25 19:55:22
5033,8431,2094,11,204,5,Excellent service,2024-08-13 12:33:30
5034,8433,117,4,323,4,Highly recommended,2024-09-08 13:12:52
5035,8435,2661,13,125,4,Perfect experience,2025-08-23 22:45:52
5036,8437,2569,10,31,4,Very fast delivery,2026-02-24 07:12:34
5037,8438,2903,20,190,2,Wrong order,2025-03-19 21:55:02
5038,8439,2237,20,235,3,Food quality could be better,2025-02-15 09:11:43
5039,8440,2868,8,71,3,Not worth the price,2025-12-14 12:00:28
5040,8441,1964,16,12,4,Highly recommended,2024-08-26 12:22:50
5041,8442,421,8,381,5,Very fast delivery,2025-07-24 10:32:44
5042,8444,2822,7,243,5,Perfect experience,2025-12-24 20:42:19
5043,8445,1318,4,246,5,Very fast delivery,2025-02-05 14:54:38
5044,8447,2523,12,229,4,Fresh food,2025-12-31 06:30:53
5045,8449,1780,12,324,5,Food was delicious,2024-08-29 12:31:23
5046,8451,1338,10,171,5,Fresh food,2025-04-11 21:57:10
5047,8454,1671,11,358,3,Late delivery,2025-04-20 03:57:42
5048,8455,2335,17,47,3,Cold food,2025-08-13 06:14:58
5049,8458,1002,15,18,2,Average experience,2026-06-18 23:10:12
5050,8459,713,19,134,4,Fresh food,2024-12-07 05:33:32
5051,8461,2414,1,374,4,Driver was polite,2025-12-17 05:00:15
5052,8462,8,6,317,1,Late delivery,2024-09-06 08:04:02
5053,8463,1563,2,364,5,Driver was polite,2026-03-17 12:28:45
5054,8464,259,11,51,5,Driver was polite,2026-02-01 00:17:59
5055,8465,1243,11,145,5,Food was delicious,2024-10-27 17:54:37
5056,8467,774,4,161,3,Cold food,2024-07-25 23:10:39
5057,8469,958,20,227,4,Excellent service,2026-03-03 04:46:11
5058,8470,2756,8,51,5,Very fast delivery,2024-08-02 11:22:00
5059,8471,2173,9,341,5,Highly recommended,2025-02-24 18:16:25
5060,8472,854,15,87,2,Cold food,2025-12-14 02:18:52
5061,8473,812,4,329,5,Highly recommended,2025-04-05 22:37:11
5062,8474,884,7,179,5,Amazing restaurant,2026-05-31 18:09:18
5063,8475,805,12,87,3,Driver was rude,2025-06-04 01:17:52
5064,8477,1366,6,283,5,Very fast delivery,2025-11-22 21:37:27
5065,8478,1552,2,181,5,Highly recommended,2025-10-01 19:33:35
5066,8479,143,5,8,5,Highly recommended,2025-05-09 09:12:58
5067,8480,559,16,318,5,Highly recommended,2025-07-12 05:14:06
5068,8485,1850,19,8,5,Very fast delivery,2026-06-02 14:09:11
5069,8486,543,10,338,5,Highly recommended,2025-04-21 00:45:06
5070,8488,2693,17,1,3,Cold food,2025-04-10 16:32:43
5071,8489,776,13,327,3,Late delivery,2026-04-05 13:27:03
5072,8490,1411,12,356,5,Food was delicious,2024-10-09 07:48:00
5073,8491,79,10,329,5,Very fast delivery,2026-06-20 11:19:29
5074,8492,2734,19,343,4,Driver was polite,2026-06-08 05:48:35
5075,8495,2775,12,330,5,Highly recommended,2026-01-21 15:18:13
5076,8497,2392,14,122,5,Perfect experience,2025-06-19 12:32:25
5077,8498,1259,16,357,1,Driver was rude,2025-02-23 02:24:27
5078,8502,412,13,121,4,Perfect experience,2026-02-02 13:54:21
5079,8504,591,2,53,4,Driver was polite,2025-08-12 19:48:34
5080,8505,1249,13,207,3,Not worth the price,2024-09-05 11:06:48
5081,8511,1299,14,394,4,Food was delicious,2026-01-31 04:03:22
5082,8512,2508,20,236,4,Fresh food,2025-02-27 04:41:34
5083,8514,774,8,166,3,Poor packaging,2025-04-15 20:56:10
5084,8516,109,13,102,2,Wrong order,2024-10-10 06:40:04
5085,8517,690,13,184,3,Food quality could be better,2025-04-17 23:20:43
5086,8519,2661,17,345,5,Highly recommended,2025-05-17 17:07:17
5087,8521,2522,5,4,5,Amazing restaurant,2024-12-09 03:02:29
5088,8522,1431,14,382,5,Perfect experience,2024-11-24 20:55:38
5089,8525,655,8,343,3,Cold food,2026-05-28 11:48:20
5090,8526,1597,2,128,4,Excellent service,2025-04-24 19:08:07
5091,8528,2752,17,303,5,Very fast delivery,2025-05-19 07:35:56
5092,8531,2640,9,352,1,Driver was rude,2026-06-06 13:17:41
5093,8532,324,17,141,4,Fresh food,2026-02-14 01:14:50
5094,8533,2753,20,214,5,Food was delicious,2025-11-10 21:39:07
5095,8535,149,8,99,5,Excellent service,2025-04-17 17:02:08
5096,8537,2343,11,286,5,Driver was polite,2026-07-14 14:47:11
5097,8538,2004,10,329,5,Highly recommended,2025-10-07 01:05:30
5098,8539,1940,13,327,5,Highly recommended,2024-11-28 12:33:30
5099,8540,233,13,245,4,Food was delicious,2025-06-06 05:04:08
5100,8541,2491,4,289,2,Food quality could be better,2026-01-03 05:51:12
5101,8542,875,19,203,3,Average experience,2024-12-01 04:23:51
5102,8543,597,13,184,4,Driver was polite,2024-10-20 02:04:12
5103,8545,1442,7,391,4,Very fast delivery,2026-06-02 02:38:01
5104,8548,2007,2,399,4,Highly recommended,2026-06-10 08:26:09
5105,8550,2874,12,229,5,Driver was polite,2025-07-13 14:44:56
5106,8551,1882,6,312,5,Food was delicious,2025-05-19 05:22:14
5107,8552,2724,5,329,5,Excellent service,2024-08-03 16:30:17
5108,8553,1827,2,242,5,Highly recommended,2025-06-09 04:48:35
5109,8554,2656,10,374,3,Driver was rude,2025-07-05 13:18:59
5110,8555,2474,8,160,5,Fresh food,2026-02-13 15:36:40
5111,8556,159,4,79,3,Average experience,2025-02-14 05:25:54
5112,8557,1108,5,179,5,Perfect experience,2025-12-26 12:54:36
5113,8558,2052,16,318,5,Excellent service,2026-01-11 06:58:54
5114,8559,2300,11,343,3,Wrong order,2025-05-11 04:00:12
5115,8560,302,7,71,5,Highly recommended,2025-09-19 14:24:28
5116,8561,196,4,262,3,Cold food,2025-07-20 04:49:45
5117,8563,2981,20,35,4,Very fast delivery,2025-10-08 13:06:30
5118,8564,1451,8,314,1,Driver was rude,2026-01-12 21:39:50
5119,8565,2267,9,194,4,Highly recommended,2025-07-13 16:41:12
5120,8566,2277,13,30,5,Excellent service,2026-04-12 21:45:57
5121,8567,2596,1,204,4,Amazing restaurant,2024-11-14 07:43:46
5122,8571,985,14,394,5,Highly recommended,2025-06-15 15:34:15
5123,8572,736,5,136,1,Cold food,2025-06-02 11:09:59
5124,8574,1669,11,347,5,Fresh food,2025-06-25 17:38:51
5125,8577,41,15,304,3,Poor packaging,2026-03-03 10:58:55
5126,8579,2229,8,150,5,Excellent service,2025-11-26 03:15:09
5127,8580,2279,8,347,4,Food was delicious,2026-02-20 05:42:54
5128,8582,62,11,374,5,Fresh food,2025-07-15 20:36:29
5129,8583,122,6,283,5,Amazing restaurant,2024-08-28 21:34:17
5130,8585,2571,20,141,5,Highly recommended,2025-07-10 16:22:26
5131,8588,2523,6,260,2,Driver was rude,2026-01-08 16:43:43
5132,8591,490,11,391,3,Poor packaging,2026-05-21 22:48:48
5133,8592,804,12,3,4,Excellent service,2025-02-06 06:49:38
5134,8593,2820,18,381,5,Food was delicious,2026-04-24 11:31:52
5135,8595,2763,14,122,4,Highly recommended,2024-11-03 20:52:26
5136,8598,1021,15,202,5,Food was delicious,2026-03-27 04:17:52
5137,8599,1960,19,37,5,Driver was polite,2025-12-17 10:03:36
5138,8601,1663,10,338,4,Very fast delivery,2024-11-23 06:27:03
5139,8603,2755,20,376,1,Cold food,2026-02-02 19:48:44
5140,8604,1244,14,382,5,Very fast delivery,2026-04-10 19:28:51
5141,8608,2019,17,213,2,Wrong order,2024-11-01 09:56:56
5142,8610,1828,15,248,4,Very fast delivery,2025-03-02 13:07:16
5143,8611,6,2,288,5,Amazing restaurant,2024-12-30 17:49:30
5144,8612,1616,6,299,3,Poor packaging,2024-11-05 02:57:49
5145,8614,136,5,339,4,Amazing restaurant,2025-10-04 14:38:02
5146,8616,970,13,131,5,Excellent service,2025-01-19 11:00:25
5147,8618,753,2,223,5,Driver was polite,2025-04-07 16:15:33
5148,8619,582,8,168,3,Not worth the price,2026-06-09 03:15:37
5149,8622,1383,20,233,5,Perfect experience,2025-09-30 19:39:03
5150,8623,2435,20,265,2,Wrong order,2024-11-23 15:13:33
5151,8624,1629,20,182,5,Driver was polite,2024-12-16 17:39:35
5152,8626,2301,18,90,1,Poor packaging,2025-11-29 20:28:45
5153,8627,171,17,287,3,Driver was rude,2026-06-08 19:06:20
5154,8628,1641,17,376,3,Average experience,2025-07-11 15:12:35
5155,8630,13,1,36,2,Wrong order,2025-06-23 01:41:52
5156,8631,1435,15,3,5,Very fast delivery,2024-10-15 22:23:37
5157,8632,1646,4,160,5,Food was delicious,2025-04-23 12:38:20
5158,8633,1595,7,31,4,Fresh food,2024-10-30 00:27:13
5159,8634,761,1,84,5,Excellent service,2026-06-15 22:58:34
5160,8635,1054,17,361,5,Perfect experience,2025-04-12 15:07:33
5161,8637,1094,3,79,5,Driver was polite,2026-06-30 04:14:01
5162,8639,2727,13,361,4,Driver was polite,2024-10-05 23:42:19
5163,8640,2588,9,13,5,Excellent service,2024-08-22 12:52:46
5164,8641,1057,5,204,5,Highly recommended,2026-04-20 13:41:42
5165,8646,2650,2,92,5,Very fast delivery,2025-04-11 03:45:41
5166,8647,1655,2,228,5,Excellent service,2024-09-08 00:59:08
5167,8649,1985,8,129,4,Highly recommended,2024-10-25 08:50:41
5168,8650,1927,13,184,4,Excellent service,2024-09-14 03:12:55
5169,8651,69,1,246,4,Very fast delivery,2025-04-28 19:09:06
5170,8652,954,8,323,5,Food was delicious,2025-07-02 21:19:17
5171,8653,748,8,243,4,Amazing restaurant,2025-01-28 10:04:20
5172,8654,523,17,86,5,Fresh food,2026-06-05 18:45:00
5173,8656,626,6,299,3,Late delivery,2025-02-16 21:05:47
5174,8658,2321,15,87,5,Fresh food,2026-03-30 04:49:30
5175,8659,2127,17,376,2,Average experience,2025-01-03 12:40:32
5176,8662,1562,13,376,5,Excellent service,2024-09-14 01:16:06
5177,8663,2162,8,253,4,Excellent service,2025-08-22 22:46:17
5178,8664,392,8,349,4,Perfect experience,2024-07-31 17:47:13
5179,8666,1657,11,201,4,Driver was polite,2026-02-27 21:43:22
5180,8667,2912,1,118,4,Highly recommended,2026-01-03 16:10:27
5181,8669,1988,18,391,5,Highly recommended,2026-06-30 07:12:38
5182,8671,1012,12,322,4,Excellent service,2024-10-22 13:37:22
5183,8672,1664,8,350,3,Late delivery,2025-01-29 10:40:22
5184,8674,1559,1,24,3,Wrong order,2026-04-13 17:19:52
5185,8675,1083,6,368,5,Highly recommended,2025-11-16 09:12:20
5186,8676,2819,5,158,5,Highly recommended,2025-08-30 10:59:22
5187,8677,2973,4,238,5,Excellent service,2025-04-21 16:59:29
5188,8679,2205,1,201,5,Food was delicious,2025-11-15 06:10:02
5189,8680,1236,18,126,3,Average experience,2025-02-20 06:27:46
5190,8682,396,4,31,3,Driver was rude,2024-09-28 19:44:53
5191,8684,2525,2,195,5,Perfect experience,2026-06-24 02:00:53
5192,8687,2846,20,207,5,Driver was polite,2025-12-13 17:22:03
5193,8688,2260,3,24,2,Average experience,2025-02-22 16:02:26
5194,8690,1757,17,1,4,Amazing restaurant,2025-05-31 08:41:26
5195,8695,2240,13,276,5,Excellent service,2025-07-22 02:08:00
5196,8696,1691,11,65,4,Highly recommended,2025-09-04 08:01:10
5197,8697,1822,11,230,3,Late delivery,2025-05-28 10:34:28
5198,8701,2106,13,372,4,Excellent service,2026-05-25 11:11:49
5199,8703,508,15,41,4,Highly recommended,2025-10-04 09:33:32
5200,8704,855,13,265,3,Poor packaging,2024-10-25 08:21:26
5201,8706,1810,19,83,3,Average experience,2025-02-06 13:08:58
5202,8707,2012,17,22,4,Highly recommended,2025-06-27 03:46:18
5203,8710,1406,12,359,5,Driver was polite,2026-04-25 11:38:00
5204,8712,2372,2,110,5,Excellent service,2025-09-08 03:58:55
5205,8714,70,15,283,4,Food was delicious,2024-09-29 18:19:32
5206,8716,840,7,118,5,Excellent service,2025-01-11 11:32:59
5207,8717,1808,12,109,5,Highly recommended,2025-12-02 12:26:29
5208,8718,265,5,360,5,Excellent service,2025-09-12 04:49:52
5209,8719,125,20,233,5,Food was delicious,2025-06-14 23:08:08
5210,8720,814,13,361,2,Not worth the price,2026-05-11 12:55:56
5211,8721,1750,17,169,4,Perfect experience,2024-11-23 18:30:59
5212,8722,1505,6,324,5,Perfect experience,2025-08-18 19:38:57
5213,8723,60,1,25,5,Excellent service,2025-05-27 07:32:54
5214,8724,2304,9,318,5,Very fast delivery,2026-05-30 02:32:25
5215,8725,757,10,25,2,Not worth the price,2026-04-14 21:54:45
5216,8726,547,1,339,3,Food quality could be better,2025-02-10 12:15:33
5217,8727,2344,6,138,5,Amazing restaurant,2025-02-01 18:06:17
5218,8728,2724,1,90,5,Amazing restaurant,2024-09-07 09:51:58
5219,8729,2090,15,85,5,Driver was polite,2025-08-17 07:52:10
5220,8730,2707,9,392,3,Cold food,2026-02-26 17:50:19
5221,8731,2148,11,168,3,Poor packaging,2026-05-22 13:24:25
5222,8732,2510,6,324,5,Highly recommended,2025-05-29 16:12:12
5223,8733,889,8,153,4,Excellent service,2026-04-20 16:41:54
5224,8735,632,17,2,3,Driver was rude,2026-05-06 06:36:39
5225,8737,33,15,142,3,Average experience,2025-08-31 01:48:33
5226,8738,971,15,3,5,Fresh food,2024-08-21 10:54:02
5227,8742,1648,1,83,1,Not worth the price,2024-11-01 08:57:31
5228,8744,928,2,242,4,Perfect experience,2025-03-02 08:14:44
5229,8747,1085,9,12,5,Excellent service,2025-04-06 23:24:13
5230,8748,530,18,34,5,Excellent service,2024-11-19 14:51:01
5231,8749,826,17,265,4,Fresh food,2024-11-07 19:58:55
5232,8751,2986,7,358,5,Fresh food,2025-03-06 05:16:24
5233,8753,1658,7,267,5,Excellent service,2025-04-22 18:39:03
5234,8756,1167,1,314,5,Food was delicious,2025-10-17 20:21:38
5235,8757,2955,6,85,3,Not worth the price,2026-03-02 14:36:18
5236,8758,2028,1,335,4,Fresh food,2026-01-19 01:22:25
5237,8759,455,4,105,5,Amazing restaurant,2025-10-23 13:45:44
5238,8763,1304,9,341,4,Highly recommended,2025-04-23 15:12:39
5239,8764,2217,8,243,5,Driver was polite,2025-04-10 07:01:36
5240,8770,283,13,131,3,Late delivery,2024-09-18 14:42:08
5241,8773,2303,11,289,5,Excellent service,2025-09-05 16:53:51
5242,8774,1401,20,269,4,Fresh food,2026-05-25 18:04:55
5243,8775,689,13,172,3,Cold food,2026-06-20 18:31:41
5244,8777,77,5,336,4,Food was delicious,2026-03-07 22:48:40
5245,8783,2452,6,295,5,Highly recommended,2025-08-27 12:46:57
5246,8784,757,18,339,2,Average experience,2024-10-24 09:51:10
5247,8787,1580,16,353,4,Perfect experience,2026-06-27 22:29:20
5248,8788,284,17,287,5,Perfect experience,2024-09-07 14:14:21
5249,8790,516,4,171,4,Amazing restaurant,2025-05-09 13:44:56
5250,8791,2491,10,4,5,Very fast delivery,2025-07-02 19:57:18
5251,8792,2502,3,267,3,Driver was rude,2025-01-22 19:53:49
5252,8793,2622,18,226,4,Driver was polite,2026-01-12 22:26:09
5253,8794,2385,17,185,4,Fresh food,2025-07-28 00:39:58
5254,8795,2763,14,394,3,Not worth the price,2025-11-25 23:41:00
5255,8796,524,16,302,3,Wrong order,2025-01-10 03:24:03
5256,8797,1240,8,360,5,Excellent service,2026-05-28 01:09:09
5257,8798,697,4,336,5,Fresh food,2025-06-27 14:29:35
5258,8799,1352,20,361,4,Very fast delivery,2024-11-05 11:14:46
5259,8800,2537,6,275,4,Fresh food,2026-01-02 14:29:20
5260,8802,2587,19,95,5,Highly recommended,2024-12-30 14:15:16
5261,8803,1183,17,2,5,Fresh food,2025-08-29 00:29:47
5262,8804,1225,18,311,5,Perfect experience,2025-12-18 16:48:25
5263,8805,2264,6,142,4,Fresh food,2024-07-18 20:11:25
5264,8807,1585,12,180,4,Fresh food,2025-10-26 22:06:59
5265,8808,586,12,54,4,Driver was polite,2024-11-17 06:59:11
5266,8809,924,10,135,3,Average experience,2025-02-28 20:12:59
5267,8811,896,9,316,3,Average experience,2025-09-16 01:15:54
5268,8812,2916,15,142,4,Excellent service,2024-11-10 16:05:17
5269,8814,2452,15,322,5,Excellent service,2026-04-11 19:13:57
5270,8815,1124,9,220,5,Excellent service,2025-04-05 16:58:31
5271,8816,1278,4,42,5,Excellent service,2025-06-29 14:48:13
5272,8817,1892,7,129,5,Amazing restaurant,2025-06-06 03:19:40
5273,8818,1820,7,381,5,Food was delicious,2025-02-07 05:10:25
5274,8819,1294,16,13,3,Food quality could be better,2024-08-08 22:28:09
5275,8822,1279,4,83,4,Excellent service,2024-08-11 11:56:31
5276,8824,2411,20,38,2,Poor packaging,2024-07-29 21:59:26
5277,8825,394,1,161,3,Not worth the price,2025-08-21 02:04:47
5278,8826,371,3,290,3,Cold food,2024-09-11 09:59:47
5279,8827,987,5,252,4,Fresh food,2026-04-16 10:42:22
5280,8830,2313,13,38,2,Poor packaging,2024-08-22 19:23:56
5281,8834,1359,4,246,3,Poor packaging,2025-03-15 03:07:29
5282,8835,1210,12,43,4,Driver was polite,2026-05-21 10:21:43
5283,8837,426,15,354,3,Wrong order,2026-06-16 17:51:50
5284,8839,1358,7,7,5,Amazing restaurant,2025-05-09 16:22:59
5285,8840,1013,19,266,5,Fresh food,2025-10-24 18:16:30
5286,8841,117,7,314,3,Late delivery,2026-07-11 05:47:46
5287,8842,1187,20,321,4,Very fast delivery,2025-06-25 12:11:24
5288,8843,1683,8,210,5,Fresh food,2024-10-27 01:53:36
5289,8844,758,7,16,5,Excellent service,2024-08-16 12:34:30
5290,8846,763,16,316,3,Poor packaging,2025-08-16 19:24:02
5291,8850,1273,16,120,4,Excellent service,2025-06-09 17:08:44
5292,8852,1852,13,211,4,Very fast delivery,2024-10-02 21:08:08
5293,8854,593,17,376,4,Food was delicious,2025-10-16 11:36:29
5294,8855,2548,15,165,2,Not worth the price,2025-02-06 15:31:49
5295,8856,1635,12,248,4,Food was delicious,2024-11-05 01:19:04
5296,8857,1721,19,226,3,Driver was rude,2025-08-13 07:13:56
5297,8858,1622,18,105,5,Very fast delivery,2025-08-09 08:27:17
5298,8859,2596,11,113,3,Driver was rude,2024-09-11 02:47:22
5299,8861,2658,5,314,5,Excellent service,2025-10-20 07:58:16
5300,8863,1273,9,318,3,Wrong order,2024-08-17 03:09:15
5301,8865,2675,1,149,5,Fresh food,2025-04-15 21:22:30
5302,8866,1950,11,343,3,Cold food,2025-02-26 05:23:49
5303,8869,491,18,135,3,Driver was rude,2024-08-30 21:00:15
5304,8871,1915,3,161,3,Not worth the price,2026-02-13 18:30:17
5305,8872,734,2,223,3,Cold food,2025-06-25 09:10:42
5306,8874,2165,13,86,2,Wrong order,2025-06-20 04:02:01
5307,8875,2296,2,221,4,Excellent service,2026-06-13 18:15:35
5308,8878,46,8,333,4,Excellent service,2025-02-16 03:07:49
5309,8880,2183,16,111,5,Driver was polite,2026-03-24 16:19:52
5310,8881,546,12,299,5,Food was delicious,2026-03-03 09:01:16
5311,8882,736,3,149,5,Fresh food,2026-01-15 15:04:15
5312,8883,1937,13,307,5,Fresh food,2026-02-14 16:35:38
5313,8884,2206,20,131,2,Driver was rude,2024-11-01 19:06:41
5314,8885,2312,16,191,5,Excellent service,2025-01-26 19:47:25
5315,8887,302,18,326,5,Driver was polite,2026-07-02 03:55:16
5316,8888,2606,2,288,2,Average experience,2025-05-30 10:12:56
5317,8889,335,2,306,2,Driver was rude,2025-04-27 06:06:52
5318,8891,1201,6,368,3,Cold food,2025-02-22 10:49:02
5319,8892,718,2,17,2,Food quality could be better,2025-01-16 00:26:56
5320,8893,1345,2,364,5,Driver was polite,2024-10-21 02:06:30
5321,8894,1249,13,376,4,Fresh food,2024-09-04 04:48:32
5322,8895,2204,13,119,3,Cold food,2025-03-07 00:46:26
5323,8898,2552,6,48,3,Average experience,2024-08-28 20:26:31
5324,8899,1297,12,368,5,Excellent service,2024-09-14 12:58:41
5325,8900,2264,6,299,5,Perfect experience,2024-09-21 23:26:35
5326,8901,1208,12,109,4,Highly recommended,2025-06-26 22:07:56
5327,8903,2035,1,84,5,Highly recommended,2024-11-29 14:05:12
5328,8904,2869,13,233,5,Food was delicious,2024-08-24 16:15:56
5329,8909,207,20,178,4,Amazing restaurant,2026-06-04 08:21:09
5330,8910,2518,2,223,5,Highly recommended,2026-05-21 19:48:16
5331,8913,2982,12,319,3,Poor packaging,2026-03-05 03:22:38
5332,8914,1163,3,400,4,Very fast delivery,2025-10-23 05:51:06
5333,8915,2256,12,260,5,Highly recommended,2026-03-01 00:05:20
5334,8918,1324,12,163,4,Highly recommended,2025-09-10 10:40:14
5335,8919,1344,1,320,4,Excellent service,2025-02-18 19:35:11
5336,8920,2756,18,274,5,Food was delicious,2024-12-07 05:41:25
5337,8922,2120,7,137,5,Amazing restaurant,2024-09-22 11:55:59
5338,8924,2098,4,335,4,Perfect experience,2025-09-14 04:35:36
5339,8925,1785,9,357,5,Amazing restaurant,2025-08-31 01:13:34
5340,8929,2491,7,350,3,Poor packaging,2024-08-20 23:27:04
5341,8931,2724,18,203,5,Food was delicious,2025-08-02 07:53:58
5342,8933,55,13,190,4,Driver was polite,2025-02-01 13:40:35
5343,8934,1341,17,131,3,Late delivery,2024-09-12 13:08:00
5344,8935,449,19,71,5,Amazing restaurant,2026-01-13 11:17:27
5345,8936,2356,13,119,4,Amazing restaurant,2026-01-13 23:33:27
5346,8940,2577,1,267,2,Driver was rude,2024-07-19 21:22:49
5347,8942,1593,12,330,5,Highly recommended,2025-07-05 22:06:30
5348,8944,872,2,296,5,Excellent service,2025-03-13 08:39:17
5349,8945,1047,10,323,4,Perfect experience,2026-03-05 12:03:39
5350,8947,1900,20,86,4,Fresh food,2026-04-23 14:01:45
5351,8949,2700,2,175,3,Cold food,2026-05-22 23:00:12
5352,8951,2574,17,303,4,Driver was polite,2025-11-01 03:23:20
5353,8952,908,15,146,5,Excellent service,2024-12-11 09:27:34
5354,8954,1840,19,289,5,Fresh food,2026-03-21 00:15:45
5355,8955,2630,11,129,5,Highly recommended,2025-01-04 05:41:04
5356,8957,7,1,367,3,Wrong order,2024-10-14 17:32:59
5357,8958,51,18,24,5,Highly recommended,2025-10-04 02:33:08
5358,8959,2877,2,173,5,Very fast delivery,2025-01-28 16:27:35
5359,8960,1525,19,311,5,Fresh food,2025-05-28 03:13:53
5360,8961,176,20,102,5,Very fast delivery,2025-08-21 22:01:15
5361,8962,317,2,175,5,Perfect experience,2025-04-22 00:37:41
5362,8964,2084,18,24,4,Food was delicious,2024-10-24 19:10:17
5363,8965,488,2,296,4,Amazing restaurant,2024-09-24 01:45:52
5364,8966,1117,4,311,5,Very fast delivery,2025-03-20 14:44:57
5365,8967,2660,7,168,5,Perfect experience,2025-01-16 07:15:36
5366,8969,1777,9,196,4,Driver was polite,2024-12-24 12:57:25
5367,8970,154,9,302,5,Perfect experience,2025-04-07 07:05:00
5368,8971,2011,2,110,4,Fresh food,2024-10-19 08:38:34
5369,8974,1306,8,96,4,Amazing restaurant,2024-08-03 23:16:49
5370,8975,1114,2,255,3,Late delivery,2026-03-28 04:40:12
5371,8976,439,4,311,5,Perfect experience,2026-05-26 21:00:26
5372,8977,1628,17,151,5,Fresh food,2024-10-18 15:16:33
5373,8978,981,13,185,4,Food was delicious,2026-02-13 00:58:41
5374,8979,509,8,323,5,Excellent service,2025-06-16 15:23:17
5375,8980,1805,8,126,4,Driver was polite,2025-08-17 05:47:12
5376,8981,2041,9,380,4,Highly recommended,2026-05-25 11:14:25
5377,8983,2653,6,54,5,Fresh food,2024-10-16 05:12:53
5378,8985,371,7,367,5,Amazing restaurant,2025-09-09 20:50:48
5379,8987,13,7,326,5,Excellent service,2025-08-31 22:27:33
5380,8991,2344,15,368,5,Driver was polite,2025-01-21 11:10:30
5381,8994,126,19,25,4,Driver was polite,2025-12-23 00:37:17
5382,8995,1662,8,320,5,Fresh food,2025-09-02 17:52:35
5383,8996,2402,2,94,5,Fresh food,2026-02-14 14:09:32
5384,8997,1654,17,218,5,Food was delicious,2026-01-02 23:31:29
5385,8998,1635,6,359,1,Poor packaging,2026-01-06 17:07:28
5386,9004,1759,17,2,4,Driver was polite,2026-01-08 18:30:16
5387,9005,997,9,120,5,Food was delicious,2025-03-31 15:34:35
5388,9007,1587,7,252,5,Fresh food,2025-10-25 22:10:13
5389,9008,2267,16,234,4,Food was delicious,2024-07-23 11:16:28
5390,9009,1997,6,69,5,Driver was polite,2025-01-03 01:40:03
5391,9012,1243,3,147,3,Food quality could be better,2026-06-11 22:52:16
5392,9015,2326,1,80,4,Driver was polite,2025-12-05 14:56:36
5393,9017,612,19,326,4,Very fast delivery,2026-06-06 15:16:06
5394,9019,2055,8,360,1,Late delivery,2026-03-12 02:40:23
5395,9020,2236,7,95,5,Amazing restaurant,2024-09-12 11:17:28
5396,9021,1567,8,346,5,Very fast delivery,2025-03-30 00:41:52
5397,9022,1907,19,290,1,Driver was rude,2024-10-27 09:29:31
5398,9024,2670,14,122,4,Food was delicious,2024-07-24 07:50:07
5399,9025,1043,15,231,5,Highly recommended,2025-09-26 14:40:48
5400,9026,2505,4,204,3,Not worth the price,2026-06-09 01:01:09
5401,9029,2023,9,72,5,Very fast delivery,2025-07-01 05:47:53
5402,9033,2819,8,286,5,Excellent service,2024-08-11 04:55:34
5403,9034,1993,16,220,1,Not worth the price,2025-11-08 05:36:11
5404,9037,2088,10,105,2,Average experience,2025-09-06 10:47:29
5405,9038,1731,7,250,3,Average experience,2024-09-21 12:05:44
5406,9039,1469,8,374,5,Driver was polite,2024-08-24 10:21:45
5407,9041,208,16,194,3,Average experience,2024-09-26 14:32:15
5408,9045,483,2,175,5,Amazing restaurant,2024-12-09 01:47:58
5409,9047,1776,16,380,2,Late delivery,2026-04-15 17:03:58
5410,9050,792,18,289,3,Late delivery,2025-07-27 17:51:51
5411,9051,1393,15,229,4,Excellent service,2024-12-16 06:23:37
5412,9052,741,19,160,5,Driver was polite,2024-12-25 06:28:32
5413,9056,2038,15,337,3,Wrong order,2026-01-26 05:35:52
5414,9057,740,5,4,3,Late delivery,2026-01-25 17:50:55
5415,9060,534,2,92,5,Excellent service,2025-03-13 14:34:09
5416,9061,263,11,39,5,Driver was polite,2026-01-31 21:51:43
5417,9063,2067,4,65,4,Fresh food,2025-12-30 19:36:14
5418,9064,1383,13,182,3,Driver was rude,2024-09-26 06:42:04
5419,9065,2829,13,121,4,Perfect experience,2024-08-21 00:10:04
5420,9066,536,12,188,4,Driver was polite,2026-02-28 08:03:03
5421,9067,895,11,21,3,Cold food,2025-04-17 17:37:15
5422,9068,2829,17,207,5,Very fast delivery,2026-01-27 05:11:56
5423,9069,1905,16,220,4,Fresh food,2025-01-20 08:52:41
5424,9071,560,10,164,3,Average experience,2024-10-31 05:24:16
5425,9073,1383,13,86,2,Cold food,2025-06-23 21:35:32
5426,9077,1444,20,172,5,Driver was polite,2026-03-21 22:29:07
5427,9078,135,7,7,2,Food quality could be better,2024-07-22 07:00:55
5428,9080,1132,17,10,4,Amazing restaurant,2025-04-24 05:17:38
5429,9082,805,6,319,5,Very fast delivery,2025-01-11 17:07:12
5430,9084,2446,8,42,5,Driver was polite,2025-03-08 13:46:17
5431,9085,1794,12,138,5,Driver was polite,2025-09-06 17:49:21
5432,9086,2393,18,168,5,Food was delicious,2026-04-24 00:40:46
5433,9087,2555,6,330,4,Driver was polite,2026-03-27 04:08:19
5434,9089,376,20,77,4,Amazing restaurant,2026-05-25 13:44:32
5435,9090,457,3,16,5,Amazing restaurant,2025-10-10 21:41:42
5436,9093,138,10,179,1,Driver was rude,2025-08-04 13:56:44
5437,9096,1872,17,211,4,Excellent service,2026-01-16 21:50:21
5438,9099,884,4,365,3,Average experience,2025-05-04 22:46:01
5439,9100,1981,18,289,5,Fresh food,2024-11-27 21:32:38
5440,9101,2421,20,259,5,Excellent service,2025-10-13 12:13:39
5441,9104,1579,19,369,5,Excellent service,2025-10-17 23:57:35
5442,9105,2550,7,145,2,Wrong order,2025-08-12 01:47:51
5443,9106,2302,17,345,4,Highly recommended,2025-05-24 15:34:16
5444,9107,2173,9,357,4,Very fast delivery,2024-07-16 08:27:44
5445,9108,1119,5,365,3,Not worth the price,2025-01-24 02:48:39
5446,9109,776,20,303,3,Food quality could be better,2025-03-04 00:09:36
5447,9110,1467,4,160,5,Amazing restaurant,2026-04-24 21:58:39
5448,9112,2779,17,321,5,Driver was polite,2024-09-21 02:18:35
5449,9113,815,7,340,5,Driver was polite,2026-07-12 15:52:17
5450,9115,2464,3,130,3,Late delivery,2025-11-13 17:46:42
5451,9118,2201,4,381,5,Very fast delivery,2025-11-08 02:54:46
5452,9119,1021,12,383,5,Excellent service,2025-10-25 22:50:46
5453,9121,2101,17,211,5,Fresh food,2025-09-06 02:45:20
5454,9122,1456,19,246,5,Very fast delivery,2024-09-13 06:55:22
5455,9123,1782,3,147,3,Cold food,2025-07-16 07:44:16
5456,9124,1569,16,234,5,Perfect experience,2024-12-15 08:56:08
5457,9125,846,9,392,5,Highly recommended,2025-09-29 20:49:30
5458,9128,2915,6,188,5,Fresh food,2025-08-18 03:35:03
5459,9130,962,17,390,3,Food quality could be better,2026-06-29 11:19:32
5460,9133,1393,12,354,5,Perfect experience,2024-12-27 20:00:59
5461,9134,665,15,3,5,Food was delicious,2025-11-05 17:16:36
5462,9135,2485,17,50,4,Very fast delivery,2026-03-16 07:16:06
5463,9137,2515,18,8,5,Very fast delivery,2025-01-29 21:50:55
5464,9138,1077,1,28,5,Fresh food,2026-01-15 06:23:30
5465,9140,467,4,200,4,Highly recommended,2025-01-11 08:57:49
5466,9141,1584,2,61,3,Late delivery,2025-10-15 13:03:47
5467,9145,1946,5,262,5,Highly recommended,2025-03-25 07:20:01
5468,9147,630,13,116,3,Food quality could be better,2026-04-12 11:25:55
5469,9148,435,20,178,5,Food was delicious,2025-06-04 05:12:15
5470,9153,870,12,180,3,Food quality could be better,2026-05-19 00:31:29
5471,9154,1091,5,166,2,Poor packaging,2025-09-28 07:24:15
5472,9155,255,17,239,5,Perfect experience,2026-03-28 23:24:04
5473,9157,2626,20,124,4,Driver was polite,2024-09-10 06:00:17
5474,9161,856,2,94,5,Highly recommended,2024-11-11 06:36:11
5475,9163,1674,13,327,5,Food was delicious,2024-12-17 16:20:14
5476,9165,1439,1,243,5,Perfect experience,2026-05-14 14:32:38
5477,9166,299,17,11,5,Perfect experience,2025-08-19 11:36:49
5478,9168,43,6,138,4,Food was delicious,2026-02-16 19:14:59
5479,9169,1820,8,209,4,Perfect experience,2024-11-15 17:54:55
5480,9170,833,4,83,5,Perfect experience,2026-02-21 06:06:20
5481,9171,102,13,116,5,Fresh food,2025-01-15 03:15:36
5482,9174,1656,2,306,4,Excellent service,2026-05-14 18:57:07
5483,9175,176,20,321,3,Not worth the price,2025-12-23 10:18:36
5484,9176,727,4,158,5,Very fast delivery,2024-12-22 18:21:52
5485,9178,2951,20,131,5,Very fast delivery,2026-05-06 18:24:35
5486,9179,2147,7,388,5,Excellent service,2025-05-31 19:55:10
5487,9180,2211,1,286,2,Average experience,2026-04-03 08:26:43
5488,9182,1591,19,65,4,Driver was polite,2025-06-02 17:44:36
5489,9183,2514,7,252,5,Food was delicious,2025-10-07 01:27:50
5490,9184,267,12,260,5,Excellent service,2025-04-26 05:21:06
5491,9185,2690,20,133,4,Fresh food,2025-12-13 05:53:12
5492,9189,1513,13,235,4,Excellent service,2026-02-22 16:35:11
5493,9190,588,13,119,5,Fresh food,2025-01-25 08:32:08
5494,9191,422,14,382,5,Highly recommended,2025-05-20 18:51:42
5495,9192,2820,19,123,3,Late delivery,2024-09-02 07:27:55
5496,9195,31,5,250,5,Driver was polite,2024-09-26 17:43:59
5497,9196,2956,19,333,4,Driver was polite,2025-01-28 22:43:26
5498,9199,635,9,316,5,Amazing restaurant,2025-10-02 12:28:33
5499,9201,2874,12,383,4,Food was delicious,2024-08-09 04:16:25
5500,9202,276,7,253,5,Excellent service,2026-04-03 22:33:18
5501,9203,2941,1,25,5,Driver was polite,2026-03-11 07:38:22
5502,9205,484,3,334,5,Fresh food,2025-11-21 05:19:05
5503,9206,1043,12,244,2,Average experience,2025-09-16 22:57:21
5504,9207,1338,18,329,2,Poor packaging,2025-01-04 21:37:12
5505,9208,579,20,284,5,Very fast delivery,2025-11-15 01:14:48
5506,9209,2658,10,386,3,Not worth the price,2026-01-02 06:47:38
5507,9210,2013,12,337,4,Food was delicious,2025-11-27 16:16:25
5508,9212,1000,3,367,4,Driver was polite,2026-01-23 02:16:37
5509,9213,279,18,99,3,Poor packaging,2026-05-29 04:54:45
5510,9214,941,19,90,3,Not worth the price,2026-03-21 01:16:47
5511,9215,512,13,97,4,Perfect experience,2025-05-19 17:01:22
5512,9217,1087,10,168,5,Very fast delivery,2026-03-21 22:01:11
5513,9218,1880,2,294,4,Fresh food,2026-01-06 10:16:55
5514,9219,2427,6,231,3,Not worth the price,2025-03-29 20:57:01
5515,9223,2462,7,90,5,Food was delicious,2025-03-16 19:49:39
5516,9225,904,20,133,5,Very fast delivery,2025-03-12 09:50:32
5517,9226,347,4,65,5,Driver was polite,2025-06-06 06:25:53
5518,9228,1200,2,306,5,Very fast delivery,2024-07-20 14:56:34
5519,9231,1381,2,128,2,Cold food,2025-12-22 17:17:40
5520,9233,1082,18,203,5,Very fast delivery,2025-02-21 22:21:50
5521,9235,1669,3,16,5,Excellent service,2025-12-18 09:07:22
5522,9241,522,3,99,1,Late delivery,2026-04-07 06:41:04
5523,9242,75,2,294,2,Driver was rude,2025-05-28 00:20:21
5524,9244,550,11,360,3,Late delivery,2024-10-31 00:06:35
5525,9246,2136,12,146,5,Perfect experience,2026-04-01 19:40:32
5526,9247,1240,7,103,3,Wrong order,2026-05-25 18:19:55
5527,9248,2093,13,174,3,Cold food,2024-11-23 14:25:00
5528,9249,1972,2,223,4,Amazing restaurant,2024-09-02 13:54:35
5529,9250,1304,9,194,5,Fresh food,2025-10-02 23:07:23
5530,9253,231,13,97,5,Food was delicious,2025-06-27 02:22:51
5531,9254,670,20,218,4,Driver was polite,2025-04-26 00:25:18
5532,9256,619,15,109,4,Food was delicious,2026-03-13 06:22:05
5533,9257,2620,15,48,4,Perfect experience,2026-07-03 08:43:42
5534,9259,1898,2,195,5,Fresh food,2025-09-28 15:49:18
5535,9262,1752,12,368,5,Amazing restaurant,2024-08-19 09:43:11
5536,9264,2934,15,317,5,Fresh food,2025-05-10 12:53:02
5537,9266,1704,10,160,1,Average experience,2025-09-05 03:58:53
5538,9268,73,2,53,4,Perfect experience,2025-08-04 05:25:40
5539,9269,213,18,262,5,Perfect experience,2026-01-31 12:27:28
5540,9270,2930,19,262,4,Perfect experience,2026-06-19 23:26:32
5541,9273,927,14,394,2,Late delivery,2024-11-06 00:30:14
5542,9275,78,8,252,5,Food was delicious,2024-11-21 21:58:35
5543,9276,2912,4,266,4,Excellent service,2024-12-14 22:03:25
5544,9277,1057,11,8,4,Highly recommended,2024-07-31 19:48:52
5545,9280,2818,13,106,5,Amazing restaurant,2024-09-16 23:47:06
5546,9281,2165,13,321,3,Wrong order,2025-05-27 11:30:24
5547,9284,1054,17,115,5,Fresh food,2025-01-23 13:05:26
5548,9285,1592,10,274,3,Poor packaging,2024-10-15 23:49:55
5549,9288,2818,20,50,5,Amazing restaurant,2025-04-17 03:32:55
5550,9289,2995,12,368,5,Very fast delivery,2025-07-24 23:52:59
5551,9290,2848,1,340,4,Excellent service,2025-09-18 22:11:44
5552,9294,1804,1,210,5,Perfect experience,2026-07-07 08:03:41
5553,9295,2249,17,115,3,Not worth the price,2026-03-24 21:03:29
5554,9296,388,3,80,2,Poor packaging,2025-03-16 04:01:45
5555,9297,2771,10,381,5,Amazing restaurant,2026-04-12 13:45:40
5556,9298,2195,15,59,4,Driver was polite,2026-02-04 03:29:26
5557,9299,2556,13,102,5,Very fast delivery,2024-10-04 13:29:59
5558,9301,488,2,195,4,Food was delicious,2024-10-25 09:01:21
5559,9302,2124,19,210,3,Cold food,2026-03-02 15:26:59
5560,9304,2688,7,326,3,Wrong order,2026-01-31 10:51:57
5561,9305,137,7,333,5,Driver was polite,2025-04-21 20:13:32
5562,9306,721,6,180,2,Late delivery,2025-01-06 21:50:56
5563,9308,2321,15,146,1,Late delivery,2026-03-19 05:55:46
5564,9309,1588,17,256,3,Late delivery,2024-11-30 08:33:32
5565,9310,2135,18,346,5,Excellent service,2025-04-06 02:43:37
5566,9311,2038,15,248,3,Wrong order,2024-11-22 21:30:58
5567,9315,240,9,194,4,Fresh food,2026-05-29 08:42:25
5568,9317,2294,9,353,4,Amazing restaurant,2026-05-13 07:32:45
5569,9318,915,7,272,5,Highly recommended,2026-03-07 06:36:41
5570,9319,2041,9,196,5,Fresh food,2025-10-24 12:20:02
5571,9323,845,13,265,3,Food quality could be better,2026-07-09 03:15:27
5572,9327,2946,8,381,4,Fresh food,2026-04-15 19:19:00
5573,9333,1294,16,302,3,Not worth the price,2026-05-10 16:40:23
5574,9338,387,7,136,5,Excellent service,2026-04-17 06:17:01
5575,9340,232,1,314,4,Driver was polite,2025-12-05 17:15:43
5576,9342,664,16,194,4,Food was delicious,2026-06-29 17:44:25
5577,9344,1515,15,18,5,Perfect experience,2024-09-30 09:41:53
5578,9345,2985,13,10,4,Perfect experience,2025-01-17 22:09:05
5579,9346,2897,12,375,5,Perfect experience,2024-12-24 04:37:24
5580,9347,2837,4,203,5,Driver was polite,2025-11-09 06:32:51
5581,9349,720,14,382,5,Very fast delivery,2024-11-30 10:29:11
5582,9350,828,13,245,5,Very fast delivery,2025-01-31 08:33:25
5583,9351,2826,5,7,5,Food was delicious,2025-12-03 16:26:42
5584,9352,1014,6,146,4,Food was delicious,2025-05-31 15:47:33
5585,9354,153,18,347,4,Fresh food,2025-08-15 08:52:38
5586,9355,1510,12,319,5,Driver was polite,2025-09-19 09:09:01
5587,9356,1881,12,188,3,Driver was rude,2025-05-05 05:30:18
5588,9357,999,17,47,5,Driver was polite,2026-03-18 06:04:19
5589,9358,1076,12,69,5,Very fast delivery,2026-05-10 08:10:54
5590,9359,1797,19,266,5,Amazing restaurant,2025-05-18 06:43:37
5591,9360,269,17,93,5,Highly recommended,2026-02-05 20:25:41
5592,9361,2621,4,168,4,Amazing restaurant,2026-04-09 23:15:09
5593,9363,1896,10,4,5,Perfect experience,2025-03-19 00:19:40
5594,9364,95,2,306,4,Fresh food,2025-07-08 14:58:44
5595,9365,52,13,313,4,Perfect experience,2026-07-11 08:44:23
5596,9370,161,6,283,4,Excellent service,2024-08-28 19:15:32
5597,9371,2344,12,112,5,Amazing restaurant,2025-03-10 21:52:04
5598,9372,493,4,388,5,Highly recommended,2024-09-12 12:03:08
5599,9374,437,18,391,5,Excellent service,2026-01-18 06:37:18
5600,9375,191,20,361,4,Very fast delivery,2025-09-24 20:54:36
5601,9377,1209,18,42,4,Amazing restaurant,2025-04-17 22:25:14
5602,9378,1310,6,87,5,Perfect experience,2025-05-11 00:38:00
5603,9379,2041,16,234,3,Late delivery,2025-01-17 01:56:40
5604,9381,1528,3,134,5,Highly recommended,2024-08-13 13:01:32
5605,9382,1825,18,105,4,Very fast delivery,2026-03-01 09:45:46
5606,9383,1484,2,17,5,Amazing restaurant,2025-02-15 06:19:15
5607,9385,1729,15,283,4,Fresh food,2025-03-23 13:42:07
5608,9390,1891,20,185,2,Wrong order,2024-09-07 03:12:00
5609,9391,1910,14,394,3,Driver was rude,2026-05-13 13:33:45
5610,9393,1110,4,325,5,Amazing restaurant,2025-08-17 09:24:10
5611,9395,2492,13,30,5,Very fast delivery,2026-05-28 18:23:18
5612,9398,2034,17,184,4,Fresh food,2025-11-29 04:48:55
5613,9399,929,6,159,5,Driver was polite,2025-08-03 15:20:54
5614,9400,2573,13,178,5,Very fast delivery,2025-03-02 21:35:00
5615,9401,428,16,302,4,Amazing restaurant,2026-03-02 14:36:46
5616,9402,1068,15,328,5,Excellent service,2025-12-11 13:40:28
5617,9405,1202,14,394,5,Food was delicious,2026-01-31 21:29:48
5618,9406,694,18,340,5,Highly recommended,2024-11-29 05:45:34
5619,9407,374,19,179,5,Fresh food,2026-03-31 10:21:26
5620,9408,173,14,122,5,Highly recommended,2025-03-04 07:41:18
5621,9409,1461,20,345,5,Food was delicious,2025-08-03 04:19:14
5622,9412,1497,13,345,4,Driver was polite,2024-09-19 20:53:24
5623,9416,801,20,207,4,Very fast delivery,2025-08-08 04:29:17
5624,9417,719,20,132,3,Poor packaging,2026-04-05 21:40:13
5625,9420,493,1,311,2,Cold food,2024-09-23 09:34:02
5626,9421,159,11,149,4,Very fast delivery,2025-05-28 17:59:58
5627,9422,1176,2,221,4,Excellent service,2024-08-06 09:25:37
5628,9423,1037,15,48,4,Perfect experience,2026-02-04 13:15:52
5629,9426,1313,7,339,5,Excellent service,2025-11-06 05:49:26
5630,9431,1364,17,355,5,Very fast delivery,2026-03-10 17:59:20
5631,9436,396,1,25,5,Amazing restaurant,2025-04-27 23:00:03
5632,9437,2881,1,145,5,Amazing restaurant,2025-11-23 14:09:45
5633,9438,1387,4,333,2,Wrong order,2024-09-23 06:31:31
5634,9439,748,19,74,5,Amazing restaurant,2025-03-30 11:06:49
5635,9440,1129,20,97,5,Amazing restaurant,2025-03-08 04:19:41
5636,9441,2203,20,97,3,Wrong order,2025-01-22 21:26:01
5637,9443,216,1,71,5,Very fast delivery,2025-09-18 01:24:40
5638,9448,2206,20,390,3,Late delivery,2024-08-24 08:07:42
5639,9450,2320,6,244,4,Food was delicious,2026-01-23 06:35:16
5640,9451,2091,4,96,5,Driver was polite,2025-10-05 12:08:09
5641,9452,2926,4,152,5,Fresh food,2025-06-24 22:34:45
5642,9453,427,14,382,4,Food was delicious,2025-04-09 17:32:55
5643,9454,2332,10,79,4,Excellent service,2025-08-12 03:13:22
5644,9455,2737,7,335,5,Very fast delivery,2026-02-04 04:48:41
5645,9457,2035,7,183,5,Excellent service,2025-06-10 06:22:22
5646,9459,988,6,328,5,Fresh food,2025-11-18 00:35:34
5647,9460,517,12,43,5,Perfect experience,2025-08-11 07:45:15
5648,9462,2798,18,346,5,Very fast delivery,2026-05-17 23:48:48
5649,9463,758,10,281,4,Driver was polite,2025-05-15 09:14:58
5650,9464,2356,17,102,5,Fresh food,2025-10-06 13:02:54
5651,9465,674,20,372,5,Fresh food,2026-06-06 02:02:09
5652,9466,2732,15,299,5,Excellent service,2024-08-03 03:53:39
5653,9468,1720,3,137,1,Wrong order,2026-04-05 09:37:13
5654,9469,468,2,17,3,Late delivery,2024-12-10 18:43:36
5655,9470,48,12,112,3,Cold food,2025-08-20 15:15:14
5656,9472,1555,17,213,5,Very fast delivery,2025-11-18 05:15:56
5657,9476,677,8,129,4,Highly recommended,2024-11-04 07:27:18
5658,9479,2116,10,99,5,Very fast delivery,2025-02-13 10:31:20
5659,9481,786,17,361,5,Perfect experience,2026-02-20 00:15:11
5660,9483,1536,15,146,5,Excellent service,2025-05-03 22:39:57
5661,9484,796,2,224,4,Highly recommended,2026-06-04 11:20:09
5662,9485,2334,11,90,5,Driver was polite,2025-10-17 04:39:29
5663,9486,1181,4,105,5,Driver was polite,2025-04-12 14:39:02
5664,9488,904,20,213,5,Perfect experience,2024-10-29 07:52:29
5665,9489,645,16,220,5,Fresh food,2024-10-09 09:29:38
5666,9491,1172,16,318,3,Driver was rude,2026-01-24 07:25:41
5667,9492,1237,8,126,2,Cold food,2025-11-11 06:54:50
5668,9495,673,1,80,3,Poor packaging,2024-09-09 22:35:20
5669,9496,1805,4,311,3,Not worth the price,2025-03-18 13:45:07
5670,9498,1393,15,18,5,Excellent service,2026-04-01 16:02:33
5671,9500,1425,7,24,5,Fresh food,2026-02-08 20:04:34
5672,9501,856,2,296,3,Poor packaging,2025-07-13 02:08:03
5673,9503,1492,13,22,5,Fresh food,2025-07-22 10:37:24
5674,9504,2649,13,1,3,Food quality could be better,2025-12-26 14:27:40
5675,9505,1041,12,260,5,Food was delicious,2026-02-23 23:39:02
5676,9507,2727,13,38,5,Excellent service,2025-11-16 18:41:45
5677,9508,305,3,137,5,Perfect experience,2025-11-14 10:09:28
5678,9510,1337,1,137,4,Driver was polite,2025-04-14 18:23:18
5679,9512,2628,11,365,5,Fresh food,2025-11-04 09:44:59
5680,9514,939,13,397,5,Very fast delivery,2024-08-15 05:06:35
5681,9515,1969,17,284,4,Perfect experience,2026-01-03 11:46:36
5682,9516,2750,13,127,5,Excellent service,2024-11-30 11:38:32
5683,9519,2261,10,340,5,Amazing restaurant,2026-05-05 17:13:26
5684,9520,2413,1,251,5,Amazing restaurant,2025-06-23 19:32:19
5685,9522,870,6,375,2,Poor packaging,2025-03-30 06:37:42
5686,9524,2702,7,400,5,Fresh food,2026-03-31 04:43:05
5687,9525,852,13,157,4,Perfect experience,2025-04-11 10:22:04
5688,9526,2301,18,388,5,Perfect experience,2025-05-04 07:40:53
5689,9527,2860,10,183,5,Amazing restaurant,2025-10-30 22:56:35
5690,9528,2141,20,351,5,Perfect experience,2025-12-06 18:36:16
5691,9530,1591,19,290,3,Not worth the price,2024-10-04 21:00:43
5692,9534,974,13,321,3,Late delivery,2026-02-10 21:52:59
5693,9537,2217,4,381,4,Excellent service,2025-05-10 13:07:10
5694,9539,1374,2,175,5,Excellent service,2024-12-18 18:54:58
5695,9542,8,6,275,5,Fresh food,2025-09-06 10:12:41
5696,9544,1453,4,29,2,Poor packaging,2025-10-22 06:56:08
5697,9545,1412,2,228,5,Excellent service,2025-12-16 01:28:44
5698,9552,1518,1,25,2,Late delivery,2025-11-21 03:27:29
5699,9553,210,20,190,5,Highly recommended,2025-09-21 09:57:29
5700,9554,1948,2,294,4,Perfect experience,2025-05-04 05:01:26
5701,9555,45,18,101,4,Fresh food,2026-06-16 17:35:54
5702,9556,172,9,392,4,Food was delicious,2025-03-29 02:31:17
5703,9557,2477,5,336,4,Amazing restaurant,2025-07-28 04:48:14
5704,9559,84,1,21,5,Very fast delivery,2025-07-02 16:28:05
5705,9560,1791,5,123,4,Food was delicious,2024-08-18 13:54:15
5706,9562,1780,12,244,5,Amazing restaurant,2025-12-17 11:32:37
5707,9563,2410,5,8,2,Cold food,2026-03-25 07:12:12
5708,9564,817,17,38,2,Late delivery,2024-11-08 04:41:00
5709,9569,872,2,288,5,Excellent service,2026-05-18 09:27:33
5710,9570,777,13,47,5,Food was delicious,2025-05-05 02:27:39
5711,9571,2826,1,230,5,Excellent service,2026-04-13 08:03:32
5712,9572,2275,7,166,4,Very fast delivery,2025-05-14 06:01:51
5713,9574,2370,20,190,4,Perfect experience,2024-10-08 13:15:39
5714,9575,1442,19,123,5,Driver was polite,2026-03-10 13:09:39
5715,9576,1650,7,253,2,Wrong order,2026-05-17 13:43:31
5716,9577,1563,2,364,5,Fresh food,2025-09-15 11:04:00
5717,9578,2946,4,51,5,Highly recommended,2025-01-16 05:11:57
5718,9579,2257,15,43,1,Food quality could be better,2024-07-20 02:32:24
5719,9580,2553,20,102,3,Food quality could be better,2024-08-31 18:09:51
5720,9581,2644,13,169,4,Perfect experience,2026-05-03 05:50:38
5721,9582,2379,2,223,4,Excellent service,2025-07-27 15:21:45
5722,9583,149,19,145,5,Perfect experience,2026-05-14 09:39:20
5723,9584,2847,12,304,5,Amazing restaurant,2025-09-21 16:41:24
5724,9585,2044,17,35,2,Wrong order,2025-10-07 16:07:51
5725,9589,1712,10,226,3,Not worth the price,2025-10-19 02:15:16
5726,9590,1192,11,261,3,Poor packaging,2026-01-19 00:49:40
5727,9591,957,17,355,4,Fresh food,2026-04-12 13:19:33
5728,9592,1610,5,369,4,Highly recommended,2024-10-10 05:00:14
5729,9593,227,11,336,5,Food was delicious,2024-12-18 17:37:11
5730,9594,409,13,106,5,Driver was polite,2025-02-21 05:33:31
5731,9595,516,8,7,4,Driver was polite,2025-02-25 19:16:42
5732,9596,2355,10,84,4,Fresh food,2025-09-09 11:20:59
5733,9597,1662,10,350,5,Highly recommended,2024-11-23 17:41:27
5734,9598,416,4,80,2,Wrong order,2026-04-06 00:14:16
5735,9599,2587,18,219,5,Fresh food,2025-08-18 22:36:53
5736,9600,305,4,200,5,Excellent service,2024-10-19 16:57:04
5737,9602,1917,14,382,5,Food was delicious,2025-08-13 19:38:15
5738,9604,1408,19,135,5,Fresh food,2024-07-25 21:56:06
5739,9606,572,20,182,5,Highly recommended,2024-11-06 15:35:31
5740,9607,1064,5,338,1,Food quality could be better,2025-07-28 08:13:09
5741,9608,460,16,107,5,Driver was polite,2026-04-22 14:08:52
5742,9609,1988,3,243,5,Driver was polite,2025-09-16 07:48:38
5743,9610,1376,1,183,4,Amazing restaurant,2024-11-21 08:36:30
5744,9612,794,20,211,5,Very fast delivery,2024-12-07 22:24:46
5745,9613,673,10,23,4,Amazing restaurant,2026-02-02 22:07:07
5746,9614,1728,18,46,4,Excellent service,2026-06-28 16:46:00
5747,9617,2637,5,51,3,Wrong order,2025-10-03 22:13:15
5748,9618,2645,15,19,5,Food was delicious,2025-06-02 17:58:20
5749,9619,2942,13,287,5,Very fast delivery,2025-07-11 06:19:06
5750,9621,1078,5,36,2,Average experience,2024-11-18 22:18:01
5751,9623,1010,6,263,5,Driver was polite,2025-01-09 05:58:48
5752,9624,2752,17,121,5,Highly recommended,2026-02-04 23:00:37
5753,9628,655,5,29,2,Poor packaging,2024-08-05 20:34:24
5754,9632,1407,2,98,5,Excellent service,2026-02-11 19:50:23
5755,9633,2722,11,271,4,Food was delicious,2025-03-03 10:55:32
5756,9635,527,2,242,3,Late delivery,2024-10-06 00:43:21
5757,9637,1268,20,86,1,Cold food,2026-07-13 01:59:49
5758,9639,2737,7,243,5,Food was delicious,2025-10-17 17:22:53
5759,9641,604,1,290,3,Cold food,2025-05-25 03:19:43
5760,9642,755,6,19,4,Food was delicious,2026-05-11 19:56:23
5761,9643,1446,9,392,2,Late delivery,2026-05-30 16:47:23
5762,9645,1976,1,204,5,Amazing restaurant,2026-03-31 05:23:45
5763,9646,578,2,255,1,Not worth the price,2026-02-04 13:21:03
5764,9647,989,4,161,2,Wrong order,2025-09-24 08:39:25
5765,9649,2861,17,376,4,Highly recommended,2025-10-14 21:09:37
5766,9650,2599,12,69,4,Amazing restaurant,2024-08-23 01:24:16
5767,9654,2301,8,271,3,Driver was rude,2025-09-02 19:51:15
5768,9655,2600,2,255,4,Perfect experience,2024-10-12 15:10:17
5769,9657,1394,8,158,3,Wrong order,2025-03-22 03:43:55
5770,9658,1767,20,125,1,Cold food,2026-02-01 05:11:24
5771,9660,488,2,92,4,Perfect experience,2026-01-28 07:24:34
5772,9664,561,7,150,5,Amazing restaurant,2024-11-01 23:40:11
5773,9666,1589,20,276,3,Food quality could be better,2025-07-09 10:48:16
5774,9667,2946,11,158,5,Fresh food,2025-09-22 21:09:51
5775,9668,2422,12,295,4,Highly recommended,2026-04-12 15:26:44
5776,9671,2464,7,34,2,Not worth the price,2025-03-23 14:05:00
5777,9673,2194,15,59,5,Highly recommended,2026-06-29 09:57:29
5778,9674,512,17,309,5,Food was delicious,2025-12-11 20:47:18
5779,9675,1697,5,101,5,Perfect experience,2026-03-29 04:24:48
5780,9676,527,2,255,5,Highly recommended,2024-07-22 07:53:49
5781,9677,1899,2,66,3,Poor packaging,2025-10-08 04:06:52
5782,9679,896,9,316,4,Perfect experience,2024-10-01 21:09:39
5783,9680,1616,12,85,5,Perfect experience,2026-06-18 16:39:26
5784,9683,1362,8,365,5,Fresh food,2025-06-24 01:54:24
5785,9686,1060,17,121,5,Excellent service,2024-07-21 13:19:08
5786,9687,394,10,23,4,Highly recommended,2025-03-02 18:54:28
5787,9688,436,19,161,5,Fresh food,2025-04-17 17:26:18
5788,9689,2092,8,350,4,Food was delicious,2025-12-13 18:02:57
5789,9693,593,13,114,5,Very fast delivery,2025-01-21 04:54:32
5790,9695,2250,3,145,2,Not worth the price,2024-09-16 18:33:55
5791,9696,2157,12,324,3,Food quality could be better,2025-05-14 09:13:00
5792,9698,65,1,147,5,Excellent service,2025-05-31 21:07:49
5793,9703,2572,7,71,5,Amazing restaurant,2024-08-10 05:21:59
5794,9704,1562,13,97,3,Poor packaging,2024-09-27 11:55:10
5795,9705,2607,17,22,4,Perfect experience,2026-03-19 08:54:20
5796,9706,602,15,299,4,Amazing restaurant,2025-11-28 18:39:49
5797,9707,213,8,160,4,Perfect experience,2024-12-10 19:48:45
5798,9708,575,15,232,5,Highly recommended,2024-10-13 16:03:23
5799,9709,521,12,54,2,Wrong order,2026-04-17 07:53:33
5800,9711,2997,19,272,5,Amazing restaurant,2024-10-17 17:19:05
5801,9713,1615,4,338,3,Wrong order,2025-10-09 16:19:48
5802,9714,1485,8,271,2,Driver was rude,2025-08-17 18:25:53
5803,9715,904,13,11,5,Amazing restaurant,2025-09-13 06:41:28
5804,9716,1690,12,54,4,Driver was polite,2025-09-01 17:40:07
5805,9720,1651,12,19,3,Wrong order,2025-03-29 01:50:01
5806,9721,985,14,122,3,Average experience,2026-02-22 13:04:38
5807,9722,2479,10,367,3,Not worth the price,2025-01-27 13:31:40
5808,9723,2693,13,114,3,Cold food,2024-11-22 06:07:26
5809,9724,1220,20,256,3,Driver was rude,2024-11-30 12:28:01
5810,9725,447,17,49,4,Food was delicious,2026-02-15 18:49:03
5811,9726,1665,12,231,4,Excellent service,2024-12-01 06:22:31
5812,9730,1296,12,19,1,Wrong order,2025-01-14 00:12:53
5813,9731,2352,17,47,5,Highly recommended,2026-02-05 10:21:45
5814,9732,277,7,145,4,Very fast delivery,2025-07-17 06:47:51
5815,9733,2999,5,152,2,Late delivery,2025-03-01 14:08:55
5816,9734,1470,6,138,3,Not worth the price,2026-05-30 18:07:41
5817,9739,2628,4,386,1,Late delivery,2026-01-26 12:36:48
5818,9740,216,8,166,2,Food quality could be better,2026-06-26 09:12:11
5819,9742,735,8,267,5,Food was delicious,2025-01-14 05:26:29
5820,9743,600,17,162,5,Excellent service,2024-11-12 02:13:59
5821,9745,2063,17,151,5,Driver was polite,2025-02-21 19:28:11
5822,9747,1528,5,166,4,Excellent service,2026-02-28 20:33:29
5823,9748,928,2,94,3,Poor packaging,2024-11-24 13:30:28
5824,9749,1456,4,171,5,Amazing restaurant,2024-09-22 00:56:46
5825,9750,1719,9,191,5,Excellent service,2025-04-25 17:41:39
5826,9753,137,1,262,4,Food was delicious,2024-10-01 04:26:30
5827,9754,2357,12,263,4,Driver was polite,2025-04-09 17:15:15
5828,9755,671,14,122,2,Driver was rude,2024-09-08 15:34:39
5829,9756,248,9,387,5,Perfect experience,2024-07-28 06:15:15
5830,9757,889,4,289,4,Highly recommended,2024-07-16 23:03:49
5831,9759,2218,15,359,1,Food quality could be better,2025-07-27 07:24:37
5832,9760,68,8,42,4,Highly recommended,2025-01-14 08:58:07
5833,9761,2134,6,263,5,Food was delicious,2024-10-09 19:29:15
5834,9762,2917,10,158,4,Highly recommended,2024-11-15 07:34:39
5835,9764,655,10,28,4,Very fast delivery,2026-03-07 14:02:53
5836,9765,2253,14,122,5,Driver was polite,2024-10-16 18:09:02
5837,9768,1520,14,394,5,Driver was polite,2024-09-21 04:57:17
5838,9769,581,20,132,4,Amazing restaurant,2025-12-18 05:23:43
5839,9770,1995,15,359,5,Highly recommended,2024-10-26 09:36:05
5840,9771,2308,17,206,5,Amazing restaurant,2024-07-28 07:15:32
5841,9772,2323,2,364,4,Driver was polite,2025-08-07 11:39:09
5842,9774,2560,3,314,5,Perfect experience,2024-08-29 14:13:08
5843,9777,265,1,105,4,Perfect experience,2026-06-14 04:09:53
5844,9779,2825,8,339,5,Fresh food,2025-10-31 08:56:07
5845,9781,2061,19,153,4,Very fast delivery,2024-07-27 13:50:19
5846,9784,2084,4,286,5,Driver was polite,2025-04-09 22:56:09
5847,9785,2427,15,3,5,Fresh food,2026-05-16 16:23:02
5848,9788,1046,17,30,3,Late delivery,2025-01-15 14:39:02
5849,9789,904,17,303,5,Very fast delivery,2025-01-27 06:45:27
5850,9791,2844,17,114,5,Perfect experience,2025-04-08 03:00:24
5851,9793,451,17,190,5,Amazing restaurant,2024-10-24 09:53:45
5852,9795,1139,10,257,4,Very fast delivery,2026-04-16 14:48:01
5853,9796,1367,5,320,4,Perfect experience,2025-02-16 19:03:48
5854,9797,1188,13,310,5,Amazing restaurant,2026-04-28 22:02:07
5855,9798,2818,13,307,2,Average experience,2025-05-29 20:43:25
5856,9800,1664,19,118,5,Amazing restaurant,2026-03-26 10:22:16
5857,9807,1116,4,79,5,Food was delicious,2026-06-07 19:41:15
5858,9809,2212,3,271,5,Fresh food,2026-07-10 01:29:42
5859,9810,1742,3,39,3,Food quality could be better,2026-04-29 13:33:38
5860,9812,896,16,194,1,Not worth the price,2026-03-28 15:38:30
5861,9813,1179,17,172,4,Highly recommended,2025-06-23 08:33:48
5862,9814,2299,18,51,2,Late delivery,2025-02-06 07:50:53
5863,9815,2393,8,343,3,Cold food,2026-01-26 12:45:37
5864,9816,111,13,372,4,Fresh food,2024-12-05 12:55:56
5865,9817,15,7,266,3,Poor packaging,2025-01-28 19:43:23
5866,9818,1576,4,134,4,Driver was polite,2024-07-25 18:13:06
5867,9820,1589,17,361,5,Perfect experience,2024-09-21 18:21:09
5868,9821,2112,2,110,5,Food was delicious,2025-04-03 04:57:55
5869,9823,1906,20,77,4,Perfect experience,2025-02-13 23:18:23
5870,9824,1088,18,113,4,Fresh food,2024-10-08 15:46:02
5871,9825,2066,1,360,5,Highly recommended,2025-09-17 08:33:35
5872,9827,2155,15,81,5,Amazing restaurant,2024-08-05 11:24:26
5873,9828,2658,1,286,3,Cold food,2026-06-18 13:58:59
5874,9829,2067,7,381,5,Perfect experience,2024-10-25 23:02:55
5875,9831,171,13,207,5,Driver was polite,2025-02-19 04:36:39
5876,9833,624,9,32,2,Wrong order,2025-01-18 13:59:48
5877,9838,282,20,1,4,Very fast delivery,2025-10-07 11:27:51
5878,9840,1803,3,230,3,Cold food,2025-09-26 20:47:10
5879,9841,670,17,119,4,Perfect experience,2025-10-02 09:04:20
5880,9842,1657,8,251,4,Fresh food,2025-10-07 02:16:28
5881,9845,2077,3,246,5,Very fast delivery,2026-06-11 01:43:59
5882,9846,2982,15,81,3,Wrong order,2024-12-31 17:01:10
5883,9849,667,7,4,4,Food was delicious,2026-01-23 22:16:07
5884,9853,2229,8,374,5,Driver was polite,2025-09-17 16:41:14
5885,9854,2598,6,328,3,Cold food,2026-07-14 03:18:45
5886,9855,288,15,142,5,Excellent service,2026-04-18 01:43:00
5887,9857,228,5,334,5,Amazing restaurant,2024-10-18 16:11:45
5888,9858,1504,12,85,3,Wrong order,2024-11-01 19:28:35
5889,9859,2753,20,169,5,Highly recommended,2026-05-08 00:46:30
5890,9861,1064,19,311,3,Wrong order,2025-08-03 22:46:39
5891,9869,125,17,106,5,Highly recommended,2024-08-05 12:53:10
5892,9870,1611,12,299,5,Perfect experience,2025-03-06 15:04:11
5893,9873,2611,13,157,3,Poor packaging,2025-05-30 17:44:43
5894,9874,1111,17,35,3,Poor packaging,2024-08-02 00:18:05
5895,9875,745,17,97,5,Very fast delivery,2025-03-01 23:11:01
5896,9876,2061,1,101,5,Perfect experience,2026-02-08 05:08:17
5897,9877,646,16,380,5,Perfect experience,2024-09-02 22:29:17
5898,9878,723,20,345,5,Very fast delivery,2024-11-05 18:01:11
5899,9882,2850,2,294,4,Very fast delivery,2025-11-09 17:21:44
5900,9883,2583,3,103,1,Cold food,2024-08-05 18:57:06
5901,9885,1912,10,83,4,Excellent service,2026-06-09 17:05:01
5902,9886,1420,15,180,3,Not worth the price,2024-08-30 11:09:20
5903,9887,125,17,265,4,Food was delicious,2025-05-30 04:45:55
5904,9888,1120,2,296,5,Perfect experience,2026-02-15 16:59:45
5905,9889,136,10,347,5,Food was delicious,2024-08-09 16:44:34
5906,9890,1066,9,191,5,Driver was polite,2025-07-19 03:54:34
5907,9891,2730,2,61,5,Excellent service,2024-12-14 07:31:29
5908,9893,48,12,324,4,Fresh food,2025-06-25 19:43:53
5909,9897,922,2,181,5,Driver was polite,2026-05-11 23:50:37
5910,9898,961,15,229,5,Amazing restaurant,2024-10-28 03:43:57
5911,9900,2696,6,48,1,Not worth the price,2025-12-24 06:29:17
5912,9901,2006,5,147,5,Driver was polite,2025-06-16 15:33:33
5913,9902,1037,6,315,2,Not worth the price,2024-08-19 12:07:31
5914,9904,1176,2,181,3,Cold food,2026-07-11 15:24:18
5915,9906,415,20,77,4,Very fast delivery,2025-04-30 21:03:57
5916,9907,1306,4,271,5,Driver was polite,2024-09-17 16:50:51
5917,9908,2464,8,123,5,Highly recommended,2024-07-27 15:16:24
5918,9910,1032,6,54,5,Amazing restaurant,2025-01-06 14:19:52
5919,9912,2189,17,236,4,Highly recommended,2026-04-10 15:04:31
5920,9913,1434,10,271,1,Driver was rude,2025-03-06 02:40:22
5921,9914,2418,7,339,5,Very fast delivery,2025-06-01 07:47:29
5922,9915,635,16,380,5,Amazing restaurant,2025-02-26 23:29:49
5923,9917,931,17,15,5,Driver was polite,2025-04-28 00:16:14
5924,9918,1315,10,200,4,Perfect experience,2024-08-04 15:39:07
5925,9919,2077,7,179,4,Food was delicious,2026-02-20 01:50:10
5926,9923,1565,3,24,4,Perfect experience,2025-04-20 08:18:04
5927,9925,2926,3,42,3,Wrong order,2024-11-16 22:54:11
5928,9926,526,3,103,5,Fresh food,2025-10-13 21:53:02
5929,9927,661,15,81,4,Amazing restaurant,2025-02-20 20:29:23
5930,9928,1786,12,366,3,Late delivery,2025-01-07 01:04:59
5931,9932,2537,6,312,3,Food quality could be better,2025-02-03 18:27:40
5932,9935,2772,18,204,5,Excellent service,2025-12-26 01:48:53
5933,9937,2831,15,231,1,Not worth the price,2025-03-08 05:27:07
5934,9939,1667,1,123,4,Perfect experience,2025-12-12 20:42:22
5935,9940,325,15,87,5,Amazing restaurant,2026-06-19 01:51:49
5936,9941,9,7,83,4,Food was delicious,2025-12-16 17:15:06
5937,9944,1334,4,243,5,Driver was polite,2025-11-20 11:00:00
5938,9945,2601,12,315,4,Amazing restaurant,2024-08-17 06:40:47
5939,9946,1564,15,109,3,Late delivery,2026-02-19 12:45:19
5940,9947,410,19,183,5,Driver was polite,2026-01-26 03:33:27
5941,9949,2604,9,194,4,Very fast delivery,2024-08-26 17:22:17
5942,9950,2570,7,343,4,Fresh food,2025-02-04 10:37:06
5943,9951,426,12,383,3,Late delivery,2026-01-30 16:50:34
5944,9952,375,17,178,2,Cold food,2025-07-03 13:18:47
5945,9953,161,15,248,5,Amazing restaurant,2025-06-13 10:44:27
5946,9959,394,5,388,2,Food quality could be better,2026-01-02 16:29:53
5947,9960,2016,15,322,5,Excellent service,2025-08-18 16:56:30
5948,9961,1555,17,307,5,Driver was polite,2025-09-28 03:44:28
5949,9967,1383,13,276,3,Wrong order,2025-11-09 10:33:47
5950,9968,1798,5,335,4,Fresh food,2025-09-30 11:13:58
5951,9970,715,19,183,4,Very fast delivery,2025-08-05 23:39:41
5952,9971,1326,13,397,4,Highly recommended,2025-01-20 11:41:41
5953,9972,476,10,272,5,Perfect experience,2026-03-23 09:52:22
5954,9973,2150,5,31,4,Perfect experience,2026-03-01 22:13:51
5955,9974,2468,11,290,5,Perfect experience,2025-02-23 00:18:33
5956,9976,2895,2,173,2,Not worth the price,2024-12-03 12:43:46
5957,9977,1897,3,262,3,Wrong order,2025-07-19 13:19:24
5958,9980,974,20,259,3,Driver was rude,2024-10-27 19:03:10
5959,9982,752,11,136,4,Driver was polite,2025-06-01 07:19:52
5960,9983,419,2,17,5,Excellent service,2024-07-20 18:48:54
5961,9984,2023,9,32,2,Wrong order,2026-02-10 01:01:45
5962,9986,850,17,214,5,Very fast delivery,2025-09-02 11:49:52
5963,9987,2196,17,182,5,Driver was polite,2026-01-25 02:24:28
5964,9989,142,5,343,4,Food was delicious,2024-08-17 19:39:11
5965,9992,1582,17,213,5,Fresh food,2025-11-12 23:30:37
5966,9993,1666,15,229,3,Food quality could be better,2025-02-24 14:22:50
5967,9994,2905,11,136,4,Amazing restaurant,2025-03-27 07:22:35
5968,9996,2335,20,114,3,Not worth the price,2025-10-25 02:53:36
5969,9998,1358,5,219,3,Food quality could be better,2025-10-15 22:47:56
5970,10000,2376,7,267,4,Driver was polite,2025-03-22 20:07:37
5971,10001,404,12,69,5,Amazing restaurant,2025-04-10 13:09:55
5972,10003,47,13,15,5,Amazing restaurant,2026-01-17 13:37:12
5973,10004,2232,2,288,3,Wrong order,2026-03-20 20:34:39
5974,10005,1586,2,221,4,Food was delicious,2025-06-11 07:15:31
5975,10006,2526,14,122,5,Amazing restaurant,2024-09-25 18:14:31
5976,10008,2913,18,123,5,Excellent service,2026-05-30 14:01:00
5977,10009,521,6,356,4,Excellent service,2024-09-23 01:21:07
5978,10010,2389,7,90,5,Amazing restaurant,2026-07-03 17:48:17
5979,10012,620,12,43,4,Highly recommended,2026-06-30 14:35:42
5980,10014,237,18,179,5,Perfect experience,2025-10-18 13:57:29
5981,10015,8,6,354,5,Driver was polite,2026-02-27 00:43:48
5982,10016,1134,16,291,5,Driver was polite,2026-07-11 19:05:00
5983,10017,924,11,79,3,Poor packaging,2025-07-23 01:25:16
5984,10020,2330,17,269,5,Fresh food,2024-09-07 11:17:42
5985,10021,476,7,21,3,Late delivery,2024-08-18 08:33:08
5986,10022,992,7,271,5,Highly recommended,2025-05-02 02:17:46
5987,10024,2719,5,103,4,Fresh food,2025-07-02 14:06:29
5988,10025,2813,15,159,4,Amazing restaurant,2025-12-01 15:49:39
5989,10026,1707,6,146,4,Amazing restaurant,2024-12-09 20:28:10
5990,10027,16,8,136,5,Food was delicious,2025-01-22 15:20:06
5991,10028,1467,11,136,5,Driver was polite,2025-01-01 09:05:43
5992,10030,1119,1,325,3,Average experience,2025-11-26 14:39:11
5993,10031,2027,11,226,3,Cold food,2025-10-16 11:24:47
5994,10033,493,7,160,5,Highly recommended,2025-08-16 17:58:59
5995,10034,1747,13,321,5,Highly recommended,2025-06-04 02:22:08
5996,10035,1873,15,337,5,Driver was polite,2026-04-24 06:55:49
5997,10036,2291,12,202,4,Driver was polite,2025-05-17 00:45:03
5998,10039,1367,8,285,5,Perfect experience,2026-04-03 15:28:40
5999,10040,2064,7,37,4,Amazing restaurant,2026-03-22 17:36:04
6000,10042,2275,1,25,4,Excellent service,2025-04-21 23:07:33
6001,10043,2714,6,322,4,Very fast delivery,2025-02-28 05:31:48
6002,10046,620,6,356,4,Driver was polite,2025-11-13 13:35:34
6003,10049,2475,2,294,3,Driver was rude,2026-01-26 18:39:07
6004,10051,2389,1,23,3,Food quality could be better,2025-05-26 20:05:54
6005,10052,597,13,182,5,Fresh food,2025-04-19 08:12:51
6006,10053,1386,3,338,4,Perfect experience,2024-12-19 07:59:10
6007,10056,2008,1,199,4,Food was delicious,2024-12-03 00:57:47
6008,10057,2636,2,364,5,Driver was polite,2025-02-23 02:37:35
6009,10059,1088,5,134,3,Average experience,2025-12-20 10:21:10
6010,10060,1967,18,257,5,Amazing restaurant,2025-09-14 23:47:43
6011,10061,610,17,124,5,Driver was polite,2025-10-10 17:57:31
6012,10063,558,18,65,3,Wrong order,2025-05-16 23:20:44
6013,10065,492,20,190,3,Average experience,2026-02-27 12:26:10
6014,10066,1191,7,281,3,Food quality could be better,2026-03-05 13:02:16
6015,10067,1269,5,152,2,Not worth the price,2024-11-05 05:15:31
6016,10068,2191,18,71,5,Excellent service,2026-05-08 07:13:34
6017,10070,2958,17,239,2,Cold food,2026-04-04 15:20:32
6018,10072,1683,10,79,3,Driver was rude,2026-05-09 01:40:37
6019,10073,1482,13,114,5,Highly recommended,2024-10-04 15:19:08
6020,10074,656,18,136,5,Highly recommended,2024-08-16 15:10:04
6021,10075,1054,17,397,4,Excellent service,2026-02-17 00:07:41
6022,10076,2399,1,4,4,Fresh food,2025-04-24 23:27:03
6023,10080,1225,5,347,5,Driver was polite,2025-08-29 13:26:34
6024,10081,2171,17,174,4,Food was delicious,2025-04-17 07:26:52
6025,10083,2349,12,304,2,Food quality could be better,2025-06-05 09:30:50
6026,10084,2710,13,47,3,Wrong order,2024-12-17 00:03:50
6027,10085,2517,19,343,5,Food was delicious,2025-01-09 20:11:11
6028,10086,2345,10,39,4,Highly recommended,2025-07-31 23:29:43
6029,10087,2044,13,116,4,Amazing restaurant,2024-10-06 15:26:47
6030,10088,1087,18,325,5,Driver was polite,2024-08-17 14:29:04
6031,10091,2560,5,51,4,Driver was polite,2024-11-25 07:38:38
6032,10092,1870,6,43,5,Food was delicious,2025-08-18 09:36:15
6033,10094,344,3,326,5,Food was delicious,2025-05-25 06:04:48
6034,10095,2059,9,341,3,Average experience,2025-02-17 14:54:45
6035,10096,98,20,86,3,Cold food,2025-09-21 13:12:19
6036,10097,1249,13,97,4,Amazing restaurant,2026-04-24 13:45:20
6037,10100,193,11,135,2,Driver was rude,2025-01-09 21:29:54
6038,10103,2574,20,397,5,Driver was polite,2025-01-07 04:08:48
6039,10104,2522,1,153,3,Wrong order,2025-06-22 14:15:07
6040,10105,726,1,4,4,Very fast delivery,2024-08-25 05:49:46
6041,10106,1345,2,306,3,Poor packaging,2026-06-07 02:19:30
6042,10107,650,17,309,5,Excellent service,2026-06-10 18:22:24
6043,10111,689,13,47,5,Very fast delivery,2025-02-19 03:53:50
6044,10112,2092,18,209,5,Amazing restaurant,2024-07-25 00:34:02
6045,10113,2364,14,122,5,Food was delicious,2025-02-23 05:23:08
6046,10114,1607,15,180,5,Excellent service,2025-05-03 03:53:51
6047,10115,2304,16,196,4,Excellent service,2024-12-30 12:24:09
6048,10120,632,13,102,2,Cold food,2026-02-18 07:59:36
6049,10121,946,16,353,4,Amazing restaurant,2024-10-02 15:45:33
6050,10124,2504,9,220,2,Cold food,2025-05-06 12:23:11
6051,10125,1899,2,17,5,Perfect experience,2026-01-06 12:18:19
6052,10127,135,7,153,4,Very fast delivery,2026-04-09 08:21:21
6053,10128,2410,11,183,4,Highly recommended,2024-08-30 11:02:17
6054,10129,2424,8,79,5,Amazing restaurant,2025-03-20 10:46:13
6055,10131,1364,13,321,4,Driver was polite,2025-04-04 23:45:29
6056,10133,2523,6,383,5,Food was delicious,2026-07-15 18:04:33
6057,10135,1434,19,272,5,Food was delicious,2024-10-25 00:26:17
6058,10137,2999,5,152,5,Driver was polite,2026-02-24 17:02:24
6059,10138,2950,11,158,3,Poor packaging,2025-12-01 19:53:38
6060,10139,23,12,40,5,Amazing restaurant,2026-07-11 22:57:50
6061,10140,1537,14,394,5,Highly recommended,2025-08-18 06:00:36
6062,10141,1742,18,314,5,Perfect experience,2025-01-16 21:23:18
6063,10143,1614,13,131,3,Food quality could be better,2026-02-21 02:44:20
6064,10144,2972,3,171,5,Food was delicious,2026-01-08 09:50:56
6065,10145,877,12,146,4,Very fast delivery,2025-02-07 05:09:14
6066,10146,2748,17,11,4,Fresh food,2024-09-28 14:14:11
6067,10148,2128,5,243,5,Perfect experience,2025-05-01 20:37:24
6068,10150,1869,13,178,4,Very fast delivery,2024-12-19 15:03:50
6069,10152,1771,15,176,3,Average experience,2025-09-24 17:19:04
6070,10153,2950,8,388,5,Driver was polite,2025-06-03 22:03:28
6071,10155,2032,10,367,4,Fresh food,2024-10-05 03:43:07
6072,10156,695,1,219,4,Very fast delivery,2024-07-23 09:30:32
6073,10157,2574,17,125,5,Food was delicious,2025-02-26 10:39:40
6074,10159,1685,10,153,5,Perfect experience,2024-09-30 02:32:47
6075,10162,1026,2,57,3,Late delivery,2025-06-12 07:39:56
6076,10165,2662,17,97,5,Perfect experience,2026-01-23 18:34:03
6077,10166,1792,12,159,4,Excellent service,2025-08-19 23:50:46
6078,10167,2717,17,102,4,Excellent service,2026-03-03 03:31:45
6079,10168,1289,19,137,4,Amazing restaurant,2026-06-26 07:46:54
6080,10172,2594,11,238,5,Very fast delivery,2025-06-29 18:23:11
6081,10173,1728,19,333,4,Amazing restaurant,2026-07-09 17:14:36
6082,10175,862,12,330,5,Driver was polite,2025-10-14 15:43:47
6083,10176,2410,18,83,4,Highly recommended,2026-05-19 23:11:39
6084,10177,725,3,338,4,Food was delicious,2025-06-24 09:22:20
6085,10178,827,3,252,4,Amazing restaurant,2025-01-22 05:34:42
6086,10179,2686,1,391,5,Food was delicious,2025-10-21 04:20:17
6087,10182,2652,11,113,5,Fresh food,2025-04-08 14:03:15
6088,10183,442,12,229,2,Cold food,2025-04-12 21:13:53
6089,10184,2188,11,39,2,Late delivery,2024-11-26 16:29:56
6090,10185,1441,17,116,3,Not worth the price,2025-04-14 04:34:36
6091,10189,2477,10,209,1,Average experience,2025-07-24 23:27:24
6092,10190,1515,15,18,2,Average experience,2024-10-02 15:41:56
6093,10191,498,8,23,5,Amazing restaurant,2026-02-04 23:51:56
6094,10192,2854,15,165,3,Food quality could be better,2026-05-16 09:56:23
6095,10194,1542,12,146,5,Perfect experience,2026-06-10 14:55:13
6096,10195,505,2,61,4,Driver was polite,2026-03-08 15:00:51
6097,10197,803,5,37,4,Fresh food,2026-03-01 23:39:41
6098,10199,2212,7,210,5,Very fast delivery,2024-08-20 00:05:22
6099,10200,2985,17,185,5,Driver was polite,2025-05-24 12:06:55
6100,10204,1923,20,309,5,Food was delicious,2025-01-03 08:36:12
6101,10205,2653,15,176,5,Perfect experience,2026-04-22 21:17:32
6102,10208,2984,20,284,5,Fresh food,2025-07-10 09:57:09
6103,10210,1881,6,163,5,Amazing restaurant,2025-12-19 15:29:22
6104,10211,1665,6,85,4,Driver was polite,2025-11-17 12:42:24
6105,10212,2136,12,146,5,Highly recommended,2024-10-19 06:01:14
6106,10213,2336,15,330,5,Excellent service,2025-11-09 16:10:41
6107,10214,1280,4,103,5,Fresh food,2024-09-18 07:50:37
6108,10215,227,4,16,5,Very fast delivery,2025-10-17 05:06:57
6109,10216,1929,14,122,5,Driver was polite,2026-02-21 00:53:12
6110,10217,2106,17,172,4,Highly recommended,2025-10-12 17:30:06
6111,10218,2152,17,313,5,Fresh food,2025-08-22 23:49:17
6112,10219,341,2,294,4,Highly recommended,2026-06-12 15:39:23
6113,10220,2775,6,19,2,Not worth the price,2025-11-30 09:46:12
6114,10221,2837,8,374,5,Driver was polite,2026-05-29 18:49:08
6115,10223,675,14,382,5,Highly recommended,2025-10-10 11:35:50
6116,10224,2496,6,146,4,Perfect experience,2026-02-04 21:18:26
6117,10225,2475,2,399,2,Wrong order,2025-10-30 19:24:32
6118,10226,2335,17,245,5,Very fast delivery,2024-09-23 04:29:46
6119,10227,2798,1,149,4,Very fast delivery,2025-12-09 12:10:06
6120,10228,2300,7,183,5,Highly recommended,2024-07-24 00:02:26
6121,10231,2140,12,41,5,Excellent service,2026-06-21 16:03:42
6122,10232,311,6,142,4,Food was delicious,2026-04-13 11:46:05
6123,10234,259,8,200,4,Amazing restaurant,2025-05-11 20:21:25
6124,10235,1667,3,37,4,Very fast delivery,2024-08-29 17:50:01
6125,10236,387,4,358,1,Wrong order,2024-08-26 19:40:16
6126,10237,338,6,263,4,Fresh food,2026-06-23 03:57:10
6127,10238,945,8,335,3,Driver was rude,2024-12-27 21:14:13
6128,10240,431,5,126,3,Average experience,2024-09-15 00:16:04
6129,10241,1462,10,266,5,Driver was polite,2025-04-07 07:12:25
6130,10244,1669,18,34,3,Cold food,2025-01-31 15:31:53
6131,10247,1906,13,259,5,Fresh food,2024-09-01 16:23:36
6132,10248,1895,14,394,4,Excellent service,2025-12-07 08:35:45
6133,10249,1689,6,43,5,Driver was polite,2026-04-06 07:29:31
6134,10250,665,6,41,4,Amazing restaurant,2024-12-10 21:55:02
6135,10252,1047,3,129,5,Perfect experience,2026-06-21 22:03:41
6136,10253,2420,11,74,5,Food was delicious,2025-03-01 00:26:10
6137,10256,1341,13,119,2,Driver was rude,2025-07-01 15:15:26
6138,10260,859,18,209,4,Fresh food,2024-11-07 23:18:45
6139,10261,2868,4,367,5,Food was delicious,2025-07-31 12:11:49
6140,10263,651,7,289,5,Amazing restaurant,2025-03-15 18:19:22
6141,10264,2410,8,153,5,Amazing restaurant,2025-10-23 23:27:45
6142,10266,2045,15,304,4,Very fast delivery,2024-08-24 14:02:44
6143,10269,2193,20,239,2,Not worth the price,2026-05-23 16:58:39
6144,10273,2113,13,218,4,Driver was polite,2025-06-19 00:48:07
6145,10274,2031,7,386,5,Highly recommended,2025-06-11 07:08:36
6146,10275,909,10,230,5,Highly recommended,2026-06-19 11:48:19
6147,10276,935,18,338,5,Food was delicious,2025-05-11 22:11:37
6148,10277,401,6,85,2,Wrong order,2024-07-24 13:12:50
6149,10278,306,13,218,5,Highly recommended,2025-09-02 15:28:50
6150,10283,1474,20,132,5,Highly recommended,2026-05-16 02:29:58
6151,10285,1622,19,210,1,Average experience,2026-03-06 16:14:34
6152,10286,2951,17,287,3,Cold food,2025-08-26 09:03:37
6153,10287,2579,7,326,3,Food quality could be better,2025-04-14 12:26:09
6154,10288,182,15,165,5,Highly recommended,2026-06-06 20:56:22
6155,10289,1959,3,46,5,Driver was polite,2026-01-09 00:39:43
6156,10290,205,13,345,5,Perfect experience,2026-02-13 15:41:46
6157,10291,2452,15,19,4,Driver was polite,2024-11-12 14:32:01
6158,10295,2581,20,141,5,Excellent service,2025-12-02 10:07:27
6159,10296,435,17,185,5,Fresh food,2024-11-10 10:31:46
6160,10297,1114,2,242,5,Highly recommended,2024-09-01 22:01:46
6161,10299,1770,15,69,3,Food quality could be better,2026-06-02 07:32:39
6162,10300,2972,4,267,4,Driver was polite,2026-07-15 06:50:16
6163,10303,338,15,322,5,Fresh food,2025-10-07 05:53:56
6164,10304,934,10,101,3,Wrong order,2024-07-26 20:50:49
6165,10305,1074,19,39,5,Driver was polite,2024-10-17 00:32:34
6166,10306,937,20,124,5,Driver was polite,2025-08-28 06:51:22
6167,10307,2264,15,248,4,Highly recommended,2024-12-15 09:37:33
6168,10308,188,3,311,4,Highly recommended,2024-10-16 20:49:00
6169,10309,878,1,238,4,Driver was polite,2025-06-11 18:44:06
6170,10311,796,2,288,4,Highly recommended,2025-02-16 07:09:03
6171,10312,2724,3,339,5,Food was delicious,2025-05-12 02:00:18
6172,10313,1419,13,50,5,Amazing restaurant,2025-09-30 01:43:42
6173,10314,590,7,123,4,Amazing restaurant,2025-05-24 08:18:39
6174,10315,845,13,151,5,Driver was polite,2025-12-03 14:24:57
6175,10316,1160,9,392,5,Very fast delivery,2026-02-17 02:11:14
6176,10317,2001,20,227,5,Perfect experience,2025-07-24 05:44:14
6177,10320,2572,1,325,4,Perfect experience,2025-09-24 03:04:57
6178,10321,1109,13,102,4,Food was delicious,2026-05-26 11:40:35
6179,10322,950,20,345,5,Highly recommended,2025-09-27 16:01:42
6180,10323,2406,13,313,5,Fresh food,2025-02-19 02:49:14
6181,10324,989,4,36,4,Perfect experience,2025-05-18 23:09:33
6182,10326,53,20,11,3,Late delivery,2025-06-22 07:03:01
6183,10328,772,13,310,4,Food was delicious,2026-03-23 02:38:44
6184,10329,93,9,120,3,Poor packaging,2025-04-02 13:05:34
6185,10330,590,8,333,4,Perfect experience,2025-02-26 12:54:50
6186,10332,366,3,200,4,Food was delicious,2025-05-27 18:41:43
6187,10336,2644,17,121,5,Food was delicious,2026-06-18 21:56:12
6188,10337,2523,15,3,4,Amazing restaurant,2025-11-14 14:32:44
6189,10338,592,2,294,5,Food was delicious,2026-01-08 08:26:25
6190,10339,706,18,253,5,Fresh food,2025-08-04 15:18:57
6191,10340,568,16,234,5,Excellent service,2026-02-26 23:40:22
6192,10342,1424,15,109,5,Food was delicious,2025-09-19 17:59:21
6193,10347,1453,4,96,5,Food was delicious,2025-07-14 01:45:43
6194,10348,2250,11,179,4,Fresh food,2026-05-27 10:44:45
6195,10350,2144,4,343,4,Amazing restaurant,2025-11-21 04:46:42
6196,10354,465,10,362,4,Excellent service,2024-07-29 03:40:55
6197,10355,1743,18,243,5,Driver was polite,2026-05-04 13:35:58
6198,10357,2659,17,132,5,Amazing restaurant,2025-09-12 22:14:06
6199,10359,587,13,245,4,Driver was polite,2026-05-07 17:53:09
6200,10361,1702,1,326,5,Perfect experience,2024-09-19 07:37:00
6201,10364,2421,13,284,4,Very fast delivery,2026-05-17 06:09:55
6202,10365,2890,11,261,2,Poor packaging,2024-08-13 13:43:52
6203,10366,725,5,374,2,Average experience,2025-01-27 11:42:09
6204,10367,1484,2,305,4,Very fast delivery,2024-08-06 13:11:09
6205,10368,2016,12,304,4,Fresh food,2024-07-23 01:48:33
6206,10370,2897,12,41,2,Not worth the price,2025-08-20 01:00:17
6207,10371,1099,13,97,3,Poor packaging,2025-09-18 21:30:53
6208,10372,545,1,149,4,Highly recommended,2024-11-19 08:56:47
6209,10373,487,15,43,5,Amazing restaurant,2025-11-03 12:07:53
6210,10374,774,1,158,4,Perfect experience,2026-03-22 01:45:08
6211,10377,1598,6,322,5,Driver was polite,2025-07-26 16:59:45
6212,10379,917,13,233,5,Highly recommended,2026-05-05 10:54:03
6213,10382,504,2,17,5,Amazing restaurant,2024-09-03 08:45:32
6214,10383,2972,11,130,4,Excellent service,2025-12-09 19:54:34
6215,10384,2109,10,290,4,Highly recommended,2024-10-04 23:59:11
6216,10385,2959,13,178,4,Highly recommended,2025-06-09 09:03:37
6217,10386,1300,9,72,5,Excellent service,2026-02-08 13:49:27
6218,10387,1381,2,110,4,Highly recommended,2024-08-02 20:26:49
6219,10388,1683,4,209,4,Amazing restaurant,2025-11-21 07:24:02
6220,10392,33,12,317,3,Food quality could be better,2025-04-03 04:25:43
6221,10393,2723,18,369,3,Late delivery,2024-08-04 02:37:40
6222,10398,2699,15,112,4,Very fast delivery,2024-10-03 21:05:10
6223,10400,2991,8,391,5,Excellent service,2025-10-10 05:21:50
6224,10401,2557,2,61,1,Driver was rude,2026-06-13 04:14:01
6225,10405,1376,19,164,5,Amazing restaurant,2026-04-21 04:36:46
6226,10406,638,20,321,4,Food was delicious,2024-09-24 12:04:24
6227,10410,1053,12,299,4,Very fast delivery,2025-04-13 10:54:29
6228,10411,2084,10,168,5,Driver was polite,2025-07-27 16:12:21
6229,10413,1729,15,54,4,Food was delicious,2025-03-27 00:09:46
6230,10414,745,17,213,5,Driver was polite,2026-07-08 16:46:32
6231,10415,2799,6,283,4,Perfect experience,2024-09-18 09:01:18
6232,10416,2721,20,86,4,Fresh food,2025-03-10 13:46:27
6233,10417,763,9,387,4,Amazing restaurant,2024-09-14 03:11:22
6234,10418,2190,11,250,1,Driver was rude,2024-08-22 05:56:07
6235,10420,423,8,281,2,Poor packaging,2024-12-07 02:05:38
6236,10421,1133,2,228,5,Amazing restaurant,2026-03-30 08:47:19
6237,10422,1001,8,135,3,Not worth the price,2026-07-12 23:21:21
6238,10423,2075,6,368,5,Fresh food,2025-11-29 12:22:54
6239,10424,1819,2,242,3,Cold food,2025-03-24 05:52:00
6240,10425,1700,17,265,3,Wrong order,2025-08-08 19:11:29
6241,10426,930,20,184,5,Food was delicious,2024-09-04 00:22:15
6242,10428,301,15,299,3,Driver was rude,2025-11-20 13:22:56
6243,10429,1268,20,86,2,Not worth the price,2025-05-11 14:31:19
6244,10430,1444,13,132,4,Amazing restaurant,2026-06-28 13:24:33
6245,10431,1905,9,341,4,Food was delicious,2025-03-01 07:23:22
6246,10435,1740,13,141,5,Driver was polite,2025-04-28 07:25:17
6247,10436,2158,1,183,2,Driver was rude,2025-07-02 09:48:27
6248,10439,2574,17,233,2,Food quality could be better,2025-01-01 18:42:08
6249,10441,1190,14,122,4,Fresh food,2024-07-31 22:42:59
6250,10444,817,13,276,4,Fresh food,2025-08-21 02:19:54
6251,10447,67,8,257,5,Fresh food,2025-08-19 13:51:16
6252,10448,1637,9,318,5,Very fast delivery,2026-07-10 06:09:29
6253,10449,172,9,392,4,Highly recommended,2025-04-29 06:35:39
6254,10450,2355,11,123,3,Driver was rude,2025-06-08 16:05:40
6255,10451,2116,1,16,4,Perfect experience,2024-11-30 03:48:59
6256,10452,1376,5,251,5,Highly recommended,2025-03-27 06:44:47
6257,10453,457,1,39,5,Excellent service,2025-03-08 08:14:48
6258,10454,721,6,368,4,Fresh food,2026-05-19 03:33:50
6259,10457,516,5,369,3,Late delivery,2025-12-14 15:33:41
6260,10458,7,11,204,4,Excellent service,2025-07-16 06:32:39
6261,10459,1222,12,81,2,Poor packaging,2025-12-23 21:40:12
6262,10462,1590,18,152,1,Poor packaging,2025-06-14 02:43:44
6263,10464,2855,19,179,4,Fresh food,2025-01-15 17:27:02
6264,10465,261,6,260,3,Late delivery,2024-08-29 11:39:17
6265,10466,1832,7,391,4,Amazing restaurant,2026-03-16 07:57:04
6266,10467,1077,1,51,3,Driver was rude,2024-08-09 06:11:59
6267,10469,929,15,248,4,Driver was polite,2025-01-23 11:12:09
6268,10471,1527,17,141,3,Driver was rude,2026-05-11 20:49:33
6269,10473,300,19,118,5,Excellent service,2026-04-08 17:07:55
6270,10475,962,13,50,5,Perfect experience,2025-07-21 23:00:57
6271,10477,831,15,324,5,Excellent service,2025-04-17 05:50:13
6272,10478,44,6,41,5,Perfect experience,2025-08-24 21:48:34
6273,10479,452,18,374,4,Fresh food,2025-09-16 15:56:26
6274,10480,747,12,189,2,Not worth the price,2024-09-22 19:33:23
6275,10481,1627,12,356,4,Perfect experience,2025-07-05 23:58:00
6276,10483,1430,7,83,5,Driver was polite,2026-07-04 11:29:54
6277,10484,595,16,352,4,Highly recommended,2025-03-30 05:25:42
6278,10485,1870,12,375,5,Food was delicious,2026-06-02 07:00:35
6279,10490,998,16,353,1,Food quality could be better,2026-04-18 17:03:58
6280,10491,183,6,383,3,Not worth the price,2025-07-01 04:55:15
6281,10493,2031,18,199,2,Not worth the price,2026-02-05 22:17:57
6282,10494,1329,16,72,3,Average experience,2025-08-31 12:38:28
6283,10495,584,7,147,5,Perfect experience,2025-08-20 13:57:07
6284,10498,1911,2,175,4,Amazing restaurant,2025-02-03 16:06:04
6285,10499,1884,2,57,5,Amazing restaurant,2026-01-27 20:25:06
6286,10503,2833,18,338,5,Perfect experience,2025-01-04 10:30:02
6287,10504,2868,4,360,2,Average experience,2026-04-02 03:26:41
6288,10506,1974,12,322,4,Driver was polite,2025-05-27 10:04:20
6289,10507,528,4,83,4,Driver was polite,2024-08-01 17:20:33
6290,10508,1302,10,360,5,Driver was polite,2025-11-26 00:28:06
6291,10509,2395,13,313,5,Very fast delivery,2026-03-21 21:53:46
6292,10511,602,12,359,5,Highly recommended,2025-06-30 01:36:14
6293,10512,59,2,399,5,Amazing restaurant,2026-02-27 10:43:57
6294,10514,1819,2,224,3,Poor packaging,2025-02-13 19:57:12
6295,10516,524,9,191,4,Amazing restaurant,2024-07-20 10:51:49
6296,10518,2543,14,394,5,Very fast delivery,2026-01-26 02:45:18
6297,10519,2241,5,329,4,Food was delicious,2025-10-16 04:35:13
6298,10520,389,20,184,4,Driver was polite,2024-11-26 08:23:42
6299,10521,1927,13,182,5,Highly recommended,2026-02-26 13:09:24
6300,10526,1111,17,141,4,Amazing restaurant,2025-06-01 13:08:29
6301,10527,944,15,260,3,Not worth the price,2025-01-23 06:54:18
6302,10528,632,13,49,3,Poor packaging,2024-11-18 12:55:02
6303,10529,1697,19,381,5,Perfect experience,2024-10-20 16:13:11
6304,10530,1445,7,74,4,Highly recommended,2025-08-14 02:45:02
6305,10532,2298,3,340,4,Amazing restaurant,2025-08-07 13:17:53
6306,10534,1652,2,224,4,Amazing restaurant,2025-07-04 01:36:18
6307,10535,1151,15,248,5,Perfect experience,2025-08-04 23:25:07
6308,10536,190,11,326,2,Driver was rude,2025-08-14 19:36:40
6309,10537,288,6,180,4,Driver was polite,2026-06-04 21:22:44
6310,10538,148,16,302,2,Average experience,2024-08-30 18:23:08
6311,10539,2939,16,387,5,Highly recommended,2024-09-28 02:12:21
6312,10543,561,7,42,5,Very fast delivery,2025-03-25 02:50:41
6313,10544,250,15,189,5,Food was delicious,2025-10-21 11:21:49
6314,10545,857,9,302,4,Very fast delivery,2025-05-27 02:32:47
6315,10547,2272,7,199,3,Late delivery,2024-11-30 23:54:45
6316,10548,2662,20,131,4,Amazing restaurant,2025-04-22 18:44:59
6317,10550,1730,12,159,2,Poor packaging,2025-11-15 06:00:31
6318,10551,415,17,182,4,Very fast delivery,2026-03-06 15:46:21
6319,10552,433,11,29,4,Highly recommended,2024-09-13 18:58:32
6320,10553,92,17,169,3,Wrong order,2025-08-29 14:17:47
6321,10554,2035,7,333,3,Average experience,2025-08-17 17:31:45
6322,10555,493,3,339,2,Late delivery,2025-05-04 01:24:09
6323,10558,2499,5,23,3,Wrong order,2025-02-05 16:33:12
6324,10559,2557,2,294,5,Driver was polite,2025-05-08 19:05:06
6325,10560,373,13,256,5,Fresh food,2024-09-15 06:53:33
6326,10562,231,17,97,5,Excellent service,2025-09-22 02:32:03
6327,10563,194,5,238,4,Food was delicious,2026-04-06 05:11:15
6328,10567,1382,8,262,4,Very fast delivery,2025-11-25 06:16:57
6329,10568,10,12,87,4,Fresh food,2026-02-19 08:25:31
6330,10569,2289,17,106,3,Poor packaging,2024-08-21 14:56:57
6331,10570,137,11,29,4,Highly recommended,2025-02-12 10:55:40
6332,10573,1484,2,181,5,Fresh food,2024-07-18 17:54:49
6333,10574,2675,18,367,4,Perfect experience,2026-05-14 18:40:10
6334,10578,51,10,334,4,Very fast delivery,2024-09-02 19:01:48
6335,10579,1818,6,328,5,Excellent service,2025-07-24 16:59:28
6336,10580,922,2,288,5,Amazing restaurant,2025-01-10 20:21:17
6337,10582,1011,11,71,5,Highly recommended,2025-05-08 20:27:16
6338,10583,739,16,392,5,Amazing restaurant,2025-01-29 06:13:39
6339,10585,1444,13,303,3,Wrong order,2026-01-16 11:36:15
6340,10586,2702,18,369,5,Driver was polite,2025-12-31 12:57:39
6341,10587,1439,19,42,5,Perfect experience,2025-07-17 22:12:19
6342,10588,981,13,269,4,Fresh food,2025-03-21 22:54:15
6343,10591,140,13,182,5,Fresh food,2024-07-20 01:12:43
6344,10594,2762,10,311,5,Fresh food,2025-12-25 10:36:23
6345,10595,561,18,400,5,Perfect experience,2026-01-10 20:18:19
6346,10596,1353,4,272,5,Highly recommended,2026-06-04 15:48:53
6347,10599,2992,15,383,2,Driver was rude,2026-04-15 05:16:45
6348,10600,1582,20,276,5,Perfect experience,2025-08-16 12:37:04
6349,10601,1000,1,16,3,Not worth the price,2024-08-07 00:28:35
6350,10602,2623,12,248,5,Very fast delivery,2025-06-27 17:27:47
6351,10603,2385,20,162,3,Food quality could be better,2024-10-07 04:16:37
6352,10605,1124,9,32,5,Excellent service,2024-12-21 19:11:26
6353,10606,2931,8,201,5,Amazing restaurant,2024-12-19 07:27:44
6354,10610,1941,2,57,3,Average experience,2026-06-15 21:56:17
6355,10611,2462,11,289,3,Food quality could be better,2025-09-21 09:05:07
6356,10612,2031,10,105,3,Average experience,2026-04-23 15:33:31
6357,10613,2309,20,22,3,Food quality could be better,2026-03-16 04:44:59
6358,10614,2567,20,106,5,Highly recommended,2025-03-07 21:10:54
6359,10616,1205,6,383,3,Late delivery,2025-02-05 05:27:07
6360,10618,471,17,182,5,Perfect experience,2024-12-15 20:57:57
6361,10619,1265,11,246,5,Fresh food,2025-11-13 06:59:04
6362,10620,1280,1,23,4,Excellent service,2024-12-10 19:39:47
6363,10622,748,11,126,4,Perfect experience,2025-07-20 09:51:17
6364,10623,33,6,112,3,Not worth the price,2025-11-21 04:24:41
6365,10624,371,10,334,4,Amazing restaurant,2026-01-18 03:13:12
6366,10626,1111,20,265,2,Not worth the price,2025-07-29 06:26:05
6367,10627,915,3,99,2,Food quality could be better,2024-09-01 14:14:48
6368,10628,695,4,314,4,Fresh food,2024-11-06 00:07:21
6369,10629,2784,5,149,5,Amazing restaurant,2024-09-30 21:38:42
6370,10631,2915,12,142,4,Perfect experience,2026-03-26 02:59:24
6371,10633,242,9,318,5,Amazing restaurant,2026-06-16 22:06:31
6372,10634,196,4,21,2,Food quality could be better,2026-02-24 23:52:07
6373,10638,512,20,172,4,Very fast delivery,2026-05-27 23:15:18
6374,10639,2536,19,16,2,Average experience,2025-06-08 07:02:53
6375,10642,1500,19,252,3,Food quality could be better,2025-02-25 13:46:18
6376,10644,1650,4,147,3,Cold food,2026-07-06 23:20:04
6377,10645,78,18,339,5,Perfect experience,2024-07-18 17:19:44
6378,10646,1350,17,2,4,Driver was polite,2024-12-12 11:36:56
6379,10648,332,15,142,5,Highly recommended,2025-01-14 22:19:16
6380,10650,960,13,207,4,Food was delicious,2026-05-26 20:01:10
6381,10652,208,16,302,5,Excellent service,2026-04-18 07:53:28
6382,10654,778,2,364,5,Highly recommended,2024-09-21 14:21:42
6383,10656,2644,17,106,4,Excellent service,2026-02-05 10:01:29
6384,10657,479,5,250,4,Food was delicious,2025-05-12 13:38:08
6385,10658,1010,12,48,5,Food was delicious,2026-05-28 06:45:43
6386,10660,1240,18,334,4,Excellent service,2024-10-16 15:40:15
6387,10661,611,19,314,4,Fresh food,2026-03-13 23:24:29
6388,10665,2190,7,8,3,Poor packaging,2025-03-13 14:16:09
6389,10666,1424,15,138,3,Poor packaging,2025-07-18 00:17:07
6390,10668,1600,10,80,4,Very fast delivery,2025-01-26 23:29:14
6391,10670,1007,3,290,5,Perfect experience,2025-01-11 08:54:41
6392,10672,154,9,220,5,Excellent service,2024-11-03 04:39:38
6393,10675,2917,8,160,5,Perfect experience,2024-09-05 06:04:02
6394,10677,1696,11,31,5,Highly recommended,2025-05-31 10:37:59
6395,10679,1203,12,3,5,Highly recommended,2025-12-05 18:12:16
6396,10681,2108,12,315,5,Perfect experience,2026-04-23 07:17:55
6397,10682,1807,15,188,5,Food was delicious,2026-01-12 03:37:20
6398,10683,391,5,51,3,Driver was rude,2024-08-15 18:31:56
6399,10684,2668,20,361,4,Highly recommended,2026-02-10 16:05:57
6400,10686,135,3,168,4,Amazing restaurant,2024-11-02 12:44:51
6401,10688,2292,6,319,3,Average experience,2024-11-27 07:58:45
6402,10690,1108,3,4,4,Perfect experience,2024-10-30 10:50:53
6403,10694,673,10,21,4,Fresh food,2024-10-10 17:20:46
6404,10696,753,2,98,4,Perfect experience,2025-03-10 08:16:39
6405,10698,299,13,227,3,Average experience,2025-02-28 05:12:25
6406,10699,1825,7,203,3,Late delivery,2025-03-26 10:12:19
6407,10702,2424,19,358,3,Not worth the price,2026-05-21 06:11:10
6408,10704,985,14,394,5,Perfect experience,2025-12-28 07:45:49
6409,10708,311,12,54,5,Highly recommended,2026-03-16 23:30:41
6410,10709,1200,2,66,5,Driver was polite,2024-11-21 22:32:11
6411,10714,2055,11,349,5,Driver was polite,2025-10-25 18:14:12
6412,10715,690,20,345,5,Food was delicious,2026-05-15 02:47:29
6413,10716,819,10,65,4,Perfect experience,2025-10-10 16:52:31
6414,10717,135,4,171,5,Food was delicious,2024-12-06 13:38:05
6415,10721,1414,13,236,4,Highly recommended,2025-10-20 22:53:29
6416,10722,2190,4,83,5,Perfect experience,2025-07-18 04:39:02
6417,10723,535,18,101,4,Fresh food,2024-08-05 17:18:37
6418,10724,2241,7,118,5,Highly recommended,2025-07-28 14:37:02
6419,10725,1711,13,227,2,Cold food,2026-05-06 03:22:22
6420,10726,631,15,41,5,Amazing restaurant,2025-06-03 00:53:11
6421,10727,2648,1,164,5,Perfect experience,2024-10-09 09:01:17
6422,10728,1428,6,165,4,Highly recommended,2025-10-26 21:01:08
6423,10729,1283,13,97,4,Excellent service,2025-05-11 03:31:34
6424,10730,2589,8,183,5,Excellent service,2024-11-16 14:08:12
6425,10731,1382,19,51,2,Late delivery,2026-02-22 10:56:30
6426,10732,2076,1,365,5,Driver was polite,2025-01-29 18:45:56
6427,10733,573,2,228,5,Driver was polite,2024-07-21 00:33:20
6428,10734,1757,17,162,5,Highly recommended,2025-10-06 03:46:39
6429,10735,1048,4,346,5,Perfect experience,2024-10-28 07:05:42
6430,10736,1666,15,146,5,Excellent service,2025-03-24 21:33:48
6431,10737,77,5,325,4,Driver was polite,2025-01-21 15:08:13
6432,10738,571,13,10,4,Perfect experience,2025-05-05 04:08:01
6433,10741,15,19,349,4,Food was delicious,2026-06-01 12:36:55
6434,10742,1781,2,57,5,Fresh food,2025-07-19 02:37:09
6435,10744,195,4,28,4,Highly recommended,2025-06-01 16:33:23
6436,10746,2689,9,32,5,Perfect experience,2026-04-27 18:28:19
6437,10747,2454,4,137,5,Perfect experience,2024-09-24 16:16:07
6438,10748,755,15,368,4,Amazing restaurant,2024-09-26 13:06:04
6439,10749,2741,5,267,4,Very fast delivery,2025-03-05 10:56:17
6440,10750,1312,6,180,4,Driver was polite,2025-11-02 05:46:25
6441,10751,2472,19,158,4,Highly recommended,2025-05-23 19:07:19
6442,10753,2067,10,8,5,Excellent service,2026-02-20 23:04:00
6443,10754,821,13,397,3,Driver was rude,2026-04-12 01:50:55
6444,10756,2360,15,41,5,Very fast delivery,2025-10-23 21:03:35
6445,10757,2571,17,119,5,Highly recommended,2026-03-11 21:50:47
6446,10758,611,1,274,3,Not worth the price,2025-04-16 07:11:43
6447,10760,1905,16,378,4,Excellent service,2025-08-19 05:44:54
6448,10761,737,19,386,5,Highly recommended,2024-11-16 21:06:47
6449,10763,2091,8,290,5,Very fast delivery,2026-05-24 23:49:54
6450,10765,2913,4,199,5,Fresh food,2026-01-22 16:54:05
6451,10766,1179,13,119,5,Food was delicious,2025-06-11 05:40:59
6452,10768,2370,13,190,4,Amazing restaurant,2026-06-27 22:56:03
6453,10769,1536,12,19,4,Perfect experience,2026-04-08 03:49:05
6454,10770,628,3,136,4,Very fast delivery,2025-09-17 18:15:37
6455,10776,2412,5,31,3,Cold food,2025-06-25 02:30:33
6456,10777,2268,19,7,4,Highly recommended,2026-04-24 23:10:48
6457,10778,2731,17,1,5,Driver was polite,2025-01-06 00:52:17
6458,10781,1753,18,136,5,Perfect experience,2024-09-30 00:00:21
6459,10782,1033,15,48,3,Wrong order,2025-02-03 01:40:08
6460,10789,2863,2,110,5,Amazing restaurant,2024-11-23 20:05:40
6461,10791,1361,13,106,2,Food quality could be better,2025-06-14 23:16:49
6462,10794,2189,20,265,3,Cold food,2025-06-30 04:39:53
6463,10798,761,1,150,5,Food was delicious,2026-05-17 23:46:07
6464,10805,2941,1,29,5,Very fast delivery,2025-04-04 10:39:26
6465,10806,2531,17,30,2,Not worth the price,2024-12-02 18:10:42
6466,10807,929,6,180,5,Fresh food,2025-01-30 09:55:40
6467,10808,2844,20,125,5,Excellent service,2025-09-17 08:02:37
6468,10811,1469,3,183,4,Food was delicious,2025-04-27 17:16:53
6469,10812,1336,18,126,3,Wrong order,2025-03-19 04:53:29
6470,10813,1552,2,53,4,Driver was polite,2025-04-30 21:02:49
6471,10815,135,4,83,4,Amazing restaurant,2026-04-06 07:49:24
6472,10816,286,4,46,5,Driver was polite,2025-06-04 18:43:36
6473,10817,1119,10,51,5,Highly recommended,2026-05-11 00:28:33
6474,10819,1109,17,174,5,Fresh food,2025-06-12 09:17:31
6475,10820,787,16,12,5,Excellent service,2025-04-07 03:12:51
6476,10822,1337,5,105,5,Fresh food,2025-03-29 16:27:55
6477,10823,2379,2,173,5,Highly recommended,2025-10-19 16:53:27
6478,10825,2311,17,259,5,Highly recommended,2026-06-25 23:26:32
6479,10831,1556,2,61,5,Amazing restaurant,2026-05-31 18:41:21
6480,10832,1490,17,345,5,Very fast delivery,2024-11-29 09:39:56
6481,10834,347,19,84,5,Excellent service,2025-06-10 19:23:33
6482,10837,2524,17,213,5,Highly recommended,2024-08-02 23:21:45
6483,10838,2280,8,21,5,Amazing restaurant,2025-04-07 23:13:38
6484,10839,1945,7,289,3,Average experience,2026-05-27 19:15:58
6485,10840,1053,15,359,4,Excellent service,2025-01-16 00:23:43
6486,10841,298,17,169,5,Fresh food,2024-11-25 12:59:52
6487,10842,2324,15,260,5,Excellent service,2025-03-24 15:40:24
6488,10844,582,18,166,5,Driver was polite,2024-11-03 17:07:34
6489,10846,1606,17,276,5,Highly recommended,2025-12-09 09:07:34
6490,10848,575,12,48,4,Excellent service,2024-12-13 17:37:27
6491,10849,1588,20,169,3,Food quality could be better,2026-03-23 15:19:08
6492,10850,2479,4,161,3,Food quality could be better,2024-09-30 07:00:08
6493,10853,1664,8,314,5,Amazing restaurant,2025-05-03 06:57:09
6494,10854,23,15,41,5,Amazing restaurant,2025-02-03 22:20:28
6495,10858,867,4,290,4,Fresh food,2024-10-20 02:24:43
6496,10863,336,1,365,3,Not worth the price,2026-02-22 05:12:04
6497,10864,1739,4,25,5,Very fast delivery,2026-06-22 20:17:19
6498,10865,2976,20,114,5,Very fast delivery,2025-01-25 06:52:44
6499,10866,2921,19,346,4,Amazing restaurant,2025-01-07 13:44:39
6500,10869,168,12,142,5,Highly recommended,2026-02-28 11:13:56
6501,10870,839,20,310,2,Wrong order,2024-10-08 15:27:35
6502,10872,139,7,338,5,Amazing restaurant,2025-12-29 00:51:40
6503,10874,1552,2,288,5,Very fast delivery,2025-05-13 17:01:34
6504,10880,2829,20,178,2,Food quality could be better,2025-12-19 11:11:41
6505,10883,2246,10,39,3,Cold food,2025-08-01 18:15:16
6506,10886,2381,12,231,4,Excellent service,2024-08-12 07:49:56
6507,10887,2361,9,191,3,Poor packaging,2025-10-01 22:54:00
6508,10888,1187,13,10,4,Highly recommended,2026-05-14 17:33:41
6509,10889,2009,16,387,4,Driver was polite,2026-03-06 00:58:59
6510,10890,1318,3,347,5,Highly recommended,2026-07-07 15:33:04
6511,10891,2867,13,47,4,Fresh food,2026-06-07 11:46:35
6512,10892,1473,16,191,3,Food quality could be better,2025-05-26 20:21:10
6513,10893,2759,2,288,5,Excellent service,2026-06-25 13:55:14
6514,10894,1714,10,136,5,Very fast delivery,2026-06-06 21:14:40
6515,10897,318,15,248,5,Perfect experience,2026-07-07 01:35:43
6516,10900,2779,13,174,3,Driver was rude,2025-10-25 04:10:36
6517,10901,1242,10,346,5,Food was delicious,2025-03-31 16:19:41
6518,10902,2710,13,233,3,Late delivery,2025-07-29 08:56:45
6519,10903,1246,6,315,4,Food was delicious,2025-03-30 15:34:32
6520,10905,134,20,269,5,Food was delicious,2025-06-08 21:45:58
6521,10906,578,2,181,5,Amazing restaurant,2025-11-04 05:16:28
6522,10908,2636,2,255,5,Perfect experience,2025-10-08 02:00:23
6523,10909,1386,18,166,5,Perfect experience,2026-01-24 23:24:43
6524,10910,863,17,38,4,Perfect experience,2026-05-11 16:20:44
6525,10911,1327,13,321,2,Food quality could be better,2024-08-04 02:42:14
6526,10912,119,11,253,2,Not worth the price,2024-12-31 06:13:15
6527,10913,813,10,257,5,Food was delicious,2025-03-07 14:56:55
6528,10915,1523,15,48,5,Highly recommended,2026-07-11 23:16:09
6529,10916,1421,3,149,5,Driver was polite,2026-04-26 13:38:40
6530,10917,1449,8,147,4,Fresh food,2024-10-27 13:37:31
6531,10918,1439,7,161,3,Average experience,2024-12-03 08:52:22
6532,10920,2553,13,115,5,Excellent service,2024-07-22 20:54:17
6533,10922,1125,13,184,5,Amazing restaurant,2025-09-08 21:06:48
6534,10924,2220,3,338,4,Highly recommended,2025-11-16 03:07:23
6535,10925,484,11,350,4,Food was delicious,2025-11-15 23:10:39
6536,10927,1830,5,37,5,Excellent service,2024-09-09 02:17:03
6537,10928,2389,5,281,5,Amazing restaurant,2026-01-23 15:39:18
6538,10929,2488,2,175,3,Poor packaging,2025-11-08 21:12:21
6539,10931,2779,17,77,4,Amazing restaurant,2024-12-17 21:37:38
6540,10932,666,1,266,5,Fresh food,2026-02-07 10:47:31
6541,10934,675,14,382,5,Highly recommended,2026-01-31 06:08:34
6542,10935,2590,17,276,3,Average experience,2025-09-01 09:53:44
6543,10936,1276,20,22,4,Food was delicious,2025-04-13 13:11:31
6544,10937,1890,2,288,3,Late delivery,2025-10-04 04:59:15
6545,10941,2492,13,35,4,Driver was polite,2024-12-10 02:44:56
6546,10942,1309,13,162,5,Food was delicious,2025-01-05 09:47:24
6547,10943,439,1,123,4,Very fast delivery,2025-12-20 16:31:24
6548,10944,2953,17,182,4,Very fast delivery,2026-05-07 02:45:43
6549,10945,2254,14,394,4,Food was delicious,2026-03-30 18:13:05
6550,10948,526,11,99,4,Very fast delivery,2025-09-03 21:10:33
6551,10950,1323,8,340,2,Average experience,2025-08-28 21:08:52
6552,10951,1690,12,330,5,Excellent service,2026-07-06 17:16:53
6553,10952,68,10,274,4,Very fast delivery,2025-07-19 16:36:45
6554,10953,2679,8,230,5,Highly recommended,2025-10-23 09:47:51
6555,10954,1451,7,326,2,Late delivery,2025-04-16 22:37:24
6556,10955,307,20,287,5,Amazing restaurant,2026-03-11 05:22:05
6557,10956,1752,12,275,4,Driver was polite,2025-05-03 16:48:38
6558,10957,1841,12,319,4,Perfect experience,2025-08-12 02:18:20
6559,10958,577,15,299,4,Food was delicious,2024-10-17 12:15:04
6560,10960,113,4,386,3,Not worth the price,2024-09-02 20:12:30
6561,10961,2635,19,367,4,Very fast delivery,2025-10-29 02:22:18
6562,10964,2519,15,260,2,Late delivery,2025-03-13 22:09:42
6563,10965,284,17,174,5,Highly recommended,2026-07-09 20:48:45
6564,10967,2371,17,178,3,Not worth the price,2026-06-08 19:28:10
6565,10968,1309,20,233,5,Very fast delivery,2025-04-25 16:37:52
6566,10969,2723,7,37,5,Highly recommended,2025-04-02 04:05:20
6567,10970,2091,11,381,3,Cold food,2025-04-21 03:30:35
6568,10971,2869,17,390,5,Perfect experience,2025-11-01 17:45:44
6569,10974,2628,3,204,3,Driver was rude,2025-12-16 23:42:21
6570,10975,140,17,30,5,Amazing restaurant,2025-12-26 22:15:48
6571,10976,1537,14,382,4,Excellent service,2025-08-02 06:49:48
6572,10978,2383,17,131,3,Food quality could be better,2024-11-26 19:32:25
6573,10979,419,2,94,2,Cold food,2026-02-03 14:46:26
6574,10980,1937,13,30,5,Driver was polite,2024-10-23 17:35:39
6575,10981,1653,3,129,5,Driver was polite,2024-10-11 03:30:29
6576,10983,357,9,316,4,Excellent service,2025-01-20 16:48:43
6577,10984,639,10,274,5,Fresh food,2025-07-31 02:10:58
6578,10985,1143,1,149,5,Food was delicious,2025-08-02 14:57:33
6579,10986,259,1,226,4,Fresh food,2024-08-31 03:18:57
6580,10989,991,5,29,2,Late delivery,2025-11-15 16:07:04
6581,10994,2063,20,49,4,Fresh food,2024-12-12 21:36:53
6582,10996,2526,14,382,5,Amazing restaurant,2026-03-16 16:34:26
6583,10999,758,10,99,4,Highly recommended,2025-01-03 03:46:49
6584,11000,2793,4,37,4,Very fast delivery,2025-02-09 22:14:05
6585,11001,706,7,31,5,Very fast delivery,2025-03-02 00:40:51
6586,11002,817,17,214,5,Fresh food,2025-06-02 19:14:09
6587,11003,1446,16,392,2,Driver was rude,2024-07-20 17:12:12
6588,11004,2861,20,49,5,Perfect experience,2025-08-16 19:43:07
6589,11005,1615,19,203,5,Perfect experience,2026-01-16 23:21:51
6590,11007,1113,17,133,5,Very fast delivery,2025-01-01 01:37:15
6591,11008,1669,19,200,1,Not worth the price,2026-03-12 04:16:53
6592,11009,166,8,113,5,Driver was polite,2026-04-29 17:19:33
6593,11011,1043,15,315,5,Driver was polite,2025-01-29 20:31:10
6594,11012,274,4,39,5,Fresh food,2026-05-05 22:42:19
6595,11013,1312,12,244,3,Driver was rude,2025-12-03 17:41:01
6596,11017,2630,19,71,5,Perfect experience,2025-12-26 18:18:54
6597,11019,2117,17,97,5,Perfect experience,2025-09-07 02:38:19
6598,11020,573,2,98,5,Driver was polite,2026-05-05 11:56:17
6599,11021,1109,20,114,4,Highly recommended,2026-06-12 20:51:30
6600,11024,1516,3,369,5,Perfect experience,2025-04-23 05:47:53
6601,11028,1863,13,239,4,Highly recommended,2026-03-16 12:57:24
6602,11029,1905,16,302,3,Wrong order,2024-08-30 23:43:39
6603,11032,1032,12,248,3,Wrong order,2024-07-20 16:15:48
6604,11034,1201,12,354,4,Perfect experience,2026-04-18 03:22:24
6605,11038,382,7,99,5,Amazing restaurant,2024-10-17 17:53:26
6606,11039,86,19,243,1,Poor packaging,2024-07-25 22:19:47
6607,11040,2338,17,125,4,Perfect experience,2025-11-28 10:22:02
6608,11041,1848,20,121,3,Late delivery,2025-06-22 11:38:59
6609,11042,1297,6,180,5,Driver was polite,2025-06-03 05:06:11
6610,11043,2954,5,160,5,Highly recommended,2025-07-15 04:06:26
6611,11044,2478,18,290,3,Food quality could be better,2025-03-27 10:24:39
6612,11045,2771,18,39,5,Excellent service,2024-11-16 18:23:19
6613,11046,1477,4,252,5,Driver was polite,2024-09-25 04:46:09
6614,11048,866,19,257,1,Wrong order,2026-04-03 08:10:52
6615,11054,2271,20,169,3,Cold food,2024-12-06 01:20:24
6616,11056,2662,20,38,4,Perfect experience,2026-03-01 07:52:47
6617,11060,872,2,288,4,Very fast delivery,2025-09-05 21:29:30
6618,11061,2999,10,90,5,Excellent service,2024-11-29 14:47:24
6619,11062,765,20,10,4,Amazing restaurant,2026-01-31 07:49:43
6620,11063,2055,18,226,2,Poor packaging,2026-04-03 20:58:43
6621,11066,1449,1,147,4,Excellent service,2024-12-27 09:39:31
6622,11067,2823,8,101,4,Food was delicious,2025-12-21 03:47:08
6623,11068,1533,18,201,3,Driver was rude,2025-03-22 19:51:45
6624,11069,2249,17,162,1,Not worth the price,2024-10-24 13:51:55
6625,11070,312,13,127,5,Very fast delivery,2025-02-11 20:59:03
6626,11073,2441,1,152,5,Perfect experience,2025-01-18 13:44:37
6627,11074,2018,20,227,5,Excellent service,2025-12-28 16:18:01
6628,11075,2738,19,145,4,Very fast delivery,2025-06-22 00:46:19
6629,11076,1631,4,391,4,Excellent service,2026-05-06 12:33:25
6630,11077,552,19,333,4,Very fast delivery,2025-12-17 18:03:19
6631,11078,2564,20,182,4,Driver was polite,2026-02-07 18:11:37
6632,11079,1868,15,85,5,Perfect experience,2025-02-04 05:28:07
6633,11082,2132,2,228,5,Very fast delivery,2026-03-26 03:49:00
6634,11084,1843,13,372,1,Driver was rude,2025-10-13 08:02:33
6635,11085,2981,20,124,5,Fresh food,2024-10-10 03:29:51
6636,11086,188,8,285,5,Food was delicious,2025-05-24 12:18:30
6637,11088,1210,6,312,5,Fresh food,2024-10-17 05:44:41
6638,11090,2298,8,71,4,Driver was polite,2025-03-18 00:29:26
6639,11091,778,2,228,3,Average experience,2025-08-12 13:56:41
6640,11093,239,1,253,5,Food was delicious,2026-03-08 18:16:10
6641,11097,2374,6,229,2,Late delivery,2026-01-14 01:10:51
6642,11099,2338,20,115,3,Average experience,2025-02-18 07:36:54
6643,11100,117,4,145,2,Late delivery,2025-12-07 17:11:36
6644,11103,84,11,28,5,Perfect experience,2025-01-18 10:12:29
6645,11105,2380,20,207,5,Amazing restaurant,2026-01-07 09:01:09
6646,11106,2021,1,400,5,Fresh food,2026-05-23 03:44:43
6647,11107,2322,8,381,4,Highly recommended,2026-04-09 23:59:24
6648,11108,1715,6,85,5,Food was delicious,2025-08-16 00:36:37
6649,11109,1586,2,98,4,Highly recommended,2026-03-17 17:06:47
6650,11110,1535,9,357,4,Amazing restaurant,2024-07-29 19:05:34
6651,11111,778,2,224,5,Excellent service,2024-10-04 23:54:07
6652,11113,2122,13,397,3,Late delivery,2025-08-06 00:08:27
6653,11114,123,8,336,3,Driver was rude,2025-02-28 15:30:05
6654,11115,1410,13,162,4,Driver was polite,2025-06-14 11:31:41
6655,11119,580,17,361,4,Food was delicious,2026-02-14 07:25:10
6656,11120,737,19,150,4,Amazing restaurant,2026-02-19 16:04:23
6657,11121,2963,1,285,4,Highly recommended,2025-11-15 02:03:13
6658,11122,1525,1,164,1,Average experience,2026-06-07 17:56:26
6659,11124,2699,15,275,4,Very fast delivery,2026-07-09 04:44:40
6660,11125,1574,6,299,4,Amazing restaurant,2025-12-10 12:54:13
6661,11127,1685,7,365,4,Highly recommended,2024-12-26 20:31:34
6662,11129,419,2,92,5,Fresh food,2025-06-27 09:40:27
6663,11130,260,12,260,2,Not worth the price,2025-08-30 15:56:27
6664,11131,2802,15,260,5,Amazing restaurant,2026-04-28 03:05:24
6665,11134,2600,2,224,4,Perfect experience,2025-06-02 01:29:26
6666,11135,2645,6,337,3,Poor packaging,2026-02-18 21:20:28
6667,11136,2965,3,79,4,Perfect experience,2026-04-09 02:08:14
6668,11137,1110,19,367,5,Excellent service,2024-09-08 20:53:45
6669,11139,1816,17,172,5,Driver was polite,2024-12-27 06:30:18
6670,11140,2492,20,30,4,Amazing restaurant,2024-10-11 23:56:11
6671,11142,1997,6,312,5,Fresh food,2025-04-14 02:29:00
6672,11143,1952,2,228,4,Fresh food,2025-05-22 18:04:03
6673,11145,2271,13,269,3,Poor packaging,2025-07-31 11:42:08
6674,11146,690,13,1,5,Driver was polite,2026-01-07 14:50:11
6675,11147,1332,18,150,2,Cold food,2026-04-23 15:51:36
6676,11148,407,13,124,4,Excellent service,2024-08-16 10:06:58
6677,11149,1029,19,126,4,Food was delicious,2025-10-18 19:00:35
6678,11150,1600,3,230,5,Driver was polite,2025-04-11 17:30:58
6679,11151,1860,1,168,5,Amazing restaurant,2026-04-26 10:26:21
6680,11152,2055,18,358,4,Food was delicious,2026-06-21 14:47:12
6681,11154,503,7,84,4,Driver was polite,2024-11-16 00:11:13
6682,11155,333,20,265,3,Poor packaging,2026-04-11 19:59:30
6683,11158,1310,6,244,5,Highly recommended,2025-03-09 13:14:51
6684,11159,2381,6,18,5,Very fast delivery,2025-11-16 22:17:53
6685,11160,677,8,149,5,Perfect experience,2025-05-29 13:50:13
6686,11161,2671,17,119,4,Driver was polite,2025-05-04 19:38:22
6687,11162,1422,12,202,5,Driver was polite,2024-09-12 09:38:22
6688,11163,1868,6,383,5,Highly recommended,2025-07-27 23:43:28
6689,11165,223,5,137,4,Driver was polite,2024-12-18 05:53:37
6690,11167,2525,2,242,5,Very fast delivery,2026-04-08 00:43:51
6691,11168,2639,8,118,5,Excellent service,2025-01-16 01:16:57
6692,11169,2674,3,362,2,Food quality could be better,2025-02-19 14:25:22
6693,11171,555,12,304,2,Wrong order,2025-05-22 21:45:02
6694,11172,2049,12,366,4,Food was delicious,2026-02-21 03:07:44
6695,11175,1500,3,101,4,Excellent service,2025-11-09 14:45:06
6696,11177,370,5,311,5,Highly recommended,2026-04-29 00:25:26
6697,11178,1109,13,239,5,Driver was polite,2025-03-01 07:27:14
6698,11179,1144,12,40,3,Food quality could be better,2025-10-15 17:24:48
6699,11181,299,20,102,4,Fresh food,2026-05-11 03:25:02
6700,11182,2230,2,128,5,Very fast delivery,2026-01-11 23:45:12
6701,11185,119,10,314,5,Excellent service,2025-06-09 05:43:36
6702,11186,1833,4,320,4,Very fast delivery,2025-06-21 04:52:44
6703,11189,2274,13,116,5,Very fast delivery,2024-12-06 08:48:57
6704,11190,270,11,343,2,Not worth the price,2025-02-16 15:55:00
6705,11192,275,15,41,4,Perfect experience,2025-10-04 18:15:45
6706,11193,995,1,246,5,Food was delicious,2024-12-04 13:45:03
6707,11194,2492,13,172,5,Very fast delivery,2025-01-04 21:32:33
6708,11195,1934,9,191,5,Food was delicious,2024-10-05 02:26:43
6709,11197,1923,13,174,3,Late delivery,2026-07-09 08:42:07
6710,11203,1637,16,12,4,Highly recommended,2025-10-29 09:38:59
6711,11204,2131,9,120,5,Amazing restaurant,2026-03-13 18:18:42
6712,11205,1179,20,127,3,Driver was rude,2026-02-21 22:29:28
6713,11208,607,3,386,5,Very fast delivery,2025-11-07 13:18:01
6714,11212,1224,8,150,5,Fresh food,2024-08-31 18:24:22
6715,11213,162,16,318,3,Wrong order,2025-11-14 09:25:30
6716,11215,344,3,381,4,Very fast delivery,2025-11-24 17:28:05
6717,11218,1434,3,95,5,Excellent service,2024-09-16 21:51:22
6718,11219,1543,12,112,4,Amazing restaurant,2026-05-20 00:34:17
6719,11220,465,11,39,4,Driver was polite,2026-03-19 12:34:27
6720,11223,1353,4,23,4,Perfect experience,2026-03-11 02:06:31
6721,11224,1902,15,359,5,Fresh food,2025-09-24 22:41:29
6722,11225,2684,2,224,1,Cold food,2025-07-17 12:56:17
6723,11227,457,7,339,5,Highly recommended,2025-09-24 19:00:14
6724,11228,2571,13,265,4,Very fast delivery,2026-03-28 08:03:05
6725,11231,239,11,42,5,Very fast delivery,2025-04-14 22:58:55
6726,11232,2155,15,180,5,Driver was polite,2026-02-03 13:30:00
6727,11233,1291,20,185,5,Very fast delivery,2025-03-15 01:18:29
6728,11236,840,3,219,4,Highly recommended,2024-12-04 22:51:06
6729,11238,2702,7,65,5,Amazing restaurant,2026-01-23 19:02:19
6730,11239,517,15,322,4,Highly recommended,2026-03-16 04:41:38
6731,11240,78,5,339,5,Fresh food,2024-10-13 03:21:48
6732,11242,2102,19,83,5,Amazing restaurant,2024-10-31 21:59:48
6733,11243,239,7,147,5,Fresh food,2026-01-08 21:08:10
6734,11244,550,10,335,4,Driver was polite,2025-04-21 04:51:57
6735,11246,933,19,99,4,Highly recommended,2026-03-18 00:33:07
6736,11248,2368,3,261,2,Cold food,2024-09-28 04:10:45
6737,11250,974,17,327,3,Not worth the price,2024-08-28 02:34:41
6738,11251,2190,3,391,5,Fresh food,2024-12-17 15:21:14
6739,11252,376,20,355,4,Highly recommended,2025-11-22 07:58:39
6740,11253,2426,11,80,5,Fresh food,2025-10-30 23:10:13
6741,11254,2635,11,347,5,Driver was polite,2026-06-19 00:38:05
6742,11255,902,15,112,5,Very fast delivery,2024-07-24 10:03:39
6743,11256,758,3,350,5,Very fast delivery,2025-12-06 09:55:24
6744,11257,833,18,96,3,Poor packaging,2025-07-07 07:37:14
6745,11262,1948,2,173,5,Driver was polite,2026-02-03 21:18:48
6746,11263,1654,20,10,5,Very fast delivery,2025-12-23 17:08:12
6747,11264,1793,13,361,4,Driver was polite,2025-03-20 20:48:50
6748,11269,59,2,224,5,Fresh food,2025-10-17 15:42:26
6749,11270,1749,11,130,5,Perfect experience,2024-09-04 13:26:45
6750,11271,1122,11,336,5,Amazing restaurant,2025-05-10 21:48:19
6751,11274,2047,16,291,4,Perfect experience,2025-10-18 17:08:12
6752,11277,1167,5,339,1,Driver was rude,2025-07-07 21:57:24
6753,11278,2831,12,295,3,Late delivery,2026-03-31 02:04:21
6754,11279,1679,17,276,4,Driver was polite,2025-01-22 03:45:28
6755,11280,589,20,227,5,Perfect experience,2025-10-11 14:45:21
6756,11281,2165,17,397,3,Wrong order,2025-09-15 09:30:29
6757,11282,2413,8,369,5,Driver was polite,2026-05-17 12:55:27
6758,11284,2038,15,43,3,Cold food,2025-08-27 09:04:30
6759,11285,2850,2,92,3,Average experience,2026-03-08 21:53:44
6760,11286,1840,19,71,4,Driver was polite,2025-12-27 07:26:43
6761,11288,451,13,106,5,Driver was polite,2025-12-11 20:31:53
6762,11290,1854,2,306,4,Very fast delivery,2024-12-05 05:01:27
6763,11291,2480,10,95,5,Amazing restaurant,2025-10-23 05:23:33
6764,11292,1636,17,309,2,Cold food,2024-12-31 17:59:58
6765,11293,925,10,149,4,Amazing restaurant,2025-03-29 17:00:40
6766,11294,2033,11,285,4,Driver was polite,2026-02-06 20:26:53
6767,11298,1147,4,290,5,Highly recommended,2025-05-03 03:21:46
6768,11299,2882,11,381,5,Highly recommended,2026-04-30 21:17:45
6769,11301,1658,11,340,5,Fresh food,2024-12-31 20:41:26
6770,11302,1585,12,43,2,Not worth the price,2025-10-31 01:25:27
6771,11304,2290,15,138,2,Wrong order,2026-04-25 14:40:26
6772,11305,2277,13,397,5,Highly recommended,2026-05-11 01:07:41
6773,11306,296,14,394,3,Average experience,2025-07-11 06:21:18
6774,11307,1788,7,34,1,Poor packaging,2025-10-17 15:04:05
6775,11309,1116,8,381,3,Average experience,2025-02-07 03:51:42
6776,11311,2826,19,367,5,Perfect experience,2025-04-05 04:30:09
6777,11312,490,8,335,3,Food quality could be better,2024-11-28 02:47:59
6778,11313,2221,10,24,2,Poor packaging,2024-11-24 17:21:14
6779,11314,1573,8,84,4,Excellent service,2026-03-19 02:20:38
6780,11316,2204,17,236,3,Food quality could be better,2026-06-12 13:55:17
6781,11317,1870,12,354,4,Food was delicious,2025-07-22 19:11:07
6782,11318,2847,12,312,5,Perfect experience,2026-01-19 00:26:40
6783,11321,1876,5,149,4,Fresh food,2025-07-20 18:35:00
6784,11324,2657,20,162,4,Perfect experience,2024-12-25 13:00:52
6785,11325,2936,2,223,5,Excellent service,2024-11-06 03:00:02
6786,11326,1208,6,176,4,Amazing restaurant,2026-01-17 01:10:03
6787,11329,1553,1,271,5,Very fast delivery,2024-12-15 09:03:53
6788,11330,1171,6,87,5,Food was delicious,2025-10-30 06:58:57
6789,11331,2802,12,41,5,Highly recommended,2024-09-15 10:15:43
6790,11332,1171,12,248,4,Driver was polite,2025-05-06 14:06:24
6791,11333,351,20,115,5,Excellent service,2025-01-28 18:04:40
6792,11334,2105,16,111,5,Amazing restaurant,2025-03-06 10:37:43
6793,11335,682,12,159,5,Amazing restaurant,2026-05-23 06:19:06
6794,11337,494,11,314,3,Food quality could be better,2024-12-02 08:41:20
6795,11338,208,9,341,4,Amazing restaurant,2026-03-17 13:20:55
6796,11339,414,13,284,5,Very fast delivery,2025-04-18 06:40:03
6797,11340,2675,10,350,2,Average experience,2025-02-19 03:46:11
6798,11342,948,18,350,1,Not worth the price,2025-11-29 22:38:40
6799,11343,2882,8,164,4,Fresh food,2024-12-29 17:28:28
6800,11344,2915,15,163,4,Perfect experience,2025-11-29 17:51:59
6801,11348,1185,15,368,3,Wrong order,2026-05-19 16:26:03
6802,11353,2723,3,168,3,Late delivery,2025-03-05 03:36:58
6803,11354,517,6,295,5,Perfect experience,2026-01-12 06:14:22
6804,11355,1644,13,233,2,Late delivery,2025-04-30 17:54:57
6805,11358,2146,17,307,4,Amazing restaurant,2024-08-18 10:03:06
6806,11361,2929,19,8,4,Fresh food,2026-05-21 08:14:15
6807,11362,1608,2,294,5,Food was delicious,2026-05-21 21:01:02
6808,11363,2558,13,321,3,Late delivery,2024-10-04 23:19:19
6809,11364,255,13,214,5,Amazing restaurant,2026-05-13 04:04:18
6810,11365,139,18,103,4,Driver was polite,2025-08-28 03:28:05
6811,11367,1082,10,250,5,Driver was polite,2024-07-22 20:54:37
6812,11370,2818,13,157,5,Driver was polite,2025-11-19 23:31:10
6813,11371,2685,16,234,3,Not worth the price,2025-05-05 07:41:55
6814,11372,2708,16,32,3,Cold food,2025-09-14 19:49:58
6815,11373,405,11,326,2,Average experience,2024-08-10 14:14:38
6816,11375,766,10,388,4,Fresh food,2026-06-07 23:25:04
6817,11377,364,18,51,5,Food was delicious,2025-04-24 21:28:39
6818,11378,1099,17,184,5,Very fast delivery,2024-12-31 23:54:03
6819,11379,2596,4,130,3,Wrong order,2025-08-03 18:53:05
6820,11380,931,20,131,4,Perfect experience,2025-03-07 11:25:58
6821,11386,2487,11,160,4,Very fast delivery,2025-01-25 06:09:08
6822,11387,1143,11,347,4,Excellent service,2025-09-06 05:02:35
6823,11389,2422,12,188,5,Very fast delivery,2025-12-10 17:30:27
6824,11390,2597,18,23,5,Excellent service,2025-11-06 11:37:47
6825,11391,2849,19,36,5,Very fast delivery,2025-11-23 23:20:02
6826,11392,2908,4,46,5,Highly recommended,2024-09-28 23:40:41
6827,11394,824,9,13,5,Amazing restaurant,2025-06-05 01:51:49
6828,11395,1078,1,160,5,Amazing restaurant,2025-08-04 11:51:41
6829,11397,799,15,299,3,Wrong order,2024-12-06 07:13:39
6830,11399,2054,13,162,3,Driver was rude,2026-04-18 06:28:07
6831,11400,2752,13,131,4,Amazing restaurant,2026-05-21 15:22:34
6832,11401,1840,4,391,4,Excellent service,2025-12-16 13:29:29
6833,11402,2917,18,101,4,Highly recommended,2024-11-14 22:26:55
6834,11404,2004,1,8,2,Wrong order,2025-11-12 05:23:49
6835,11408,1687,11,200,4,Perfect experience,2026-01-21 14:29:28
6836,11409,633,9,32,4,Very fast delivery,2024-08-22 13:44:39
6837,11412,191,20,172,5,Excellent service,2024-10-16 19:17:01
6838,11414,258,17,86,5,Highly recommended,2026-01-24 05:41:39
6839,11418,551,5,29,3,Food quality could be better,2025-06-09 14:23:34
6840,11419,2101,13,157,5,Driver was polite,2025-03-29 02:43:11
6841,11420,2877,2,221,4,Driver was polite,2026-01-09 17:03:49
6842,11421,662,14,382,3,Average experience,2025-04-25 23:59:23
6843,11422,681,10,28,4,Highly recommended,2025-05-31 23:10:59
6844,11423,1727,16,72,4,Very fast delivery,2025-04-21 10:14:30
6845,11427,423,1,29,3,Wrong order,2025-01-01 13:21:47
6846,11429,2251,3,289,4,Excellent service,2025-11-29 20:03:06
6847,11433,186,17,102,4,Excellent service,2025-05-18 04:10:59
6848,11436,2748,17,355,3,Poor packaging,2026-07-06 09:18:11
6849,11437,2739,6,142,4,Perfect experience,2024-10-18 00:55:17
6850,11438,2904,8,51,5,Food was delicious,2025-03-27 14:39:08
6851,11439,1361,17,30,5,Food was delicious,2025-09-05 22:26:55
6852,11440,1685,7,164,4,Excellent service,2025-08-08 16:34:36
6853,11441,2686,4,179,4,Highly recommended,2025-02-20 02:07:39
6854,11442,2423,11,250,4,Amazing restaurant,2025-08-25 16:33:35
6855,11443,1105,8,369,5,Excellent service,2025-12-02 13:04:13
6856,11446,757,19,171,5,Perfect experience,2025-07-26 05:59:35
6857,11450,1794,15,231,1,Late delivery,2026-04-03 03:53:29
6858,11451,1527,20,227,5,Very fast delivery,2024-09-20 14:53:32
6859,11452,1780,6,359,3,Food quality could be better,2024-08-28 00:25:20
6860,11454,1715,12,40,5,Perfect experience,2025-01-21 08:07:29
6861,11455,311,12,19,4,Highly recommended,2025-07-01 22:44:28
6862,11456,2588,16,302,4,Perfect experience,2026-03-13 21:58:31
6863,11457,1187,20,162,2,Not worth the price,2024-09-21 17:57:31
6864,11459,861,13,184,5,Amazing restaurant,2026-05-11 03:52:07
6865,11460,1432,15,180,5,Food was delicious,2024-09-26 04:07:40
6866,11465,2197,20,265,5,Very fast delivery,2025-04-20 04:29:55
6867,11466,914,10,204,5,Food was delicious,2026-02-23 02:03:24
6868,11469,934,5,346,5,Fresh food,2025-08-08 11:08:19
6869,11472,1104,16,120,5,Highly recommended,2025-08-24 17:33:48
6870,11474,439,8,103,5,Excellent service,2025-01-19 23:59:00
6871,11478,2406,13,236,4,Excellent service,2025-04-22 18:02:08
6872,11479,419,2,221,4,Excellent service,2024-12-29 19:41:14
6873,11483,106,19,96,4,Driver was polite,2026-02-11 08:23:32
6874,11485,2974,6,232,4,Perfect experience,2025-07-27 17:49:55
6875,11487,2440,6,232,3,Cold food,2026-01-15 10:14:41
6876,11488,1347,10,145,5,Amazing restaurant,2024-11-30 17:03:10
6877,11489,2604,9,341,5,Very fast delivery,2024-10-17 03:10:56
6878,11490,1648,5,253,5,Food was delicious,2024-12-25 20:22:13
6879,11491,404,15,359,3,Wrong order,2024-08-30 09:10:30
6880,11492,1929,14,394,3,Driver was rude,2025-12-24 13:06:01
6881,11493,1729,12,188,4,Highly recommended,2025-10-20 07:58:02
6882,11494,1795,13,185,5,Highly recommended,2025-04-05 10:47:59
6883,11497,1321,1,388,1,Not worth the price,2025-08-28 19:32:36
6884,11498,2907,9,302,5,Amazing restaurant,2025-01-20 20:09:45
6885,11499,2618,1,179,3,Food quality could be better,2026-01-22 18:25:10
6886,11500,1914,6,248,3,Cold food,2024-11-07 05:44:15
6887,11502,514,13,47,5,Excellent service,2025-04-23 02:12:37
6888,11504,2620,15,295,5,Amazing restaurant,2026-02-22 22:02:58
6889,11506,526,5,349,5,Food was delicious,2025-10-15 15:43:18
6890,11507,1328,18,350,3,Poor packaging,2025-01-26 16:11:46
6891,11508,2610,18,4,4,Excellent service,2024-08-30 16:05:16
6892,11509,2491,5,251,3,Not worth the price,2024-09-20 08:53:17
6893,11510,387,4,34,4,Driver was polite,2025-02-07 01:01:34
6894,11512,1248,2,288,5,Driver was polite,2025-01-01 09:02:53
6895,11516,2926,5,158,1,Driver was rude,2025-07-01 10:29:57
6896,11518,283,13,169,5,Driver was polite,2025-04-24 03:25:33
6897,11519,722,6,312,4,Amazing restaurant,2026-01-19 21:18:34
6898,11520,2895,2,399,4,Fresh food,2025-03-05 19:09:02
6899,11527,1163,8,42,2,Food quality could be better,2024-09-24 08:44:11
6900,11528,1110,1,7,5,Perfect experience,2024-07-24 14:59:14
6901,11529,1668,17,49,4,Amazing restaurant,2025-09-27 18:15:48
6902,11530,2322,8,200,4,Driver was polite,2026-01-12 13:22:38
6903,11532,568,9,291,4,Amazing restaurant,2024-12-23 18:40:42
6904,11533,2522,4,105,3,Cold food,2026-03-29 22:29:28
6905,11535,1421,19,346,5,Food was delicious,2024-12-28 16:03:03
6906,11536,1520,14,382,1,Not worth the price,2026-01-14 01:48:36
6907,11537,227,5,99,4,Fresh food,2025-04-08 20:30:29
6908,11538,2595,2,128,5,Fresh food,2024-07-17 20:11:04
6909,11539,2160,2,255,5,Very fast delivery,2026-05-21 07:34:16
6910,11540,2713,5,21,5,Very fast delivery,2025-07-15 08:05:40
6911,11543,2968,18,323,3,Average experience,2024-07-17 18:22:01
6912,11545,1641,20,345,5,Driver was polite,2025-09-30 21:45:51
6913,11546,644,16,111,2,Food quality could be better,2024-09-12 05:12:00
6914,11547,2954,10,150,5,Fresh food,2025-06-26 05:21:26
6915,11548,514,20,218,4,Fresh food,2025-08-25 19:54:03
6916,11549,2318,16,357,5,Amazing restaurant,2026-06-23 20:31:14
6917,11550,824,16,353,4,Perfect experience,2025-05-22 18:03:12
6918,11551,196,19,136,3,Driver was rude,2024-11-13 14:54:11
6919,11555,1191,11,90,1,Late delivery,2025-02-26 06:42:59
6920,11556,1434,7,388,3,Not worth the price,2025-11-20 03:04:39
6921,11560,2240,20,233,4,Driver was polite,2026-05-06 10:41:57
6922,11562,1787,11,246,3,Driver was rude,2025-04-04 01:17:29
6923,11564,1173,10,113,3,Food quality could be better,2025-02-02 22:04:38
6924,11565,964,11,31,4,Excellent service,2026-06-22 18:27:16
6925,11566,1386,3,262,3,Late delivery,2026-01-01 22:25:22
6926,11568,76,20,141,5,Fresh food,2026-02-26 15:27:04
6927,11569,452,5,34,1,Poor packaging,2025-01-26 05:49:22
6928,11570,2657,17,172,3,Not worth the price,2025-12-12 12:41:52
6929,11572,213,5,152,4,Driver was polite,2024-11-14 17:02:18
6930,11578,2012,13,185,4,Food was delicious,2026-01-25 10:05:41
6931,11579,94,1,113,4,Fresh food,2025-06-09 21:08:29
6932,11580,47,17,1,1,Not worth the price,2025-07-12 05:34:36
6933,11583,871,11,374,5,Highly recommended,2026-05-29 00:05:12
6934,11587,813,7,84,4,Very fast delivery,2024-07-31 01:24:25
6935,11588,2628,1,158,5,Food was delicious,2026-01-07 13:25:51
6936,11590,136,19,168,3,Not worth the price,2025-09-06 14:03:07
6937,11591,321,11,261,3,Not worth the price,2026-05-29 10:33:51
6938,11592,1565,5,16,4,Excellent service,2026-06-21 20:02:49
6939,11594,58,15,330,5,Excellent service,2025-04-16 07:06:42
6940,11596,325,15,109,5,Driver was polite,2025-09-30 22:48:16
6941,11597,504,2,92,1,Food quality could be better,2025-11-28 14:37:50
6942,11601,1029,18,65,5,Amazing restaurant,2025-02-08 15:46:17
6943,11602,626,6,43,4,Food was delicious,2025-05-09 07:02:59
6944,11605,2618,11,130,3,Wrong order,2025-02-21 10:04:19
6945,11606,1202,14,122,5,Perfect experience,2025-01-13 04:38:14
6946,11607,488,2,255,4,Very fast delivery,2025-09-29 22:07:10
6947,11608,440,14,382,2,Poor packaging,2025-01-15 10:16:12
6948,11609,1084,10,246,3,Wrong order,2025-01-29 18:11:57
6949,11613,2701,1,80,4,Highly recommended,2024-11-14 18:00:32
6950,11614,1205,15,109,5,Highly recommended,2025-09-19 07:57:46
6951,11615,297,1,358,5,Excellent service,2025-10-17 10:37:49
6952,11616,423,8,274,5,Excellent service,2025-05-28 01:41:16
6953,11618,1774,5,400,5,Excellent service,2025-05-22 19:39:03
6954,11619,293,1,250,5,Driver was polite,2025-03-16 12:34:42
6955,11620,611,7,250,4,Driver was polite,2025-02-07 08:03:09
6956,11621,2839,5,346,1,Late delivery,2025-10-29 06:46:45
6957,11622,2572,3,311,1,Late delivery,2025-01-17 04:35:09
6958,11626,587,17,287,5,Amazing restaurant,2026-01-25 15:16:23
6959,11628,2524,20,390,4,Highly recommended,2025-07-16 23:08:10
6960,11630,1303,1,320,5,Food was delicious,2025-08-15 09:16:43
6961,11631,1169,17,307,2,Food quality could be better,2026-04-15 00:34:16
6962,11632,2199,4,261,3,Cold food,2026-05-17 12:52:35
6963,11636,1342,6,283,3,Food quality could be better,2025-04-06 12:51:19
6964,11639,2911,2,399,2,Driver was rude,2024-07-23 20:55:21
6965,11641,1623,20,91,2,Late delivery,2026-02-14 15:05:24
6966,11642,2873,10,333,4,Amazing restaurant,2025-08-08 13:17:36
6967,11644,313,13,38,4,Highly recommended,2026-04-19 00:20:20
6968,11646,527,2,242,4,Excellent service,2025-08-15 05:03:20
6969,11647,2018,20,127,4,Fresh food,2025-01-25 00:42:17
6970,11648,1965,13,310,5,Highly recommended,2026-01-12 14:08:16
6971,11650,2944,20,38,4,Perfect experience,2025-10-28 01:46:45
6972,11654,52,17,235,5,Amazing restaurant,2024-10-29 14:32:40
6973,11655,2510,12,354,4,Perfect experience,2025-05-16 22:37:15
6974,11657,999,13,310,4,Highly recommended,2025-08-07 12:48:27
6975,11659,861,20,372,4,Amazing restaurant,2025-03-31 13:37:15
6976,11660,2090,15,328,4,Amazing restaurant,2026-03-22 23:29:13
6977,11661,1772,3,29,5,Food was delicious,2026-03-12 17:44:43
6978,11664,2606,2,305,4,Food was delicious,2026-02-20 00:47:51
6979,11666,2800,6,275,3,Not worth the price,2025-12-22 09:25:57
6980,11667,2993,13,309,5,Fresh food,2025-11-30 03:42:23
6981,11668,1782,3,314,2,Wrong order,2024-08-05 22:52:45
6982,11669,769,7,200,5,Highly recommended,2026-05-12 04:49:02
6983,11670,2649,20,309,4,Fresh food,2024-12-01 22:56:15
6984,11672,1103,15,40,5,Food was delicious,2026-07-10 12:30:02
6985,11673,1303,7,340,1,Wrong order,2025-01-21 21:22:54
6986,11675,458,18,130,5,Fresh food,2024-09-07 12:13:09
6987,11676,2192,8,46,5,Food was delicious,2025-07-24 23:57:33
6988,11678,1830,5,90,4,Very fast delivery,2024-11-25 03:21:22
6989,11681,1749,19,210,5,Highly recommended,2025-09-02 11:01:41
6990,11682,2699,15,275,3,Not worth the price,2025-06-25 15:38:54
6991,11684,1944,12,368,5,Fresh food,2026-06-14 20:54:15
6992,11685,1759,20,218,5,Food was delicious,2026-05-21 05:04:00
6993,11686,2285,16,120,5,Driver was polite,2025-11-24 09:00:05
6994,11687,708,2,288,5,Food was delicious,2026-05-23 08:32:17
6995,11688,1347,7,219,4,Driver was polite,2025-09-11 21:33:25
6996,11689,1573,8,281,5,Very fast delivery,2025-10-23 14:28:15
6997,11690,2831,6,295,5,Perfect experience,2025-11-15 17:27:19
6998,11691,113,11,285,5,Perfect experience,2024-12-13 18:16:03
6999,11694,2934,6,81,5,Excellent service,2024-10-01 06:12:32
7000,11695,97,3,136,5,Amazing restaurant,2025-07-19 01:16:39
7001,11697,1038,13,22,5,Excellent service,2024-09-07 22:42:31
7002,11698,415,17,276,5,Fresh food,2024-09-28 20:16:42
7003,11701,2356,20,131,5,Driver was polite,2026-01-20 05:37:06
7004,11702,582,3,25,5,Fresh food,2026-04-30 23:51:45
7005,11705,1966,12,315,1,Not worth the price,2024-12-10 15:08:18
7006,11706,2384,20,35,5,Amazing restaurant,2024-12-13 14:52:28
7007,11708,1787,1,23,5,Amazing restaurant,2025-10-09 09:40:15
7008,11710,744,3,274,5,Very fast delivery,2025-04-30 05:06:47
7009,11711,1345,2,66,3,Cold food,2024-09-02 21:33:46
7010,11713,134,20,303,5,Highly recommended,2024-09-05 06:27:57
7011,11714,2710,17,131,3,Driver was rude,2026-02-24 00:43:35
7012,11715,1731,8,286,5,Food was delicious,2024-09-20 06:38:06
7013,11716,1999,7,23,5,Excellent service,2025-12-12 22:47:12
7014,11717,1873,12,315,4,Perfect experience,2025-08-15 08:36:23
7015,11721,682,6,180,4,Highly recommended,2024-08-28 09:04:18
7016,11723,2719,5,311,4,Highly recommended,2026-06-26 08:55:08
7017,11724,637,7,137,5,Highly recommended,2025-09-20 08:30:44
7018,11725,812,4,281,4,Amazing restaurant,2026-07-02 19:52:43
7019,11726,2742,17,133,4,Food was delicious,2024-10-03 06:20:03
7020,11727,1198,5,391,3,Average experience,2025-10-15 21:00:41
7021,11729,721,12,304,4,Fresh food,2024-12-03 17:04:25
7022,11730,2267,16,378,1,Not worth the price,2025-08-20 10:02:47
7023,11731,1343,3,314,4,Driver was polite,2025-03-21 20:01:53
7024,11735,1332,4,365,5,Very fast delivery,2024-08-23 12:31:05
7025,11736,1682,3,135,4,Food was delicious,2025-10-15 21:51:19
7026,11744,899,14,394,3,Food quality could be better,2025-01-30 11:27:29
7027,11746,467,19,126,3,Late delivery,2025-08-06 16:21:19
7028,11747,2664,18,84,4,Food was delicious,2026-07-03 13:14:31
7029,11748,2370,13,245,4,Excellent service,2024-09-28 13:59:10
7030,11752,449,8,340,5,Fresh food,2024-08-05 04:00:00
7031,11753,2137,9,111,5,Perfect experience,2024-11-24 05:33:02
7032,11754,2348,6,229,2,Poor packaging,2026-01-14 09:47:14
7033,11755,375,13,15,4,Perfect experience,2026-01-07 18:39:40
7034,11756,453,1,96,5,Food was delicious,2025-03-02 16:48:31
7035,11758,872,2,305,5,Perfect experience,2025-09-23 06:58:51
7036,11759,1636,13,372,5,Excellent service,2026-01-16 14:22:22
7037,11760,1431,14,382,5,Fresh food,2025-10-21 16:59:37
7038,11764,637,3,103,5,Perfect experience,2026-02-19 21:08:39
7039,11765,2662,20,93,4,Amazing restaurant,2025-02-15 08:05:58
7040,11767,985,14,382,3,Cold food,2024-09-07 03:20:19
7041,11768,2396,6,319,3,Late delivery,2024-11-14 06:10:44
7042,11769,452,1,31,3,Food quality could be better,2025-07-28 12:02:26
7043,11771,2583,8,51,5,Amazing restaurant,2026-04-14 15:00:53
7044,11772,188,10,126,5,Highly recommended,2026-01-12 14:40:59
7045,11774,2231,9,111,2,Driver was rude,2024-09-17 02:43:10
7046,11777,2347,16,318,5,Excellent service,2026-03-07 16:32:49
7047,11778,296,14,394,2,Food quality could be better,2026-06-17 18:17:47
7048,11780,319,7,274,4,Excellent service,2026-03-01 15:43:13
7049,11781,1228,4,84,3,Wrong order,2025-06-01 05:33:35
7050,11782,1067,11,130,2,Late delivery,2024-07-30 14:07:44
7051,11783,1843,13,47,3,Poor packaging,2024-07-25 08:36:46
7052,11785,1535,16,111,5,Excellent service,2024-12-14 15:31:06
7053,11786,2909,20,30,2,Not worth the price,2026-04-20 03:08:48
7054,11788,416,11,171,5,Perfect experience,2025-09-15 18:06:08
7055,11790,439,4,126,2,Cold food,2025-04-09 02:16:04
7056,11791,2027,10,349,5,Amazing restaurant,2025-05-24 16:46:58
7057,11792,287,13,162,5,Fresh food,2024-12-18 18:08:40
7058,11793,1587,18,281,3,Driver was rude,2025-11-05 00:39:38
7059,11795,2634,5,147,5,Highly recommended,2025-04-25 11:10:33
7060,11796,2094,3,365,5,Very fast delivery,2025-08-11 23:28:27
7061,11798,2584,2,224,5,Food was delicious,2025-08-04 03:34:29
7062,11799,2186,15,163,5,Amazing restaurant,2026-02-01 16:05:39
7063,11800,2528,15,81,5,Perfect experience,2025-10-30 15:53:42
7064,11802,1868,15,319,5,Amazing restaurant,2025-11-08 15:25:17
7065,11803,354,4,118,4,Very fast delivery,2024-10-10 20:31:36
7066,11805,502,15,322,3,Not worth the price,2026-02-13 13:14:09
7067,11806,2515,7,326,5,Food was delicious,2026-01-18 18:42:46
7068,11807,1595,8,369,2,Cold food,2024-10-24 15:35:09
7069,11809,2578,4,400,5,Excellent service,2025-04-18 12:49:29
7070,11810,2053,1,257,5,Food was delicious,2025-12-13 19:05:54
7071,11811,254,13,169,3,Cold food,2025-08-16 02:53:30
7072,11812,2716,15,180,4,Very fast delivery,2025-07-14 12:29:15
7073,11813,2650,2,221,4,Very fast delivery,2026-07-14 21:53:12
7074,11814,409,13,265,3,Food quality could be better,2024-07-21 10:54:58
7075,11815,2646,2,195,5,Driver was polite,2025-09-07 19:46:35
7076,11816,990,11,8,5,Very fast delivery,2025-11-01 20:53:58
7077,11817,1095,19,386,4,Very fast delivery,2024-08-27 19:22:18
7078,11818,2494,5,25,1,Poor packaging,2026-01-29 19:48:22
7079,11819,508,12,275,4,Perfect experience,2026-07-03 10:49:54
7080,11820,2015,11,135,4,Highly recommended,2025-07-27 15:24:05
7081,11822,1778,17,206,5,Driver was polite,2026-01-18 07:24:03
7082,11823,935,18,71,4,Driver was polite,2025-07-02 22:53:32
7083,11825,2828,2,66,5,Excellent service,2025-01-26 11:14:31
7084,11826,2423,5,36,4,Food was delicious,2026-01-08 12:27:31
7085,11830,1069,2,94,5,Excellent service,2026-05-29 01:38:00
7086,11831,2413,18,360,5,Perfect experience,2026-05-28 19:55:58
7087,11833,2214,17,141,3,Driver was rude,2026-04-29 10:26:09
7088,11836,783,16,380,5,Driver was polite,2025-11-27 15:07:32
7089,11838,2985,17,239,3,Late delivery,2024-10-08 09:48:58
7090,11839,2566,2,221,3,Food quality could be better,2025-10-26 09:51:44
7091,11840,2316,20,119,5,Very fast delivery,2024-10-26 22:37:36
7092,11841,310,10,365,2,Wrong order,2026-05-01 12:58:21
7093,11842,2794,20,119,2,Average experience,2025-01-19 16:00:28
7094,11843,200,13,77,3,Poor packaging,2026-02-22 10:04:35
7095,11844,809,12,354,5,Very fast delivery,2025-07-03 20:25:36
7096,11845,1071,1,199,5,Excellent service,2024-12-27 23:14:40
7097,11846,871,7,150,5,Amazing restaurant,2026-06-18 19:03:27
7098,11847,1420,6,40,4,Very fast delivery,2025-10-24 18:39:09
7099,11850,2846,20,47,5,Excellent service,2025-11-06 13:20:12
7100,11853,1608,2,66,5,Fresh food,2024-10-23 05:32:07
7101,11854,863,17,178,4,Very fast delivery,2024-10-13 03:45:54
7102,11855,1813,12,354,5,Perfect experience,2025-04-02 09:19:58
7103,11856,1897,4,46,3,Not worth the price,2026-05-14 17:44:03
7104,11857,2652,5,246,3,Cold food,2024-09-27 08:50:42
7105,11859,2395,13,235,5,Excellent service,2025-07-14 16:14:57
7106,11861,1243,10,230,1,Wrong order,2024-09-16 16:41:48
7107,11862,2477,5,130,1,Late delivery,2026-05-01 07:53:10
7108,11866,2425,19,183,4,Driver was polite,2026-03-04 13:11:20
7109,11869,1771,12,189,4,Amazing restaurant,2025-12-23 12:06:27
7110,11872,567,7,65,2,Poor packaging,2025-12-09 12:44:16
7111,11874,1098,9,353,4,Excellent service,2025-08-26 23:13:33
7112,11876,1006,17,116,5,Excellent service,2025-07-23 17:49:37
7113,11877,2199,7,65,5,Fresh food,2025-09-02 19:26:07
7114,11878,80,15,43,4,Driver was polite,2025-07-15 02:44:16
7115,11881,2158,4,113,2,Cold food,2026-06-01 01:42:21
7116,11882,2213,20,11,4,Highly recommended,2026-06-13 20:21:17
7117,11883,337,4,311,4,Highly recommended,2025-08-13 13:56:44
7118,11884,2344,12,232,5,Excellent service,2024-11-04 08:30:58
7119,11886,251,15,43,4,Perfect experience,2025-04-20 12:43:17
7120,11887,1019,20,169,3,Poor packaging,2024-09-21 06:06:20
7121,11888,1738,20,22,4,Fresh food,2024-07-29 09:18:04
7122,11889,872,2,223,5,Excellent service,2025-02-02 02:32:17
7123,11890,2545,2,242,4,Fresh food,2025-06-15 01:36:14
7124,11892,68,19,281,3,Food quality could be better,2024-07-29 01:33:58
7125,11894,1404,5,161,4,Driver was polite,2025-12-24 18:33:08
7126,11895,1710,17,355,5,Food was delicious,2025-06-27 15:48:04
7127,11896,1801,11,271,5,Perfect experience,2025-08-26 11:32:12
7128,11897,2641,1,349,5,Highly recommended,2025-02-09 15:52:30
7129,11898,457,8,99,5,Excellent service,2024-12-08 16:10:38
7130,11900,2803,20,310,3,Cold food,2025-10-27 04:59:55
7131,11901,2440,12,356,4,Amazing restaurant,2025-08-04 04:10:08
7132,11903,584,8,281,5,Perfect experience,2025-03-29 20:46:22
7133,11904,1880,2,305,5,Food was delicious,2025-12-28 02:35:05
7134,11905,1722,3,84,4,Driver was polite,2025-06-19 15:23:33
7135,11906,2709,3,145,2,Poor packaging,2025-11-19 15:07:13
7136,11908,1190,14,394,5,Food was delicious,2025-01-06 11:58:21
7137,11910,287,17,256,4,Amazing restaurant,2026-05-29 08:04:16
7138,11911,1685,5,365,4,Fresh food,2025-05-14 14:15:07
7139,11914,2217,4,285,3,Average experience,2024-08-11 14:00:58
7140,11915,1038,13,239,4,Fresh food,2025-08-09 08:42:35
7141,11916,1527,17,259,2,Average experience,2024-10-04 22:35:40
7142,11917,2893,7,160,5,Driver was polite,2025-10-12 12:23:07
7143,11920,2959,13,184,3,Driver was rude,2025-07-23 12:09:07
7144,11921,1458,17,125,5,Driver was polite,2025-03-29 00:40:05
7145,11925,387,3,99,5,Very fast delivery,2025-04-14 06:38:33
7146,11929,2691,18,203,5,Driver was polite,2025-12-27 10:05:05
7147,11930,903,2,181,3,Driver was rude,2025-06-05 19:33:31
7148,11931,2440,6,232,5,Excellent service,2026-07-06 05:39:21
7149,11933,2262,19,339,2,Food quality could be better,2025-07-21 05:38:42
7150,11934,2194,6,299,3,Poor packaging,2026-07-13 13:55:05
7151,11936,120,16,111,4,Fresh food,2024-10-14 20:21:08
7152,11937,1350,20,93,5,Excellent service,2025-11-19 18:52:21
7153,11938,1129,20,276,4,Amazing restaurant,2026-07-12 12:25:44
7154,11942,2891,2,195,5,Driver was polite,2025-11-01 01:16:55
7155,11943,845,20,1,4,Driver was polite,2024-12-19 05:23:35
7156,11945,2751,6,109,4,Very fast delivery,2025-03-20 17:28:55
7157,11948,1869,13,106,3,Driver was rude,2026-07-14 16:46:19
7158,11949,499,2,175,4,Excellent service,2025-11-29 21:32:09
7159,11950,590,3,252,5,Amazing restaurant,2025-02-05 21:13:59
7160,11951,904,13,157,4,Very fast delivery,2024-09-20 09:51:58
7161,11953,2797,10,369,5,Fresh food,2025-03-10 20:03:50
7162,11955,2942,20,236,4,Food was delicious,2026-05-02 08:46:49
7163,11956,1235,20,276,1,Food quality could be better,2025-01-25 09:34:43
7164,11957,1777,16,357,5,Excellent service,2025-02-18 13:56:58
7165,11958,2642,9,341,1,Late delivery,2026-06-07 12:00:49
7166,11959,2755,13,35,3,Wrong order,2024-08-19 15:27:58
7167,11960,1750,13,141,4,Perfect experience,2025-08-10 18:31:58
7168,11962,1284,3,34,3,Food quality could be better,2026-05-17 15:01:40
7169,11964,934,5,253,5,Very fast delivery,2025-07-11 17:09:45
7170,11965,1799,12,330,5,Very fast delivery,2026-06-27 22:51:45
7171,11967,2061,18,71,5,Amazing restaurant,2025-10-06 03:24:46
7172,11968,1224,5,343,3,Average experience,2025-11-12 19:05:11
7173,11972,1054,17,307,4,Food was delicious,2025-10-13 03:41:44
7174,11973,2940,2,195,5,Excellent service,2024-09-30 18:48:38
7175,11974,2174,11,335,3,Food quality could be better,2025-01-22 14:36:09
7176,11975,163,12,176,4,Food was delicious,2025-03-19 01:33:30
7177,11978,822,13,376,4,Driver was polite,2025-03-04 17:21:33
7178,11979,491,18,199,4,Excellent service,2025-09-30 12:49:06
7179,11980,876,10,25,5,Perfect experience,2024-11-10 09:12:49
7180,11983,263,18,29,5,Amazing restaurant,2024-08-09 15:36:30
7181,11984,540,15,312,3,Driver was rude,2026-04-28 17:24:07
7182,11985,1097,1,400,4,Perfect experience,2024-08-26 11:28:35
7183,11986,1290,11,80,5,Excellent service,2024-10-27 02:54:24
7184,11988,1797,8,96,4,Food was delicious,2024-09-13 17:01:16
7185,11993,2172,19,272,2,Poor packaging,2024-10-27 18:13:45
7186,11996,1599,7,334,5,Food was delicious,2025-08-15 04:26:10
7187,11997,2963,10,65,3,Average experience,2026-04-22 22:59:30
7188,11998,2946,7,71,5,Driver was polite,2025-09-09 23:11:10
7189,11999,111,17,102,3,Poor packaging,2025-10-09 18:23:09
7190,12000,1215,17,22,5,Food was delicious,2025-11-10 01:40:17
7191,12002,523,17,97,4,Highly recommended,2025-09-12 20:50:55
7192,12004,1253,8,105,4,Very fast delivery,2025-12-25 07:39:16
7193,12005,2414,1,209,4,Perfect experience,2025-02-26 18:38:50
7194,12009,1078,8,338,5,Food was delicious,2025-03-01 18:36:45
7195,12013,1277,6,304,3,Late delivery,2025-06-27 10:49:44
7196,12014,2972,8,39,5,Excellent service,2026-01-02 08:46:36
7197,12016,197,6,330,4,Driver was polite,2025-09-14 21:17:03
7198,12018,874,19,150,4,Driver was polite,2024-12-04 04:46:24
7199,12019,524,9,12,1,Poor packaging,2026-01-28 04:15:27
7200,12020,2970,19,267,4,Driver was polite,2025-04-11 07:16:15
7201,12021,946,9,72,3,Driver was rude,2025-04-07 22:51:52
7202,12022,812,10,42,3,Cold food,2025-08-30 10:39:34
7203,12023,2701,11,51,4,Driver was polite,2025-04-07 03:06:07
7204,12024,1927,20,276,5,Driver was polite,2026-05-23 05:00:45
7205,12025,830,12,146,5,Driver was polite,2024-08-14 20:17:56
7206,12026,88,5,320,2,Poor packaging,2025-01-15 15:48:18
7207,12028,247,5,79,4,Perfect experience,2025-02-13 15:59:14
7208,12029,2526,14,382,4,Very fast delivery,2025-04-12 18:04:51
7209,12030,1875,8,42,3,Poor packaging,2025-07-20 12:34:06
7210,12031,450,17,276,5,Excellent service,2026-01-07 12:59:28
7211,12033,2966,16,357,4,Amazing restaurant,2026-03-31 21:50:31
7212,12034,418,7,42,1,Poor packaging,2025-06-20 06:02:23
7213,12036,1163,1,219,5,Very fast delivery,2024-11-05 04:34:07
7214,12038,400,8,210,5,Very fast delivery,2025-01-20 15:48:49
7215,12039,1784,4,99,2,Driver was rude,2024-07-15 16:50:35
7216,12042,493,1,34,4,Perfect experience,2024-07-31 02:21:02
7217,12044,2246,11,130,5,Perfect experience,2026-02-01 17:15:45
7218,12046,2720,2,61,5,Amazing restaurant,2025-12-05 20:53:01
7219,12047,2729,9,13,5,Food was delicious,2025-05-22 12:32:55
7220,12048,2427,15,163,4,Excellent service,2025-10-27 20:39:34
7221,12050,788,3,74,4,Highly recommended,2025-01-25 08:13:58
7222,12053,165,17,50,5,Very fast delivery,2026-03-21 11:57:32
7223,12054,1063,15,142,5,Driver was polite,2026-05-25 06:27:58
7224,12055,904,17,162,3,Wrong order,2024-12-22 15:07:33
7225,12056,2476,9,318,4,Highly recommended,2026-04-22 05:30:55
7226,12057,2771,4,271,2,Average experience,2026-01-16 04:03:39
7227,12058,2525,2,17,3,Late delivery,2024-09-19 05:43:53
7228,12059,1518,10,118,5,Highly recommended,2025-07-18 00:51:08
7229,12069,855,17,124,4,Excellent service,2025-12-03 14:34:17
7230,12071,2640,16,220,4,Driver was polite,2025-05-27 17:40:03
7231,12072,224,6,304,5,Perfect experience,2024-11-10 06:03:17
7232,12073,1808,12,180,3,Food quality could be better,2025-04-08 14:20:48
7233,12076,1812,17,213,4,Perfect experience,2025-06-25 18:26:35
7234,12077,1350,13,376,5,Highly recommended,2024-08-07 07:35:31
7235,12078,464,18,96,4,Food was delicious,2026-05-08 21:24:30
7236,12082,2170,18,369,3,Cold food,2025-03-05 00:53:45
7237,12083,453,1,126,4,Perfect experience,2025-03-17 22:57:11
7238,12085,1697,8,4,5,Food was delicious,2025-01-16 11:06:35
7239,12086,1111,17,307,4,Fresh food,2024-09-25 10:56:11
7240,12087,760,2,228,3,Wrong order,2025-01-08 17:41:42
7241,12088,2077,1,266,4,Amazing restaurant,2025-03-22 04:49:04
7242,12089,77,5,183,4,Highly recommended,2025-02-15 12:50:19
7243,12092,2379,2,110,3,Driver was rude,2025-12-24 13:10:19
7244,12093,517,12,312,4,Fresh food,2025-09-29 23:01:09
7245,12097,1435,12,18,3,Poor packaging,2024-07-16 00:26:44
7246,12098,462,9,378,4,Excellent service,2025-11-19 04:47:15
7247,12099,1032,12,304,2,Wrong order,2026-06-03 05:15:15
7248,12101,2940,2,53,5,Amazing restaurant,2024-07-23 08:57:28
7249,12103,2580,15,188,4,Driver was polite,2025-10-30 06:01:07
7250,12104,2754,6,317,4,Driver was polite,2026-03-03 03:45:35
7251,12105,2421,13,86,4,Excellent service,2025-04-14 18:31:23
7252,12108,486,10,99,4,Very fast delivery,2025-05-31 22:09:39
7253,12109,1755,19,183,4,Highly recommended,2026-04-15 01:28:27
7254,12111,2400,13,22,5,Very fast delivery,2026-07-14 09:05:28
7255,12112,536,15,202,1,Late delivery,2026-07-10 07:02:06
7256,12118,2645,12,163,4,Fresh food,2025-11-10 04:14:08
7257,12119,762,5,36,2,Average experience,2025-09-25 01:57:04
7258,12124,2609,17,116,3,Not worth the price,2025-01-21 13:36:07
7259,12126,1807,15,366,4,Very fast delivery,2024-09-20 17:49:48
7260,12127,1485,19,219,5,Amazing restaurant,2025-06-07 10:00:34
7261,12131,2639,5,323,2,Not worth the price,2025-03-12 20:24:03
7262,12132,519,10,326,4,Food was delicious,2025-05-11 21:54:42
7263,12133,749,5,391,2,Late delivery,2025-09-17 21:07:58
7264,12134,2917,19,272,4,Perfect experience,2025-09-06 17:56:48
7265,12135,53,17,355,2,Average experience,2025-03-06 15:39:00
7266,12136,204,16,353,5,Driver was polite,2025-12-20 02:57:24
7267,12139,2769,17,77,3,Not worth the price,2026-06-01 23:04:57
7268,12140,1172,16,318,5,Very fast delivery,2025-02-14 21:41:33
7269,12145,1778,17,313,3,Late delivery,2025-05-25 22:47:22
7270,12148,905,16,234,5,Amazing restaurant,2024-11-17 23:14:49
7271,12149,1029,19,203,5,Excellent service,2024-12-06 12:06:05
7272,12150,2231,9,353,4,Perfect experience,2025-07-16 00:51:09
7273,12151,619,6,54,5,Excellent service,2026-06-25 19:20:54
7274,12152,631,15,319,5,Amazing restaurant,2025-01-08 15:22:56
7275,12154,1851,2,175,5,Amazing restaurant,2025-08-07 13:54:30
7276,12155,2269,10,95,3,Food quality could be better,2026-06-11 14:55:15
7277,12157,1830,5,381,3,Not worth the price,2026-06-12 15:59:50
7278,12159,1991,1,46,2,Not worth the price,2025-07-22 10:41:49
7279,12160,434,20,11,3,Not worth the price,2024-11-01 00:57:46
7280,12162,1110,18,199,3,Late delivery,2025-01-04 00:20:35
7281,12163,1336,10,71,3,Late delivery,2025-06-05 01:54:48
7282,12166,1404,18,391,5,Perfect experience,2026-06-12 15:14:26
7283,12167,1364,17,132,5,Perfect experience,2024-09-18 18:35:35
7284,12171,690,17,190,4,Perfect experience,2025-10-15 22:23:58
7285,12172,353,11,285,5,Perfect experience,2025-08-28 18:13:36
7286,12174,264,17,93,5,Food was delicious,2026-01-19 07:47:59
7287,12175,1464,19,129,2,Late delivery,2026-04-14 08:58:03
7288,12177,1123,10,153,5,Excellent service,2025-03-16 15:25:43
7289,12178,24,6,43,4,Amazing restaurant,2026-03-19 02:47:10
7290,12181,1353,8,230,5,Excellent service,2024-10-23 05:35:22
7291,12182,1997,15,295,5,Perfect experience,2024-09-24 23:28:15
7292,12183,1025,11,149,4,Driver was polite,2026-03-04 10:59:58
7293,12184,625,10,250,4,Perfect experience,2026-03-15 18:20:10
7294,12185,1234,20,77,4,Food was delicious,2024-12-23 11:33:50
7295,12186,1356,3,99,5,Excellent service,2025-06-05 15:38:12
7296,12189,2205,3,388,4,Food was delicious,2026-04-01 12:21:22
7297,12190,2805,3,71,4,Fresh food,2025-09-25 06:15:26
7298,12192,1564,12,189,5,Fresh food,2025-07-31 05:23:37
7299,12193,24,12,165,5,Food was delicious,2025-12-15 08:45:51
7300,12195,280,17,259,3,Not worth the price,2024-08-03 19:27:49
7301,12196,824,9,32,5,Fresh food,2025-12-08 07:52:01
7302,12199,2848,4,333,4,Food was delicious,2026-06-11 07:53:01
7303,12202,313,20,307,4,Driver was polite,2025-05-20 04:09:07
7304,12203,2362,20,124,4,Excellent service,2024-12-15 13:37:07
7305,12206,627,14,122,5,Food was delicious,2026-06-03 10:21:04
7306,12207,2616,18,37,4,Excellent service,2024-07-29 00:03:30
7307,12211,2098,3,136,5,Driver was polite,2024-07-19 05:45:55
7308,12212,2963,10,209,4,Perfect experience,2025-11-21 05:50:23
7309,12214,1201,12,189,3,Not worth the price,2024-07-19 13:17:15
7310,12216,2772,11,226,5,Food was delicious,2025-03-11 23:09:35
7311,12218,2945,6,109,5,Perfect experience,2025-04-16 23:27:59
7312,12219,2523,6,41,5,Highly recommended,2024-10-08 17:15:42
7313,12220,2697,6,112,5,Excellent service,2026-01-26 03:54:19
7314,12222,238,7,347,4,Excellent service,2025-07-07 10:44:11
7315,12224,2564,13,321,5,Amazing restaurant,2024-08-30 14:10:20
7316,12225,1687,7,266,5,Very fast delivery,2025-09-20 04:43:28
7317,12228,154,9,194,5,Highly recommended,2025-02-28 06:44:00
7318,12231,2288,10,90,5,Excellent service,2026-02-09 05:58:22
7319,12234,2104,17,256,4,Highly recommended,2026-01-15 14:24:16
7320,12235,1242,10,153,5,Food was delicious,2026-03-18 18:48:32
7321,12238,664,16,302,5,Very fast delivery,2025-02-24 21:16:10
7322,12239,1123,19,339,5,Excellent service,2025-12-13 05:40:55
7323,12240,1995,12,337,4,Excellent service,2026-06-06 23:30:37
7324,12241,585,11,325,3,Not worth the price,2025-01-18 12:59:46
7325,12245,2015,3,95,5,Perfect experience,2025-12-04 08:09:53
7326,12246,1060,13,116,5,Perfect experience,2026-03-19 10:38:33
7327,12247,2472,11,126,5,Amazing restaurant,2026-06-03 08:35:49
7328,12248,1715,15,322,3,Poor packaging,2025-02-23 23:34:12
7329,12249,2511,3,251,5,Food was delicious,2024-11-28 14:45:37
7330,12250,1625,5,343,4,Excellent service,2026-04-29 12:20:35
7331,12251,238,18,4,5,Driver was polite,2024-07-30 07:25:44
7332,12254,233,20,1,5,Fresh food,2025-01-23 15:12:52
7333,12255,330,5,339,5,Excellent service,2025-06-10 23:07:16
7334,12256,1925,17,351,5,Excellent service,2025-02-27 23:37:16
7335,12257,2159,11,346,5,Excellent service,2025-06-07 03:16:10
7336,12259,1293,12,299,5,Food was delicious,2024-07-28 20:55:39
7337,12260,486,18,350,4,Driver was polite,2025-07-16 06:08:59
7338,12264,1650,10,199,3,Wrong order,2026-03-03 08:00:04
7339,12267,1959,19,21,2,Cold food,2025-08-24 21:03:12
7340,12270,1507,1,339,5,Excellent service,2024-07-19 21:17:59
7341,12271,602,6,142,5,Very fast delivery,2024-08-17 00:19:45
7342,12272,2403,13,97,5,Excellent service,2024-12-21 07:51:22
7343,12273,1785,9,220,2,Poor packaging,2025-12-09 09:47:20
7344,12275,2494,5,250,5,Fresh food,2026-06-29 18:48:33
7345,12276,972,12,41,5,Amazing restaurant,2025-12-04 12:36:23
7346,12277,352,20,284,4,Fresh food,2025-12-04 19:10:23
7347,12278,1697,4,203,5,Excellent service,2026-01-27 18:27:05
7348,12279,109,20,182,5,Driver was polite,2026-01-22 01:33:09
7349,12280,2729,16,234,3,Not worth the price,2024-10-26 01:56:51
7350,12283,2424,19,145,3,Wrong order,2026-05-02 18:30:49
7351,12285,2323,2,224,4,Highly recommended,2025-03-19 23:26:16
7352,12286,2076,4,24,3,Wrong order,2026-06-13 05:54:34
7353,12287,518,9,220,4,Amazing restaurant,2024-08-26 06:24:58
7354,12288,1441,20,259,4,Very fast delivery,2024-10-15 01:56:37
7355,12289,1231,1,334,4,Perfect experience,2026-04-17 20:38:09
7356,12290,2901,1,129,5,Fresh food,2024-09-01 23:49:24
7357,12294,2168,16,378,5,Highly recommended,2024-10-11 06:57:46
7358,12296,1031,17,133,3,Poor packaging,2025-06-18 12:04:21
7359,12297,747,15,159,2,Cold food,2026-05-31 10:30:07
7360,12298,1325,8,80,4,Food was delicious,2026-06-17 23:08:25
7361,12299,359,15,299,4,Very fast delivery,2025-08-02 19:57:45
7362,12300,735,10,204,4,Driver was polite,2024-09-30 16:35:00
7363,12301,1641,20,372,5,Fresh food,2025-05-31 19:55:51
7364,12302,2678,2,92,5,Driver was polite,2024-12-08 12:16:58
7365,12304,1462,1,168,3,Average experience,2026-05-16 22:26:58
7366,12305,622,13,106,4,Fresh food,2024-08-26 02:55:32
7367,12307,1260,17,114,5,Excellent service,2026-04-06 09:46:04
7368,12308,1441,13,321,5,Perfect experience,2026-02-28 12:09:31
7369,12309,1169,20,178,5,Food was delicious,2025-07-14 12:43:04
7370,12310,552,5,203,5,Food was delicious,2026-02-17 06:08:22
7371,12312,621,9,107,5,Food was delicious,2024-12-28 17:41:20
7372,12313,1504,6,159,4,Driver was polite,2025-01-06 19:49:31
7373,12315,86,5,230,5,Food was delicious,2026-01-24 07:01:38
7374,12316,2214,20,287,4,Perfect experience,2024-10-19 09:42:47
7375,12319,1806,11,101,4,Very fast delivery,2024-08-03 08:19:22
7376,12320,1733,20,372,2,Late delivery,2025-09-24 00:36:34
7377,12321,1382,3,130,3,Average experience,2025-02-13 22:30:44
7378,12322,2648,10,374,4,Fresh food,2024-11-24 13:13:14
7379,12323,137,10,79,4,Food was delicious,2024-10-08 18:58:37
7380,12324,1762,12,48,2,Wrong order,2024-12-07 10:29:21
7381,12325,2556,13,313,4,Highly recommended,2024-09-09 05:50:44
7382,12326,2966,9,357,5,Food was delicious,2026-05-26 07:38:36
7383,12327,2668,13,184,4,Highly recommended,2024-11-15 13:51:26
7384,12328,567,3,103,5,Perfect experience,2025-03-02 02:22:06
7385,12329,1917,14,394,5,Perfect experience,2024-08-14 15:08:10
7386,12334,1751,2,221,5,Highly recommended,2026-02-20 11:43:39
7387,12335,1663,10,290,3,Wrong order,2026-04-04 15:35:04
7388,12336,1133,2,53,4,Driver was polite,2026-05-06 00:02:25
7389,12337,2649,20,22,1,Late delivery,2025-05-16 18:15:53
7390,12338,590,4,79,5,Food was delicious,2026-04-30 05:44:49
7391,12342,2873,3,152,5,Very fast delivery,2025-06-25 16:39:46
7392,12343,1482,13,313,5,Fresh food,2025-12-08 11:16:17
7393,12347,1804,11,199,4,Perfect experience,2024-12-19 11:01:30
7394,12348,995,18,290,5,Fresh food,2024-07-17 08:11:35
7395,12349,391,8,272,4,Food was delicious,2025-04-12 02:27:32
7396,12350,395,16,302,5,Highly recommended,2025-06-06 19:28:02
7397,12351,2349,15,383,5,Perfect experience,2024-09-22 07:43:07
7398,12352,13,8,367,4,Excellent service,2024-11-27 20:50:45
7399,12353,2133,15,112,5,Driver was polite,2024-12-14 18:08:10
7400,12354,1134,16,194,4,Highly recommended,2024-11-03 13:48:12
7401,12355,2557,2,175,4,Perfect experience,2025-03-29 00:57:31
7402,12356,2833,5,362,5,Driver was polite,2026-02-23 01:35:03
7403,12357,2268,1,136,5,Fresh food,2026-02-26 05:34:47
7404,12359,739,9,120,4,Perfect experience,2026-04-26 04:43:27
7405,12362,2759,2,175,3,Average experience,2025-06-15 19:13:46
7406,12365,2013,12,188,5,Amazing restaurant,2024-09-02 07:48:08
7407,12366,1117,8,343,5,Amazing restaurant,2025-02-25 19:39:07
7408,12367,1700,17,182,4,Driver was polite,2025-04-02 08:51:19
7409,12369,2186,12,232,4,Driver was polite,2024-12-13 02:18:31
7410,12370,1641,20,321,5,Amazing restaurant,2024-12-08 04:58:29
7411,12372,225,3,16,3,Cold food,2026-01-08 15:20:24
7412,12374,2026,8,266,1,Cold food,2025-11-08 18:57:09
7413,12375,432,11,326,5,Very fast delivery,2024-08-24 11:15:47
7414,12378,2626,20,93,5,Driver was polite,2024-11-28 22:40:36
7415,12380,314,10,289,4,Perfect experience,2024-12-13 21:51:18
7416,12382,2454,4,4,3,Cold food,2026-02-06 08:06:36
7417,12385,533,4,267,3,Food quality could be better,2024-10-04 00:37:36
7418,12387,1818,6,359,3,Food quality could be better,2025-05-01 16:09:28
7419,12389,1333,13,214,5,Amazing restaurant,2026-06-04 06:10:37
7420,12390,1456,8,28,4,Very fast delivery,2026-01-05 12:03:10
7421,12392,2674,5,335,5,Perfect experience,2025-01-25 14:35:14
7422,12395,2326,11,25,2,Food quality could be better,2025-09-04 12:56:55
7423,12396,1715,15,43,5,Perfect experience,2025-06-21 20:46:41
7424,12398,428,16,194,4,Driver was polite,2025-06-15 11:41:25
7425,12400,1466,10,340,3,Cold food,2024-09-18 09:18:27
7426,12401,680,17,284,5,Fresh food,2026-03-22 01:35:17
7427,12402,1110,4,362,5,Perfect experience,2025-09-10 05:27:41
7428,12405,1707,15,59,5,Food was delicious,2025-06-12 05:43:04
7429,12406,2558,20,11,5,Fresh food,2025-06-07 18:46:46
7430,12407,187,3,31,5,Food was delicious,2024-09-06 02:31:41
7431,12408,764,13,162,4,Highly recommended,2025-06-10 21:42:13
7432,12409,1237,18,336,5,Food was delicious,2024-08-04 05:41:19
7433,12411,2483,3,74,4,Highly recommended,2026-07-10 18:35:38
7434,12413,2696,15,87,5,Food was delicious,2026-01-02 11:24:17
7435,12415,2800,12,138,5,Excellent service,2025-10-06 06:12:21
7436,12416,1359,19,147,4,Fresh food,2026-04-17 22:13:52
7437,12420,380,19,391,5,Excellent service,2025-02-08 04:11:26
7438,12421,454,12,112,5,Driver was polite,2025-08-22 14:41:13
7439,12422,2424,10,168,5,Amazing restaurant,2026-05-23 09:37:17
7440,12423,535,3,130,3,Driver was rude,2026-01-24 05:51:40
7441,12424,1371,15,359,2,Poor packaging,2025-06-03 22:16:42
7442,12425,2533,14,382,5,Very fast delivery,2024-08-19 21:21:31
7443,12426,2485,20,11,4,Driver was polite,2025-07-21 23:37:37
7444,12427,2324,15,304,5,Excellent service,2024-08-13 16:59:57
7445,12428,624,9,72,5,Perfect experience,2025-04-07 22:47:40
7446,12430,1546,15,312,4,Excellent service,2025-01-20 02:09:25
7447,12431,1465,17,245,4,Fresh food,2026-05-26 13:07:25
7448,12432,742,15,366,2,Not worth the price,2024-07-17 23:18:29
7449,12433,2950,8,261,5,Perfect experience,2026-01-04 23:43:47
7450,12434,2161,9,352,5,Fresh food,2026-06-07 00:26:12
7451,12437,1748,17,2,4,Driver was polite,2024-09-12 19:49:39
7452,12438,1764,8,21,2,Cold food,2025-01-04 09:16:55
7453,12439,989,18,311,4,Fresh food,2026-04-04 00:21:56
7454,12441,1002,6,368,5,Amazing restaurant,2025-07-05 00:38:08
7455,12442,2775,6,163,5,Amazing restaurant,2026-06-25 10:57:28
7456,12445,228,1,171,2,Cold food,2026-02-17 04:45:27
7457,12446,1498,20,174,4,Very fast delivery,2025-12-19 16:58:31
7458,12447,2444,12,263,4,Perfect experience,2025-01-21 09:25:03
7459,12448,1,15,368,5,Food was delicious,2025-12-25 07:38:14
7460,12449,2996,12,19,5,Amazing restaurant,2025-07-18 13:20:57
7461,12450,364,8,329,5,Driver was polite,2026-01-26 08:50:33
7462,12452,1150,18,136,4,Very fast delivery,2025-04-09 22:50:01
7463,12454,1111,20,114,5,Very fast delivery,2024-11-25 21:35:41
7464,12455,1619,13,310,5,Driver was polite,2026-07-09 15:24:01
7465,12457,968,3,365,5,Fresh food,2025-02-09 04:34:20
7466,12459,468,2,288,5,Very fast delivery,2025-11-03 18:03:05
7467,12460,2545,2,255,4,Highly recommended,2024-12-01 04:53:51
7468,12461,391,19,134,4,Perfect experience,2024-09-26 01:55:56
7469,12462,2258,20,211,5,Perfect experience,2024-09-02 06:29:36
7470,12463,1707,15,41,1,Driver was rude,2025-07-17 03:23:04
7471,12468,576,6,295,5,Perfect experience,2025-11-29 01:15:23
7472,12473,2869,20,38,4,Very fast delivery,2025-09-14 20:54:04
7473,12474,675,14,382,5,Amazing restaurant,2026-06-09 19:35:56
7474,12475,484,7,137,5,Fresh food,2025-08-24 17:36:12
7475,12476,170,11,65,1,Cold food,2026-06-17 12:39:29
7476,12477,1088,10,343,4,Driver was polite,2025-04-24 05:32:49
7477,12478,2175,12,248,5,Driver was polite,2025-07-24 13:31:25
7478,12479,1601,3,179,3,Food quality could be better,2025-06-09 23:56:53
7479,12480,52,17,310,5,Excellent service,2025-07-17 06:25:17
7480,12481,250,15,43,4,Fresh food,2025-10-13 01:10:19
7481,12482,2924,14,382,3,Driver was rude,2025-11-21 20:21:26
7482,12484,1052,12,283,4,Highly recommended,2025-08-10 12:02:01
7483,12485,1852,20,355,5,Amazing restaurant,2025-11-28 05:01:37
7484,12486,1806,8,168,5,Fresh food,2024-11-04 17:03:48
7485,12487,1503,18,391,1,Poor packaging,2024-10-06 07:42:59
7486,12488,1503,5,246,5,Driver was polite,2026-04-30 16:08:16
7487,12489,1142,9,353,5,Very fast delivery,2024-12-16 13:59:35
7488,12491,261,12,48,5,Excellent service,2026-02-25 09:10:06
7489,12492,1639,20,93,5,Fresh food,2024-11-21 08:41:51
7490,12495,112,6,202,2,Poor packaging,2025-06-04 16:27:46
7491,12496,1210,12,315,4,Highly recommended,2025-07-28 03:49:12
7492,12498,670,20,86,5,Excellent service,2024-09-01 10:31:55
7493,12500,2495,1,158,5,Excellent service,2024-09-18 08:08:24
7494,12501,1037,12,59,4,Fresh food,2025-08-09 23:47:03
7495,12502,786,20,86,4,Very fast delivery,2025-02-01 00:59:54
7496,12503,974,17,30,5,Excellent service,2025-12-28 22:51:01
7497,12504,648,3,274,3,Food quality could be better,2025-08-26 06:03:41
7498,12506,831,12,159,4,Perfect experience,2025-06-28 01:26:08
7499,12507,1465,13,11,5,Fresh food,2025-01-27 20:59:56
7500,12508,1113,13,132,4,Excellent service,2025-04-02 04:53:31
7501,12509,2199,10,152,2,Food quality could be better,2026-03-26 19:01:06
7502,12511,1535,16,111,3,Wrong order,2025-10-22 07:33:03
7503,12512,2331,15,3,5,Fresh food,2024-10-18 20:31:01
7504,12513,1130,5,118,5,Amazing restaurant,2025-02-12 02:33:54
7505,12514,1794,15,359,4,Driver was polite,2026-02-09 06:48:58
7506,12515,1216,4,39,5,Highly recommended,2025-05-11 01:18:20
7507,12517,580,17,284,4,Food was delicious,2024-09-06 00:37:48
7508,12519,2312,16,32,4,Fresh food,2025-05-02 23:49:19
7509,12524,758,3,362,5,Driver was polite,2025-02-18 09:58:59
7510,12525,202,1,8,4,Amazing restaurant,2024-12-10 05:12:37
7511,12526,772,17,172,3,Not worth the price,2025-04-09 13:25:06
7512,12527,2273,1,243,5,Amazing restaurant,2025-10-02 23:36:48
7513,12529,2493,2,17,5,Very fast delivery,2026-02-26 06:02:01
7514,12530,2265,5,21,4,Fresh food,2025-12-21 02:21:26
7515,12531,1791,3,16,5,Food was delicious,2024-09-19 00:20:13
7516,12532,1832,10,200,4,Very fast delivery,2026-03-02 12:24:46
7517,12533,433,1,137,5,Fresh food,2026-05-21 03:53:28
7518,12534,1719,16,32,4,Amazing restaurant,2025-10-18 06:15:17
7519,12538,2514,18,374,5,Excellent service,2025-05-24 20:48:31
7520,12539,2269,19,252,5,Driver was polite,2025-05-19 23:48:31
7521,12541,1125,17,114,3,Driver was rude,2025-02-18 22:26:39
7522,12543,1331,15,176,5,Excellent service,2025-10-29 11:31:21
7523,12544,1778,13,127,5,Perfect experience,2026-05-23 05:55:28
7524,12545,276,11,200,3,Driver was rude,2025-05-27 12:08:19
7525,12546,1425,19,339,5,Fresh food,2025-11-20 21:50:10
7526,12548,2517,10,246,5,Perfect experience,2024-12-09 02:22:10
7527,12549,23,12,41,5,Fresh food,2024-09-04 03:58:10
7528,12550,601,6,18,5,Highly recommended,2026-01-10 13:14:01
7529,12552,2803,20,190,3,Cold food,2025-09-08 23:59:21
7530,12554,6,2,175,4,Driver was polite,2024-10-24 15:00:27
7531,12556,711,14,394,4,Perfect experience,2026-01-03 14:43:59
7532,12557,2495,10,274,5,Driver was polite,2026-01-22 14:18:04
7533,12558,893,17,38,2,Driver was rude,2025-03-24 03:51:55
7534,12560,2693,13,10,5,Food was delicious,2025-01-16 09:36:24
7535,12561,1343,18,200,4,Very fast delivery,2024-09-04 00:08:45
7536,12562,1977,13,169,4,Amazing restaurant,2024-11-28 15:03:59
7537,12563,1438,19,153,4,Perfect experience,2024-10-04 15:54:41
7538,12564,2720,2,92,4,Highly recommended,2026-04-21 11:08:42
7539,12567,2805,10,257,5,Food was delicious,2025-03-02 00:32:28
7540,12569,1450,7,209,3,Not worth the price,2026-01-04 11:08:24
7541,12570,333,17,397,3,Wrong order,2026-04-29 18:36:45
7542,12571,58,6,319,5,Excellent service,2026-05-16 23:25:22
7543,12573,2150,4,386,4,Perfect experience,2025-10-27 20:02:22
7544,12574,2018,13,190,2,Poor packaging,2026-05-03 09:19:56
7545,12575,1405,2,195,5,Excellent service,2026-02-12 16:33:57
7546,12576,213,11,24,4,Very fast delivery,2024-10-19 23:09:28
7547,12577,1337,8,251,5,Highly recommended,2024-10-25 01:37:09
7548,12579,624,16,72,5,Very fast delivery,2026-03-03 08:53:40
7549,12582,1049,6,354,2,Food quality could be better,2026-07-10 23:16:54
7550,12584,2411,20,361,5,Amazing restaurant,2025-02-18 04:13:04
7551,12586,470,19,343,5,Highly recommended,2026-04-10 19:30:39
7552,12587,286,1,153,4,Very fast delivery,2026-01-09 23:40:05
7553,12589,2004,8,183,4,Driver was polite,2024-08-13 09:42:57
7554,12594,2708,9,107,4,Fresh food,2025-03-03 13:41:10
7555,12595,2309,20,124,5,Excellent service,2025-07-04 02:31:05
7556,12596,2583,11,381,5,Driver was polite,2026-05-22 15:46:00
7557,12597,910,15,81,4,Driver was polite,2025-01-10 04:56:37
7558,12599,1187,13,313,4,Highly recommended,2025-12-27 23:05:53
7559,12600,2183,16,352,1,Driver was rude,2024-08-28 03:43:36
7560,12602,1960,19,137,5,Very fast delivery,2025-10-07 01:28:09
7561,12603,1673,8,343,4,Driver was polite,2024-08-24 14:33:18
7562,12604,98,13,256,4,Perfect experience,2026-01-29 10:10:55
7563,12605,401,15,283,4,Fresh food,2025-07-18 20:00:13
7564,12607,2861,13,321,5,Driver was polite,2025-10-21 07:54:37
7565,12608,2868,10,36,5,Perfect experience,2025-05-29 07:25:12
7566,12609,2748,13,303,5,Food was delicious,2025-05-18 17:22:12
7567,12610,1764,4,360,2,Food quality could be better,2026-02-09 14:54:40
7568,12611,2651,5,381,5,Driver was polite,2026-07-01 20:33:23
7569,12612,831,6,368,4,Fresh food,2025-09-12 21:11:19
7570,12614,65,3,152,5,Excellent service,2026-01-12 08:26:03
7571,12615,1515,12,299,3,Driver was rude,2024-07-17 14:09:55
7572,12616,232,1,391,4,Amazing restaurant,2025-01-03 21:41:28
7573,12617,2492,20,327,1,Driver was rude,2025-11-13 21:22:09
7574,12619,10,12,85,5,Highly recommended,2025-04-24 22:19:00
7575,12620,2262,10,65,4,Fresh food,2026-05-05 23:49:26
7576,12621,1641,13,35,5,Perfect experience,2024-12-17 08:51:59
7577,12622,1723,1,79,4,Driver was polite,2025-04-29 14:09:15
7578,12623,2936,2,53,5,Food was delicious,2026-01-24 19:10:04
7579,12624,2047,16,341,5,Perfect experience,2026-06-30 11:55:15
7580,12626,2392,14,394,4,Perfect experience,2025-07-28 17:48:47
7581,12627,2669,14,122,3,Cold food,2025-07-05 15:05:24
7582,12629,1830,11,350,5,Driver was polite,2024-09-25 01:40:58
7583,12631,759,7,200,4,Highly recommended,2026-04-02 10:16:57
7584,12632,2454,10,365,4,Driver was polite,2026-03-05 08:09:40
7585,12633,2554,20,174,5,Driver was polite,2025-06-21 21:41:35
7586,12638,1926,16,196,1,Not worth the price,2024-12-31 12:59:16
7587,12640,1104,9,196,4,Perfect experience,2025-10-23 14:37:23
7588,12641,2937,12,282,5,Amazing restaurant,2025-05-04 22:31:37
7589,12642,1831,1,145,2,Wrong order,2025-06-15 10:32:52
7590,12646,971,6,282,3,Late delivery,2026-01-12 06:56:51
7591,12648,194,5,96,5,Driver was polite,2024-09-17 23:49:50
7592,12649,1891,20,236,5,Fresh food,2025-03-07 19:29:56
7593,12651,2045,6,142,5,Perfect experience,2025-07-03 17:52:17
7594,12652,635,9,194,3,Average experience,2025-08-13 01:45:07
7595,12655,1321,1,150,4,Very fast delivery,2025-06-08 10:41:13
7596,12656,439,3,340,4,Excellent service,2024-12-17 17:36:46
7597,12657,1165,12,109,2,Cold food,2026-01-24 08:45:58
7598,12660,1477,19,358,5,Excellent service,2024-12-14 15:52:32
7599,12661,332,12,319,3,Average experience,2025-02-25 08:34:45
7600,12662,2797,4,134,4,Highly recommended,2026-04-17 23:10:05
7601,12664,1078,4,374,1,Wrong order,2025-05-19 19:27:19
7602,12665,1062,3,4,5,Fresh food,2024-10-12 15:52:19
7603,12666,1134,9,341,3,Cold food,2025-09-04 10:32:50
7604,12667,2121,6,324,5,Amazing restaurant,2025-09-17 16:11:27
7605,12668,737,18,267,5,Perfect experience,2025-04-13 14:53:09
7606,12669,158,17,233,4,Amazing restaurant,2025-06-13 04:01:40
7607,12670,2396,6,354,5,Highly recommended,2025-06-10 06:54:28
7608,12671,254,17,207,5,Amazing restaurant,2026-07-14 18:19:36
7609,12672,2065,17,303,4,Fresh food,2026-06-15 01:24:25
7610,12673,298,13,269,4,Highly recommended,2025-10-08 07:01:19
7611,12674,2611,13,236,5,Food was delicious,2025-05-17 08:56:06
7612,12676,24,15,18,5,Fresh food,2025-09-05 14:50:49
7613,12677,1280,1,152,4,Very fast delivery,2025-04-03 15:25:56
7614,12679,508,6,59,5,Highly recommended,2025-10-11 19:18:35
7615,12680,2172,5,381,5,Excellent service,2026-03-08 03:12:54
7616,12681,1770,6,189,4,Very fast delivery,2025-09-10 17:42:06
7617,12682,1356,4,257,4,Highly recommended,2026-05-18 22:29:03
7618,12684,2925,8,71,5,Food was delicious,2025-09-04 17:49:38
7619,12686,341,2,57,3,Cold food,2025-03-19 03:49:23
7620,12688,2464,19,346,5,Food was delicious,2025-11-01 08:56:31
7621,12689,2738,3,152,4,Driver was polite,2025-07-19 17:39:08
7622,12690,977,11,118,5,Amazing restaurant,2026-01-13 01:17:57
7623,12691,155,17,125,4,Amazing restaurant,2026-04-16 14:59:41
7624,12692,1129,20,174,4,Excellent service,2024-12-08 05:33:25
7625,12693,2587,19,21,3,Wrong order,2024-10-08 00:22:10
7626,12694,7,8,365,5,Highly recommended,2025-04-14 15:22:02
7627,12695,578,2,288,4,Very fast delivery,2025-07-23 17:53:02
7628,12696,1057,1,250,5,Driver was polite,2025-05-16 08:21:12
7629,12697,515,10,335,3,Poor packaging,2026-03-23 06:59:29
7630,12698,2056,3,386,5,Excellent service,2026-05-01 16:19:44
7631,12700,2740,12,337,5,Perfect experience,2025-10-22 19:09:34
7632,12702,1374,2,66,3,Average experience,2024-09-12 06:11:04
7633,12703,1532,12,260,4,Highly recommended,2026-07-01 04:01:08
7634,12704,254,20,327,5,Amazing restaurant,2026-05-17 08:08:30
7635,12705,2013,15,260,5,Very fast delivery,2024-08-19 23:38:44
7636,12706,1199,15,81,5,Driver was polite,2024-09-30 01:21:25
7637,12707,491,1,365,5,Amazing restaurant,2025-03-15 19:53:12
7638,12709,849,17,106,4,Food was delicious,2025-01-10 03:35:03
7639,12711,785,19,150,1,Cold food,2025-06-15 13:31:16
7640,12713,1584,2,195,5,Fresh food,2025-09-05 18:51:43
7641,12716,1309,13,206,4,Fresh food,2025-08-29 03:44:24
7642,12717,1904,18,199,5,Very fast delivery,2024-10-09 08:38:13
7643,12718,1464,3,65,4,Amazing restaurant,2024-11-13 21:39:30
7644,12719,902,6,263,5,Driver was polite,2025-08-17 23:19:39
7645,12724,1935,3,46,4,Food was delicious,2025-06-30 17:14:30
7646,12726,1346,7,326,5,Perfect experience,2025-12-27 06:55:39
7647,12727,1157,10,381,4,Amazing restaurant,2026-02-05 01:29:52
7648,12730,727,19,326,3,Food quality could be better,2025-05-11 07:44:12
7649,12733,1687,19,311,2,Late delivery,2024-12-06 00:44:52
7650,12734,1849,1,25,3,Driver was rude,2024-08-12 03:49:40
7651,12735,2160,2,94,5,Food was delicious,2025-08-07 11:50:19
7652,12737,1334,11,400,5,Highly recommended,2024-09-10 23:44:09
7653,12739,2306,13,355,3,Wrong order,2026-04-29 00:56:55
7654,12740,2696,6,315,3,Poor packaging,2024-10-20 21:58:37
7655,12741,1405,2,181,5,Excellent service,2026-02-23 12:27:07
7656,12742,2613,11,126,3,Driver was rude,2025-07-11 23:55:25
7657,12743,1045,19,251,3,Average experience,2024-10-25 22:55:05
7658,12744,1092,16,220,3,Poor packaging,2026-07-15 12:36:29
7659,12745,1899,2,305,2,Wrong order,2024-09-17 11:06:09
7660,12746,490,19,99,2,Late delivery,2026-02-15 03:12:28
7661,12747,2828,2,224,5,Very fast delivery,2024-11-16 03:51:32
7662,12748,2216,2,92,5,Amazing restaurant,2024-12-17 23:33:10
7663,12749,2447,12,231,1,Late delivery,2024-07-19 20:39:48
7664,12750,2597,8,290,3,Late delivery,2024-09-14 13:42:16
7665,12751,814,17,239,5,Amazing restaurant,2024-11-09 14:58:35
7666,12752,1020,13,206,2,Cold food,2025-04-26 20:36:50
7667,12754,68,10,21,5,Perfect experience,2025-04-21 15:01:02
7668,12755,2825,4,160,5,Fresh food,2025-05-20 15:09:58
7669,12758,943,4,271,5,Highly recommended,2025-03-12 20:55:11
7670,12759,1398,13,77,5,Amazing restaurant,2025-09-09 20:23:12
7671,12761,2040,18,42,5,Fresh food,2026-05-20 12:49:00
7672,12762,1478,15,229,3,Wrong order,2025-08-29 18:30:22
7673,12763,2701,18,323,5,Excellent service,2024-10-16 00:22:52
7674,12766,1550,17,114,4,Highly recommended,2025-12-04 21:28:06
7675,12767,1959,11,134,4,Driver was polite,2026-03-04 03:21:34
7676,12772,2129,16,341,5,Amazing restaurant,2026-05-27 03:44:34
7677,12773,2540,13,235,2,Late delivery,2025-04-27 04:36:54
7678,12777,1598,6,163,4,Amazing restaurant,2024-09-19 16:47:36
7679,12779,1331,15,304,2,Wrong order,2025-05-28 08:57:19
7680,12780,428,9,387,5,Amazing restaurant,2025-12-01 01:46:54
7681,12783,1093,11,365,5,Highly recommended,2026-04-24 05:57:00
7682,12784,1935,4,4,5,Food was delicious,2025-10-09 17:03:50
7683,12785,2742,17,157,4,Driver was polite,2025-10-20 23:22:33
7684,12787,1871,11,323,5,Perfect experience,2025-01-06 18:23:10
7685,12789,1621,8,25,5,Perfect experience,2024-08-01 01:48:33
7686,12792,809,15,248,3,Poor packaging,2026-01-13 22:43:42
7687,12793,2482,3,171,5,Highly recommended,2025-04-15 17:47:27
7688,12794,1851,2,61,5,Perfect experience,2025-04-15 15:06:59
7689,12795,1374,2,128,3,Average experience,2024-10-12 20:08:56
7690,12798,1170,20,125,3,Poor packaging,2024-12-22 23:57:09
7691,12799,1764,11,281,2,Late delivery,2025-03-10 15:43:12
7692,12801,1840,18,226,5,Excellent service,2026-05-19 12:06:29
7693,12802,1787,19,329,5,Food was delicious,2025-04-01 12:41:01
7694,12803,2344,6,319,4,Food was delicious,2025-06-06 01:42:19
7695,12804,223,11,129,5,Amazing restaurant,2026-07-07 02:38:23
7696,12805,1890,2,53,5,Highly recommended,2026-06-06 23:41:48
7697,12806,45,3,230,5,Highly recommended,2025-03-19 08:58:49
7698,12807,2067,1,323,4,Amazing restaurant,2026-07-07 01:40:15
7699,12809,2352,17,106,4,Fresh food,2025-01-21 03:50:28
7700,12810,2622,11,286,3,Cold food,2025-02-25 23:16:03
7701,12812,1375,13,97,5,Very fast delivery,2026-07-11 15:39:27
7702,12816,998,9,120,5,Very fast delivery,2025-08-11 22:52:02
7703,12817,838,17,174,4,Food was delicious,2025-11-10 21:32:03
7704,12818,2681,13,86,3,Cold food,2026-02-09 11:07:52
7705,12819,1516,5,200,3,Not worth the price,2026-06-06 08:51:42
7706,12820,302,5,29,4,Very fast delivery,2024-12-11 07:28:36
7707,12822,1243,11,340,4,Highly recommended,2025-11-10 00:33:23
7708,12823,1846,8,135,4,Fresh food,2025-01-07 06:28:55
7709,12826,2837,11,286,5,Driver was polite,2026-02-16 21:57:39
7710,12828,635,9,378,5,Excellent service,2025-06-17 06:56:33
7711,12830,2214,13,190,5,Perfect experience,2025-12-05 03:52:52
7712,12835,2049,15,383,5,Very fast delivery,2025-12-07 22:30:51
7713,12837,708,2,242,3,Poor packaging,2025-05-21 08:32:45
7714,12838,2410,3,113,5,Perfect experience,2024-08-07 05:12:45
7715,12839,172,16,352,5,Perfect experience,2025-09-23 09:36:54
7716,12840,847,15,244,3,Late delivery,2025-05-03 01:17:20
7717,12843,1972,2,110,5,Fresh food,2026-03-19 01:47:02
7718,12844,2944,20,214,4,Highly recommended,2026-05-22 03:13:54
7719,12847,2236,4,24,5,Perfect experience,2026-07-04 04:39:42
7720,12848,640,10,135,4,Fresh food,2026-04-29 22:16:25
7721,12849,565,9,318,5,Perfect experience,2025-03-30 14:03:13
7722,12851,2150,10,338,3,Food quality could be better,2026-05-12 12:32:34
7723,12852,2319,6,312,5,Highly recommended,2024-08-30 16:26:55
7724,12854,223,11,367,4,Excellent service,2025-06-05 10:02:22
7725,12855,2563,8,96,4,Amazing restaurant,2025-01-11 15:23:49
7726,12857,945,4,285,2,Driver was rude,2026-04-08 06:45:08
7727,12858,2333,3,118,4,Excellent service,2025-07-06 22:04:39
7728,12859,746,1,136,4,Amazing restaurant,2025-06-29 06:18:25
7729,12861,1158,15,59,5,Highly recommended,2025-07-04 01:58:39
7730,12865,2219,8,340,4,Driver was polite,2024-12-02 06:28:37
7731,12867,2812,6,231,3,Average experience,2026-03-13 05:19:37
7732,12870,697,1,210,4,Fresh food,2025-10-11 15:49:16
7733,12871,166,4,29,4,Amazing restaurant,2025-06-13 23:47:54
7734,12872,2092,5,246,4,Driver was polite,2026-05-30 23:26:47
7735,12873,2827,20,50,4,Amazing restaurant,2025-05-24 10:14:16
7736,12874,792,19,314,3,Average experience,2025-04-24 06:23:33
7737,12875,1446,16,352,4,Very fast delivery,2025-06-20 18:21:04
7738,12876,2135,19,243,4,Fresh food,2025-07-06 06:06:41
7739,12877,1086,15,359,5,Perfect experience,2026-01-03 20:49:14
7740,12879,2935,14,122,5,Amazing restaurant,2025-11-16 05:13:38
7741,12880,2915,6,299,4,Food was delicious,2025-03-23 12:07:34
7742,12882,434,20,185,5,Amazing restaurant,2026-06-09 05:24:44
7743,12883,2876,20,376,2,Wrong order,2024-08-05 08:41:39
7744,12884,319,7,153,5,Perfect experience,2026-03-17 15:21:28
7745,12885,945,19,118,5,Food was delicious,2026-02-16 08:05:34
7746,12887,1488,16,72,5,Amazing restaurant,2025-10-08 05:54:30
7747,12889,2120,1,267,4,Very fast delivery,2025-10-13 06:26:18
7748,12890,2496,6,59,5,Driver was polite,2025-06-12 19:48:04
7749,12891,1118,3,135,5,Fresh food,2025-03-28 06:32:26
7750,12893,288,6,248,5,Fresh food,2024-10-13 20:08:25
7751,12894,2180,8,28,5,Highly recommended,2025-09-14 03:07:55
7752,12895,1694,13,15,5,Very fast delivery,2024-12-06 22:29:08
7753,12897,593,17,213,2,Food quality could be better,2026-06-15 08:59:34
7754,12898,396,8,336,3,Poor packaging,2025-05-06 07:11:26
7755,12903,554,2,175,3,Wrong order,2025-07-29 01:31:28
7756,12907,2369,8,367,3,Not worth the price,2024-08-21 14:48:22
7757,12908,1550,20,162,5,Amazing restaurant,2025-10-01 16:16:48
7758,12909,2082,12,282,5,Driver was polite,2024-11-16 23:25:26
7759,12910,798,14,382,4,Food was delicious,2026-04-27 15:43:10
7760,12912,2631,13,15,5,Food was delicious,2024-11-01 20:12:07
7761,12913,225,1,149,4,Amazing restaurant,2026-05-02 03:09:27
7762,12914,847,15,299,4,Excellent service,2026-03-31 11:22:39
7763,12919,1343,1,350,4,Excellent service,2026-05-31 23:30:37
7764,12920,2103,17,259,5,Food was delicious,2025-05-06 08:27:02
7765,12922,191,20,256,5,Food was delicious,2025-04-09 03:36:31
7766,12924,2397,19,226,4,Excellent service,2025-04-29 22:21:15
7767,12927,269,13,269,5,Very fast delivery,2025-09-20 07:53:50
7768,12929,1988,3,179,5,Very fast delivery,2025-08-16 15:28:25
7769,12930,490,3,251,5,Food was delicious,2026-07-09 12:57:06
7770,12931,59,2,17,5,Fresh food,2026-04-16 05:30:34
7771,12932,2554,13,50,5,Perfect experience,2024-11-25 07:34:44
7772,12933,2008,8,250,1,Driver was rude,2026-02-12 16:57:46
7773,12934,2623,12,146,4,Fresh food,2026-03-03 08:36:42
7774,12935,1848,20,30,5,Food was delicious,2026-04-20 08:05:48
7775,12936,814,17,124,4,Highly recommended,2026-05-04 17:49:20
7776,12938,143,3,16,5,Highly recommended,2024-11-01 17:16:20
7777,12939,2240,17,211,4,Excellent service,2025-07-04 14:22:38
7778,12940,1771,15,202,3,Late delivery,2025-01-19 10:51:31
7779,12942,2885,12,283,5,Highly recommended,2025-09-13 21:56:38
7780,12945,2262,10,37,5,Amazing restaurant,2026-05-07 10:13:40
7781,12946,1477,19,80,4,Food was delicious,2024-08-21 01:24:13
7782,12947,302,18,16,1,Late delivery,2026-04-30 06:12:41
7783,12948,2092,19,74,4,Perfect experience,2026-04-11 04:37:33
7784,12949,1025,11,80,4,Food was delicious,2025-09-28 01:27:41
7785,12950,200,13,390,5,Excellent service,2025-04-25 08:57:58
7786,12951,2670,14,382,4,Amazing restaurant,2025-10-19 00:03:22
7787,12952,131,2,399,3,Poor packaging,2024-10-02 22:40:18
7788,12954,2000,18,118,1,Late delivery,2026-01-09 05:14:07
7789,12955,879,11,340,3,Not worth the price,2026-02-09 21:19:03
7790,12956,1083,6,48,2,Cold food,2024-09-05 15:37:05
7791,12957,593,20,127,5,Fresh food,2025-11-24 21:05:16
7792,12958,1252,2,221,2,Food quality could be better,2025-06-01 01:00:37
7793,12959,1567,18,267,3,Driver was rude,2026-05-10 11:32:38
7794,12960,2997,3,204,4,Highly recommended,2025-06-12 19:57:53
7795,12961,2802,12,356,3,Not worth the price,2024-08-13 07:19:38
7796,12962,1077,7,166,5,Fresh food,2024-09-15 22:59:04
7797,12964,2479,7,8,5,Driver was polite,2025-04-28 14:40:12
7798,12966,1663,18,346,5,Driver was polite,2025-02-23 08:32:06
7799,12969,113,4,243,5,Fresh food,2025-06-25 14:03:09
7800,12970,1743,18,374,5,Very fast delivery,2025-01-19 14:51:19
7801,12971,2640,9,302,3,Not worth the price,2026-03-28 22:01:52
7802,12972,2285,16,302,5,Perfect experience,2026-05-11 06:47:03
7803,12974,2749,10,31,5,Driver was polite,2025-02-02 10:27:39
7804,12975,1537,14,382,5,Food was delicious,2025-07-14 11:44:07
7805,12977,1386,11,135,4,Perfect experience,2024-09-09 10:48:28
7806,12978,326,17,132,5,Excellent service,2025-01-23 21:51:17
7807,12979,2851,17,190,5,Highly recommended,2025-08-11 04:48:28
7808,12980,1793,20,2,4,Amazing restaurant,2025-03-12 01:39:00
7809,12981,1985,18,250,4,Driver was polite,2025-09-12 14:03:25
7810,12982,1622,4,113,4,Driver was polite,2025-11-25 13:49:19
7811,12985,1107,10,21,4,Fresh food,2025-06-13 08:12:58
7812,12988,165,13,169,2,Cold food,2025-09-21 16:44:06
7813,12989,2333,3,325,5,Driver was polite,2025-02-11 00:11:10
7814,12990,1135,6,322,5,Excellent service,2025-11-06 12:19:09
7815,12991,1701,12,41,3,Poor packaging,2025-03-22 13:15:53
7816,12992,514,20,227,4,Very fast delivery,2024-12-01 04:53:43
7817,12994,1546,12,383,4,Very fast delivery,2024-12-02 13:53:02
7818,12995,1144,15,202,3,Poor packaging,2025-11-01 19:17:10
7819,12997,1879,5,118,4,Very fast delivery,2025-05-22 01:16:40
7820,12998,148,9,120,4,Perfect experience,2024-10-29 05:47:29
7821,13000,663,19,346,5,Very fast delivery,2026-04-17 06:34:41
7822,13001,382,11,362,5,Highly recommended,2025-03-20 22:57:20
7823,13003,936,1,183,4,Food was delicious,2025-03-26 21:02:57
7824,13004,2208,8,271,4,Fresh food,2025-11-20 05:21:47
7825,13006,1532,15,54,5,Driver was polite,2026-01-21 08:23:11
7826,13009,1854,2,92,5,Amazing restaurant,2025-10-23 21:43:55
7827,13010,1361,17,245,3,Food quality could be better,2026-01-21 16:32:19
7828,13011,1996,15,112,5,Fresh food,2025-03-30 07:54:18
7829,13013,1325,7,152,3,Not worth the price,2026-03-17 19:45:56
7830,13015,2776,19,36,2,Late delivery,2026-03-15 06:57:28
7831,13016,125,13,310,4,Excellent service,2025-09-18 16:03:59
7832,13017,852,17,157,3,Not worth the price,2024-10-18 15:14:35
7833,13018,2268,5,350,4,Fresh food,2025-03-10 22:51:30
7834,13019,2748,20,121,4,Amazing restaurant,2025-12-25 16:40:15
7835,13022,1162,8,134,5,Food was delicious,2025-08-01 19:54:25
7836,13023,1847,20,287,4,Excellent service,2025-07-03 04:32:47
7837,13024,477,18,37,4,Perfect experience,2026-05-27 00:17:16
7838,13025,198,4,230,5,Excellent service,2025-03-15 13:30:18
7839,13027,204,9,291,5,Amazing restaurant,2024-11-28 01:47:47
7840,13030,1299,14,122,5,Food was delicious,2026-04-30 23:16:49
7841,13031,836,1,160,5,Food was delicious,2026-06-14 20:50:22
7842,13032,1625,5,286,4,Driver was polite,2025-06-13 16:18:23
7843,13033,1123,3,103,4,Driver was polite,2025-01-29 19:25:19
7844,13034,1905,9,352,4,Driver was polite,2024-10-10 04:34:37
7845,13035,96,15,159,4,Food was delicious,2026-06-23 11:27:31
7846,13039,257,20,178,5,Amazing restaurant,2024-09-24 10:33:40
7847,13040,1118,18,95,4,Highly recommended,2025-04-27 17:30:09
7848,13042,1121,3,350,5,Very fast delivery,2025-10-06 10:32:28
7849,13044,1860,11,290,3,Average experience,2024-12-29 10:14:53
7850,13045,191,13,10,4,Driver was polite,2026-01-18 19:15:01
7851,13048,2852,8,123,5,Fresh food,2026-01-21 18:34:33
7852,13049,2152,20,310,5,Food was delicious,2025-08-09 16:38:08
7853,13050,2162,19,252,5,Perfect experience,2024-12-19 09:20:36
7854,13051,1350,20,115,3,Poor packaging,2026-03-28 01:09:54
7855,13052,442,12,59,5,Driver was polite,2026-05-01 04:32:03
7856,13054,2227,7,171,5,Perfect experience,2025-08-03 08:36:04
7857,13056,573,2,228,5,Food was delicious,2025-01-10 21:53:35
7858,13059,1946,11,219,3,Not worth the price,2025-03-27 23:43:44
7859,13060,2960,2,110,3,Driver was rude,2026-04-03 14:47:59
7860,13061,2619,14,394,5,Fresh food,2024-07-23 13:30:17
7861,13064,98,13,93,5,Amazing restaurant,2025-03-09 22:07:03
7862,13066,212,20,47,5,Very fast delivery,2026-04-25 13:31:43
7863,13067,2081,10,238,5,Perfect experience,2025-11-02 02:51:53
7864,13069,2257,15,85,5,Very fast delivery,2025-02-20 03:40:09
7865,13070,2015,10,238,3,Late delivery,2026-07-12 13:15:51
7866,13071,227,5,250,4,Excellent service,2025-03-27 16:51:38
7867,13072,1344,8,286,4,Driver was polite,2025-09-21 12:32:08
7868,13073,1075,6,322,5,Very fast delivery,2024-12-23 08:08:01
7869,13074,1173,11,334,5,Excellent service,2025-12-31 13:55:26
7870,13075,1928,5,311,1,Cold food,2025-08-31 01:16:53
7871,13076,2558,13,11,4,Fresh food,2024-08-08 12:39:22
7872,13079,346,17,10,5,Driver was polite,2024-09-07 11:58:44
7873,13085,546,6,112,2,Not worth the price,2025-11-20 00:07:14
7874,13086,1762,15,244,5,Driver was polite,2025-03-11 05:26:05
7875,13087,2268,18,388,4,Food was delicious,2026-04-04 09:38:18
7876,13088,1907,7,203,2,Cold food,2025-12-03 05:55:24
7877,13091,25,1,95,3,Wrong order,2025-08-02 19:20:24
7878,13097,2912,10,160,4,Food was delicious,2026-04-14 06:22:58
7879,13099,231,13,77,5,Perfect experience,2025-02-26 09:25:52
7880,13100,1244,14,394,1,Food quality could be better,2025-11-27 21:27:58
7881,13101,1608,2,181,3,Late delivery,2026-03-19 23:00:55
7882,13103,2167,13,132,5,Highly recommended,2026-03-21 21:28:00
7883,13104,2626,13,35,4,Perfect experience,2024-10-19 00:50:59
7884,13105,2684,2,181,4,Amazing restaurant,2026-02-24 21:02:57
7885,13106,1179,13,10,5,Perfect experience,2025-09-02 05:37:54
7886,13107,1771,12,232,3,Food quality could be better,2025-08-14 03:11:10
7887,13110,735,18,257,4,Driver was polite,2026-04-04 08:32:23
7888,13112,950,13,213,4,Perfect experience,2025-11-19 11:51:50
7889,13113,1965,17,178,3,Cold food,2025-05-07 17:28:13
7890,13117,861,17,10,4,Fresh food,2026-04-10 08:47:50
7891,13118,2719,3,90,4,Amazing restaurant,2025-03-28 17:08:53
7892,13121,1342,12,40,2,Driver was rude,2025-04-14 16:46:59
7893,13124,2401,20,233,3,Late delivery,2025-09-28 07:15:56
7894,13125,1091,18,36,4,Food was delicious,2025-09-13 20:21:20
7895,13126,620,6,43,3,Cold food,2026-01-21 07:50:30
7896,13127,73,2,306,3,Late delivery,2024-12-05 18:08:48
7897,13128,2696,6,229,5,Excellent service,2025-03-25 05:10:08
7898,13129,839,17,162,3,Driver was rude,2024-11-03 07:09:53
7899,13132,156,9,302,5,Driver was polite,2024-12-07 02:25:46
7900,13133,2281,5,99,1,Not worth the price,2024-08-10 19:53:32
7901,13134,80,6,282,4,Excellent service,2025-09-17 09:14:35
7902,13135,351,17,309,5,Very fast delivery,2025-02-04 13:45:01
7903,13137,31,4,374,5,Excellent service,2024-08-23 19:05:41
7904,13140,198,10,101,5,Fresh food,2026-01-27 11:15:07
7905,13141,1495,10,16,5,Highly recommended,2024-10-29 08:40:26
7906,13145,1900,13,1,5,Fresh food,2025-10-17 05:31:56
7907,13146,1420,12,54,5,Fresh food,2025-02-05 00:25:39
7908,13148,1073,19,36,5,Driver was polite,2025-12-20 00:03:39
7909,13151,354,8,329,4,Amazing restaurant,2025-03-24 15:42:23
7910,13152,2030,11,8,5,Excellent service,2025-04-07 13:13:46
7911,13155,1963,17,22,5,Amazing restaurant,2026-05-24 03:06:12
7912,13156,1475,7,350,3,Poor packaging,2026-03-17 14:16:10
7913,13157,233,13,235,5,Amazing restaurant,2026-04-11 07:39:02
7914,13158,2668,13,214,2,Wrong order,2024-08-01 02:10:57
7915,13160,1782,19,286,4,Excellent service,2026-03-26 04:44:18
7916,13161,1345,2,195,4,Excellent service,2025-04-15 21:24:23
7917,13162,1647,7,126,5,Excellent service,2025-07-08 15:21:52
7918,13163,2398,17,35,4,Very fast delivery,2025-09-04 22:36:44
7919,13164,398,11,323,4,Excellent service,2026-02-10 18:23:57
7920,13165,2681,13,2,5,Excellent service,2025-08-31 00:00:43
7921,13168,1038,17,116,3,Driver was rude,2025-12-18 18:08:47
7922,13169,975,17,256,4,Perfect experience,2026-07-08 11:05:05
7923,13170,1894,19,289,5,Very fast delivery,2026-04-06 16:58:18
7924,13173,1680,5,314,5,Food was delicious,2024-09-23 22:33:18
7925,13175,1273,16,234,4,Driver was polite,2025-01-19 11:15:58
7926,13176,119,10,250,5,Very fast delivery,2026-03-13 13:08:50
7927,13179,1844,19,204,4,Fresh food,2026-01-19 13:15:12
7928,13180,181,19,130,4,Perfect experience,2025-01-18 18:42:22
7929,13181,2038,15,324,5,Driver was polite,2024-08-13 02:03:11
7930,13183,1168,10,42,2,Driver was rude,2026-07-06 14:20:12
7931,13185,681,19,209,3,Wrong order,2025-02-02 18:27:15
7932,13188,1703,13,287,5,Food was delicious,2025-11-05 04:56:22
7933,13191,2329,7,126,4,Excellent service,2025-10-31 08:03:14
7934,13193,1143,1,339,5,Highly recommended,2025-02-27 15:49:34
7935,13194,2194,6,3,5,Amazing restaurant,2025-11-27 07:51:52
7936,13195,2552,15,317,5,Highly recommended,2025-04-17 09:07:49
7937,13196,545,11,381,4,Food was delicious,2025-11-29 03:02:55
7938,13198,925,11,134,4,Very fast delivery,2025-01-21 13:23:06
7939,13200,153,19,90,5,Amazing restaurant,2025-03-06 18:39:27
7940,13201,816,2,66,2,Late delivery,2026-01-02 17:04:25
7941,13202,76,13,390,5,Fresh food,2025-12-30 23:30:48
7942,13204,123,18,152,5,Fresh food,2026-05-29 02:22:10
7943,13205,2769,13,218,5,Perfect experience,2024-12-25 14:21:50
7944,13206,1395,3,391,5,Driver was polite,2025-05-29 11:01:06
7945,13208,1407,2,17,4,Fresh food,2025-11-08 04:43:07
7946,13209,2254,14,382,4,Excellent service,2026-01-04 10:10:00
7947,13212,1879,7,289,5,Food was delicious,2025-04-08 06:11:20
7948,13214,104,1,257,2,Not worth the price,2025-06-15 05:55:17
7949,13215,2066,4,340,5,Highly recommended,2024-09-12 00:34:14
7950,13217,1792,6,375,5,Perfect experience,2026-04-29 15:22:25
7951,13219,2941,18,95,3,Average experience,2024-09-11 07:34:23
7952,13221,255,20,218,4,Highly recommended,2026-01-24 21:16:40
7953,13223,1415,7,261,4,Highly recommended,2025-01-18 22:02:15
7954,13224,1019,13,119,3,Not worth the price,2024-10-31 04:37:22
7955,13225,2185,11,84,5,Food was delicious,2024-08-08 04:11:40
7956,13226,621,16,353,5,Food was delicious,2025-02-04 04:48:39
7957,13233,2925,18,334,5,Excellent service,2025-08-03 02:34:22
7958,13234,2291,15,295,4,Perfect experience,2025-10-23 09:09:10
7959,13240,2395,13,11,4,Very fast delivery,2025-02-25 03:16:23
7960,13242,1620,18,253,5,Very fast delivery,2026-04-23 03:33:12
7961,13244,1011,18,262,3,Wrong order,2026-01-25 02:13:59
7962,13245,1094,8,147,3,Driver was rude,2025-10-11 06:21:31
7963,13248,2670,14,382,5,Fresh food,2026-04-17 12:21:28
7964,13249,2882,11,386,5,Excellent service,2025-08-12 08:16:08
7965,13251,1544,3,130,5,Amazing restaurant,2026-01-20 03:27:40
7966,13252,723,17,259,3,Average experience,2026-05-19 15:59:41
7967,13253,2509,1,152,4,Driver was polite,2026-04-08 06:36:43
7968,13254,2531,13,313,3,Driver was rude,2025-11-06 09:52:35
7969,13255,1289,19,333,3,Food quality could be better,2026-05-10 04:08:44
7970,13256,792,7,29,4,Perfect experience,2025-11-11 20:01:27
7971,13257,2775,12,322,4,Very fast delivery,2026-01-30 21:54:38
7972,13261,1154,2,17,4,Perfect experience,2026-01-21 14:51:00
7973,13262,1481,3,219,2,Late delivery,2026-06-20 09:00:12
7974,13263,802,11,261,5,Perfect experience,2025-06-11 09:36:25
7975,13265,2854,12,282,4,Amazing restaurant,2026-01-02 00:43:30
7976,13266,1150,5,79,4,Fresh food,2024-12-01 13:53:11
7977,13267,116,3,290,5,Highly recommended,2025-05-18 11:54:00
7978,13268,1951,4,367,5,Excellent service,2025-03-10 15:11:37
7979,13270,1199,12,283,5,Excellent service,2025-04-15 10:02:51
7980,13272,560,10,335,5,Amazing restaurant,2025-04-21 08:55:44
7981,13273,1010,15,163,4,Fresh food,2024-08-09 16:00:32
7982,13274,2757,14,394,3,Wrong order,2025-05-18 12:08:59
7983,13275,451,13,11,5,Amazing restaurant,2025-08-12 05:09:07
7984,13277,1054,17,245,4,Very fast delivery,2026-03-03 06:40:09
7985,13278,1208,12,356,4,Very fast delivery,2025-11-05 18:50:45
7986,13280,456,11,251,4,Very fast delivery,2025-11-12 12:49:34
7987,13282,2539,7,99,4,Perfect experience,2026-05-18 18:17:44
7988,13283,2249,17,38,4,Perfect experience,2025-05-16 13:26:33
7989,13284,1821,1,238,5,Fresh food,2025-08-24 07:14:18
7990,13286,789,17,1,5,Perfect experience,2024-10-06 15:20:15
7991,13287,452,10,250,4,Amazing restaurant,2025-05-25 22:22:33
7992,13288,194,5,99,1,Late delivery,2025-02-14 17:10:58
7993,13289,536,15,180,5,Amazing restaurant,2024-10-11 05:17:21
7994,13291,344,8,243,5,Excellent service,2026-04-04 04:33:22
7995,13292,2415,15,48,4,Driver was polite,2024-07-19 11:31:18
7996,13294,831,15,189,4,Excellent service,2025-11-01 05:05:30
7997,13295,552,1,365,3,Not worth the price,2024-10-18 10:55:18
7998,13297,1224,11,311,5,Food was delicious,2026-07-13 22:50:09
7999,13298,1048,8,31,5,Very fast delivery,2025-11-19 11:48:51
8000,13299,2389,8,340,4,Excellent service,2024-08-26 16:12:07
8001,13301,2137,9,341,5,Perfect experience,2025-11-27 19:03:41
8002,13302,166,3,29,5,Fresh food,2024-10-28 11:06:53
8003,13304,1025,3,39,5,Fresh food,2024-08-10 22:23:20
8004,13305,1829,17,245,2,Not worth the price,2025-01-16 09:07:13
8005,13306,1563,2,296,5,Excellent service,2024-10-04 11:12:53
8006,13312,2479,11,334,5,Perfect experience,2025-06-16 11:07:45
8007,13313,2093,20,345,5,Very fast delivery,2024-09-27 04:28:10
8008,13317,1750,20,256,3,Late delivery,2026-07-10 22:13:01
8009,13318,651,7,209,3,Driver was rude,2026-01-09 03:15:24
8010,13319,1419,20,116,5,Very fast delivery,2026-05-28 13:12:26
8011,13320,2505,4,37,5,Excellent service,2024-12-17 21:44:31
8012,13321,2842,16,392,3,Late delivery,2024-08-22 08:52:31
8013,13322,2026,19,281,5,Amazing restaurant,2026-03-03 08:50:05
8014,13324,1493,15,366,5,Driver was polite,2025-12-04 15:25:23
8015,13325,1950,10,179,5,Perfect experience,2025-09-25 10:45:20
8016,13326,2950,5,90,5,Excellent service,2025-06-24 12:58:36
8017,13327,606,8,320,5,Driver was polite,2026-03-23 13:57:59
8018,13328,2730,2,92,5,Amazing restaurant,2025-01-19 18:41:26
8019,13329,1305,4,158,5,Fresh food,2024-10-06 19:17:50
8020,13330,1235,20,245,4,Amazing restaurant,2024-10-04 20:18:30
8021,13334,652,9,196,2,Wrong order,2025-04-10 01:56:12
8022,13336,40,15,109,3,Wrong order,2024-12-06 17:13:09
8023,13338,263,19,388,5,Very fast delivery,2024-12-28 02:03:09
8024,13339,390,2,364,4,Driver was polite,2024-10-21 20:08:28
8025,13341,1383,20,256,3,Food quality could be better,2025-04-12 05:08:02
8026,13342,2237,17,376,5,Very fast delivery,2026-05-27 05:39:04
8027,13343,1952,2,242,4,Driver was polite,2024-10-26 12:08:07
8028,13344,505,2,66,4,Perfect experience,2025-09-21 01:36:22
8029,13345,113,8,262,5,Excellent service,2025-02-09 08:29:14
8030,13346,1913,19,365,2,Wrong order,2025-07-27 14:16:39
8031,13347,2737,3,365,5,Excellent service,2024-07-22 14:29:24
8032,13348,2071,20,131,5,Excellent service,2026-02-11 09:53:45
8033,13349,1717,15,19,3,Food quality could be better,2026-03-10 21:11:25
8034,13351,2825,7,161,4,Driver was polite,2025-04-16 05:58:40
8035,13352,1520,14,394,4,Driver was polite,2025-06-15 12:58:52
8036,13354,1069,2,181,5,Amazing restaurant,2025-08-26 10:28:27
8037,13356,2149,5,31,5,Excellent service,2024-08-12 07:12:58
8038,13357,2659,20,214,4,Perfect experience,2025-03-23 11:26:56
8039,13359,827,5,23,4,Excellent service,2026-06-25 16:37:13
8040,13360,448,17,214,5,Very fast delivery,2025-12-26 15:34:35
8041,13361,486,4,199,5,Amazing restaurant,2026-02-18 11:17:14
8042,13363,1576,4,158,5,Fresh food,2025-01-29 18:43:54
8043,13366,2066,4,28,4,Driver was polite,2025-04-24 04:18:16
8044,13368,2838,3,25,3,Poor packaging,2025-09-15 04:45:32
8045,13369,2003,19,179,5,Excellent service,2024-08-06 07:02:58
8046,13370,2551,20,174,3,Wrong order,2024-07-31 13:02:35
8047,13371,1805,10,360,4,Very fast delivery,2025-06-09 16:56:06
8048,13372,946,16,318,4,Fresh food,2025-07-01 07:21:18
8049,13373,1747,13,30,5,Very fast delivery,2026-03-22 01:13:07
8050,13374,2664,4,381,4,Food was delicious,2025-01-23 11:24:10
8051,13375,2142,15,48,5,Very fast delivery,2026-02-03 22:14:26
8052,13376,1635,6,48,2,Average experience,2026-02-03 08:10:57
8053,13378,2512,9,316,5,Perfect experience,2025-03-12 07:58:34
8054,13382,1728,8,118,4,Driver was polite,2025-09-07 03:50:56
8055,13383,2996,6,41,4,Very fast delivery,2025-04-27 02:05:22
8056,13386,1114,2,94,4,Perfect experience,2024-12-28 12:36:42
8057,13391,2982,15,231,3,Poor packaging,2025-03-15 19:05:28
8058,13393,2664,18,329,2,Late delivery,2025-01-13 22:00:06
8059,13394,223,11,381,5,Excellent service,2024-09-04 02:21:27
8060,13398,1886,8,29,4,Very fast delivery,2025-06-05 16:14:56
8061,13401,1279,5,31,3,Wrong order,2025-02-23 13:17:59
8062,13402,1064,19,388,5,Excellent service,2025-03-16 17:11:39
8063,13405,2941,3,84,2,Driver was rude,2025-04-24 22:01:30
8064,13406,2603,18,158,4,Perfect experience,2026-07-03 15:35:25
8065,13408,824,16,318,4,Excellent service,2025-05-15 20:12:13
8066,13410,1941,2,92,5,Driver was polite,2025-10-04 05:35:33
8067,13411,2220,19,150,5,Excellent service,2026-01-04 19:34:04
8068,13413,1804,10,95,5,Perfect experience,2024-07-20 09:01:26
8069,13414,2961,10,369,2,Food quality could be better,2025-06-26 03:26:55
8070,13415,2246,5,37,4,Excellent service,2025-05-12 14:46:22
8071,13416,2975,16,234,5,Amazing restaurant,2025-11-25 18:06:54
8072,13420,1101,2,296,4,Fresh food,2025-03-08 03:18:44
8073,13421,1625,1,219,4,Fresh food,2026-02-24 14:40:45
8074,13422,2984,20,269,5,Excellent service,2026-06-10 01:01:18
8075,13425,1734,13,10,5,Fresh food,2025-01-24 01:20:33
8076,13426,2691,10,333,5,Perfect experience,2024-11-06 19:45:49
8077,13427,509,11,261,5,Food was delicious,2025-09-05 10:33:05
8078,13435,1774,18,84,4,Food was delicious,2024-08-13 02:24:33
8079,13437,1879,19,243,3,Late delivery,2025-12-08 06:27:32
8080,13439,270,10,28,4,Driver was polite,2026-05-15 09:34:21
8081,13440,1050,13,11,5,Fresh food,2026-01-27 04:42:45
8082,13442,2049,15,59,3,Wrong order,2025-07-19 02:49:51
8083,13445,1323,8,96,5,Highly recommended,2026-06-07 15:14:34
8084,13446,2839,4,329,3,Poor packaging,2024-09-25 13:00:35
8085,13448,2945,6,229,5,Amazing restaurant,2026-02-25 23:05:23
8086,13452,2311,17,116,4,Excellent service,2025-02-28 21:40:59
8087,13454,1671,3,147,5,Food was delicious,2024-09-16 00:15:23
8088,13456,644,16,234,5,Excellent service,2025-01-22 23:32:34
8089,13457,747,12,263,3,Wrong order,2024-11-19 22:10:35
8090,13458,2457,9,196,4,Excellent service,2025-07-22 00:54:38
8091,13461,1384,7,323,3,Wrong order,2026-02-25 03:54:55
8092,13462,294,2,57,5,Fresh food,2024-08-26 02:45:19
8093,13463,2497,15,328,3,Driver was rude,2025-05-12 10:36:55
8094,13465,819,11,34,5,Very fast delivery,2025-02-16 07:25:47
8095,13471,832,20,86,5,Amazing restaurant,2024-08-16 16:45:54
8096,13472,614,6,248,3,Cold food,2024-09-14 00:26:02
8097,13474,2890,1,347,5,Amazing restaurant,2024-11-16 11:41:52
8098,13475,2924,14,122,5,Excellent service,2025-11-29 07:32:31
8099,13476,1430,1,134,4,Highly recommended,2026-07-06 03:30:30
8100,13477,2528,12,69,3,Late delivery,2024-12-25 20:23:03
8101,13480,2227,19,336,5,Very fast delivery,2026-01-24 23:52:46
8102,13481,2244,3,80,3,Food quality could be better,2026-04-20 10:09:32
8103,13482,823,1,346,3,Cold food,2025-11-20 06:45:06
8104,13483,1498,13,93,3,Wrong order,2024-11-02 04:21:46
8105,13485,1701,15,356,5,Driver was polite,2024-08-02 09:15:25
8106,13487,1585,15,41,3,Average experience,2024-10-12 04:44:26
8107,13488,914,10,369,4,Highly recommended,2025-02-19 03:27:01
8108,13489,2228,6,356,2,Wrong order,2025-01-11 03:56:40
8109,13491,756,17,313,4,Excellent service,2024-09-20 08:20:42
8110,13493,1095,11,201,2,Cold food,2025-03-02 07:56:29
8111,13495,1396,10,243,5,Perfect experience,2025-04-08 03:50:50
8112,13497,390,2,221,3,Driver was rude,2025-06-12 04:43:51
8113,13498,1819,2,228,4,Driver was polite,2025-08-24 11:32:39
8114,13506,922,2,57,4,Fresh food,2025-12-30 17:28:01
8115,13507,511,2,221,3,Food quality could be better,2024-09-28 21:46:09
8116,13508,2918,15,275,3,Driver was rude,2024-11-03 08:53:01
8117,13511,1265,5,16,5,Food was delicious,2025-11-05 06:51:59
8118,13512,2517,3,333,5,Amazing restaurant,2026-07-12 08:49:43
8119,13515,446,13,38,4,Perfect experience,2025-09-04 23:46:27
8120,13516,2106,20,309,5,Highly recommended,2025-10-28 22:43:29
8121,13520,2040,4,343,5,Perfect experience,2025-10-20 17:09:23
8122,13522,758,18,285,5,Excellent service,2025-09-03 04:14:07
8123,13523,661,15,176,3,Driver was rude,2024-09-03 05:09:36
8124,13524,2257,12,188,4,Very fast delivery,2025-02-22 21:16:25
8125,13525,2140,6,328,5,Amazing restaurant,2024-09-01 22:13:27
8126,13528,1728,11,137,5,Very fast delivery,2025-07-15 11:28:01
8127,13529,2103,17,390,5,Fresh food,2025-03-20 07:04:38
8128,13530,1142,9,357,5,Perfect experience,2025-04-25 01:40:28
8129,13531,1021,6,59,5,Driver was polite,2026-06-25 08:01:53
8130,13532,2647,20,2,2,Poor packaging,2024-08-15 23:03:20
8131,13533,1600,4,251,5,Food was delicious,2025-01-05 18:30:00
8132,13534,1981,3,136,2,Poor packaging,2026-07-04 00:51:57
8133,13536,2166,4,39,5,Highly recommended,2025-08-14 03:36:11
8134,13538,2720,2,98,5,Very fast delivery,2024-09-20 21:40:36
8135,13540,2687,2,364,4,Highly recommended,2024-07-19 18:37:46
8136,13543,1493,15,232,4,Fresh food,2025-05-01 03:37:37
8137,13544,239,5,179,5,Excellent service,2026-02-24 02:08:20
8138,13545,124,20,86,4,Driver was polite,2024-09-18 19:57:13
8139,13546,1596,2,17,2,Average experience,2025-06-05 19:57:49
8140,13548,1412,2,364,5,Food was delicious,2026-06-07 06:04:24
8141,13551,2302,13,47,4,Excellent service,2025-06-27 23:27:42
8142,13555,1964,16,191,5,Amazing restaurant,2025-10-25 21:31:00
8143,13556,1141,6,282,4,Driver was polite,2024-08-16 02:19:05
8144,13557,1444,20,227,5,Very fast delivery,2024-10-20 18:36:59
8145,13559,1329,9,353,4,Perfect experience,2025-10-19 09:27:00
8146,13561,1539,17,30,5,Amazing restaurant,2025-04-22 19:52:59
8147,13563,1634,20,151,5,Driver was polite,2025-03-05 20:54:46
8148,13565,2959,20,321,5,Driver was polite,2024-11-08 19:55:10
8149,13566,863,17,265,2,Wrong order,2026-07-14 12:58:32
8150,13568,426,12,295,5,Very fast delivery,2024-12-15 13:55:16
8151,13569,2515,11,118,3,Wrong order,2026-05-31 03:31:12
8152,13570,1189,15,375,2,Wrong order,2026-06-02 23:30:51
8153,13571,2752,20,310,5,Amazing restaurant,2026-06-16 06:14:53
8154,13572,650,17,178,4,Perfect experience,2025-11-14 21:31:42
8155,13573,1503,10,23,3,Late delivery,2024-11-10 00:02:55
8156,13574,1999,19,71,5,Driver was polite,2024-12-23 23:16:25
8157,13575,39,16,32,4,Driver was polite,2024-12-06 04:17:32
8158,13576,1956,18,346,5,Amazing restaurant,2024-11-09 10:14:12
8159,13577,2813,12,248,5,Perfect experience,2025-06-29 21:33:46
8160,13578,2306,20,124,5,Amazing restaurant,2025-12-30 08:49:43
8161,13580,1037,12,176,4,Highly recommended,2025-08-11 11:51:56
8162,13581,2090,6,283,4,Highly recommended,2025-04-12 12:06:58
8163,13582,1000,11,118,4,Amazing restaurant,2025-09-08 19:10:45
8164,13583,1233,1,251,5,Very fast delivery,2024-08-28 11:54:48
8165,13584,142,4,39,5,Amazing restaurant,2025-04-14 13:34:53
8166,13585,504,2,288,5,Driver was polite,2025-10-24 07:18:20
8167,13586,940,17,132,3,Not worth the price,2025-06-21 08:58:03
8168,13588,187,7,252,5,Perfect experience,2025-01-12 18:09:06
8169,13589,1202,14,382,5,Amazing restaurant,2025-10-12 20:29:24
8170,13590,2639,4,251,5,Perfect experience,2025-10-23 02:34:13
8171,13591,1300,16,111,5,Excellent service,2026-04-13 15:33:18
8172,13592,1133,2,195,4,Highly recommended,2025-06-25 01:46:23
8173,13593,2988,1,147,5,Driver was polite,2025-09-27 15:02:52
8174,13594,866,18,219,5,Driver was polite,2024-12-01 16:39:10
8175,13596,2053,1,71,5,Amazing restaurant,2026-05-09 20:51:28
8176,13597,256,13,86,3,Average experience,2025-05-18 01:47:51
8177,13600,2609,20,35,5,Fresh food,2026-04-25 12:41:44
8178,13601,1143,19,252,5,Driver was polite,2025-02-11 02:21:40
8179,13605,1190,14,382,4,Amazing restaurant,2026-03-26 03:32:08
8180,13607,75,2,305,5,Amazing restaurant,2026-01-18 03:40:56
8181,13608,1300,16,341,3,Driver was rude,2025-03-30 11:38:35
8182,13609,2068,2,306,2,Wrong order,2025-06-06 17:04:10
8183,13610,2230,2,173,5,Driver was polite,2025-06-02 10:28:23
8184,13613,1599,8,311,5,Driver was polite,2024-09-02 08:35:38
8185,13614,2810,13,390,5,Food was delicious,2026-02-21 23:22:54
8186,13615,1541,2,61,4,Food was delicious,2024-09-05 01:02:37
8187,13616,2424,11,286,5,Driver was polite,2026-07-15 13:52:53
8188,13618,1629,13,15,5,Perfect experience,2025-05-10 01:21:31
8189,13619,435,17,235,2,Food quality could be better,2025-11-18 22:02:09
8190,13620,683,14,382,3,Late delivery,2024-09-28 22:30:43
8191,13621,2271,13,178,4,Driver was polite,2026-03-22 11:33:01
8192,13624,1049,15,354,4,Perfect experience,2026-04-06 08:49:58
8193,13628,1617,6,3,3,Not worth the price,2025-02-12 13:19:37
8194,13630,1157,5,250,5,Fresh food,2025-06-29 20:36:53
8195,13631,488,2,255,4,Perfect experience,2026-02-14 17:59:53
8196,13632,2092,5,386,5,Driver was polite,2025-07-11 05:40:49
8197,13633,571,20,309,4,Amazing restaurant,2026-06-01 14:39:51
8198,13634,1042,2,255,5,Food was delicious,2025-10-05 15:26:44
8199,13635,1921,10,230,2,Average experience,2025-04-06 20:48:46
8200,13637,2471,16,191,5,Amazing restaurant,2025-08-26 21:06:56
8201,13638,300,3,160,5,Perfect experience,2025-03-09 02:45:09
8202,13641,2797,3,272,3,Poor packaging,2025-02-01 15:49:08
8203,13642,1179,20,133,4,Amazing restaurant,2025-06-17 23:22:46
8204,13643,2710,13,276,5,Fresh food,2026-02-20 05:20:21
8205,13644,199,9,387,2,Food quality could be better,2026-03-29 06:56:09
8206,13646,2839,7,152,5,Fresh food,2024-12-07 20:16:48
8207,13647,1714,8,350,4,Fresh food,2025-03-11 21:02:25
8208,13649,1096,17,307,2,Late delivery,2024-09-27 21:04:24
8209,13650,1881,12,375,4,Perfect experience,2024-11-21 20:30:39
8210,13651,2347,16,341,5,Food was delicious,2025-05-24 15:25:13
8211,13653,2758,13,303,1,Wrong order,2026-06-26 06:13:43
8212,13654,445,5,168,3,Poor packaging,2025-04-03 18:37:09
8213,13655,2244,7,252,5,Excellent service,2024-07-30 12:50:27
8214,13656,2836,19,391,3,Late delivery,2026-06-24 19:17:09
8215,13657,1939,3,113,5,Very fast delivery,2024-10-21 12:30:45
8216,13660,2159,5,65,4,Excellent service,2025-04-10 00:25:17
8217,13662,2482,7,320,5,Food was delicious,2025-10-18 17:05:03
8218,13663,341,2,305,4,Amazing restaurant,2025-08-26 10:40:47
8219,13665,2172,1,257,1,Cold food,2025-08-13 17:58:25
8220,13668,2334,1,326,2,Not worth the price,2025-06-07 03:52:58
8221,13669,1497,20,132,5,Fresh food,2025-12-25 21:30:50
8222,13673,1937,20,30,4,Fresh food,2024-07-17 11:31:21
8223,13674,147,15,159,3,Poor packaging,2025-04-25 10:02:31
8224,13675,2137,9,392,4,Amazing restaurant,2025-09-27 16:53:28
8225,13677,1711,17,2,4,Fresh food,2026-03-27 03:42:39
8226,13678,2802,6,330,4,Excellent service,2025-07-25 09:27:57
8227,13679,1180,12,322,5,Perfect experience,2024-11-05 01:26:32
8228,13680,1644,20,114,1,Average experience,2025-07-08 14:06:04
8229,13681,2495,5,16,2,Late delivery,2026-02-28 20:22:07
8230,13682,1554,5,274,4,Fresh food,2025-09-06 15:17:33
8231,13683,2551,17,207,5,Food was delicious,2025-01-11 01:13:46
8232,13684,1378,11,349,5,Amazing restaurant,2024-08-03 17:39:10
8233,13688,2478,1,329,5,Food was delicious,2025-05-17 11:33:08
8234,13690,2121,15,69,3,Food quality could be better,2025-03-09 13:26:31
8235,13691,2113,13,321,4,Highly recommended,2025-10-07 22:44:39
8236,13692,668,13,190,3,Average experience,2025-03-19 16:41:42
8237,13694,2950,10,105,3,Late delivery,2025-08-03 15:06:18
8238,13695,202,19,391,4,Excellent service,2025-05-11 00:04:47
8239,13696,2511,19,164,4,Highly recommended,2025-01-19 23:35:05
8240,13697,1351,14,394,4,Amazing restaurant,2025-07-08 07:32:25
8241,13698,2791,18,386,5,Food was delicious,2025-02-09 01:26:16
8242,13699,200,20,174,5,Amazing restaurant,2026-05-22 02:46:24
8243,13701,2907,9,316,2,Not worth the price,2024-11-14 23:14:01
8244,13702,363,15,59,5,Driver was polite,2024-10-03 18:41:41
8245,13703,1769,10,250,5,Excellent service,2025-02-15 08:16:51
8246,13705,2261,11,339,3,Poor packaging,2024-11-04 10:49:30
8247,13706,2700,2,94,5,Food was delicious,2026-05-24 06:31:50
8248,13707,1019,17,397,5,Driver was polite,2026-05-21 03:15:31
8249,13708,2350,1,210,4,Highly recommended,2024-08-07 11:37:39
8250,13709,2382,5,46,5,Driver was polite,2024-09-27 06:09:07
8251,13710,1893,19,340,4,Food was delicious,2026-03-15 14:56:51
8252,13711,2427,12,244,4,Excellent service,2026-01-01 14:01:06
8253,13713,59,2,173,5,Highly recommended,2026-06-15 22:04:58
8254,13717,80,6,19,3,Cold food,2024-09-23 07:58:37
8255,13718,103,20,22,4,Excellent service,2025-05-19 19:12:53
8256,13719,1297,6,328,4,Fresh food,2024-08-22 05:04:13
8257,13721,2061,18,90,5,Perfect experience,2026-05-23 21:56:53
8258,13722,2850,2,221,4,Driver was polite,2025-02-16 18:44:59
8259,13724,989,3,388,2,Cold food,2026-06-29 03:32:21
8260,13725,125,20,106,5,Fresh food,2025-05-27 03:42:09
8261,13726,348,11,369,5,Perfect experience,2025-01-13 22:25:40
8262,13729,1630,16,72,5,Very fast delivery,2026-04-30 00:29:57
8263,13732,1860,3,386,2,Wrong order,2024-10-25 12:11:27
8264,13733,948,1,171,5,Driver was polite,2025-05-24 07:01:52
8265,13736,1363,13,184,3,Cold food,2025-04-06 09:40:00
8266,13737,1419,17,287,3,Driver was rude,2025-09-19 23:27:13
8267,13739,2453,1,145,3,Average experience,2025-11-05 10:34:30
8268,13741,350,8,39,4,Excellent service,2025-04-06 19:10:21
8269,13742,2820,19,388,5,Driver was polite,2024-09-16 18:08:51
8270,13744,1601,11,136,5,Driver was polite,2024-08-29 12:07:31
8271,13747,2493,2,57,5,Highly recommended,2024-07-24 12:18:48
8272,13748,413,15,275,5,Highly recommended,2025-09-15 14:56:29
8273,13749,1828,15,356,5,Very fast delivery,2025-12-21 05:27:34
8274,13751,1051,14,394,1,Poor packaging,2025-01-26 16:18:05
8275,13752,1729,6,263,5,Highly recommended,2025-07-17 15:29:07
8276,13755,1511,15,368,5,Excellent service,2024-11-26 23:20:05
8277,13756,195,7,136,4,Amazing restaurant,2025-05-06 20:58:51
8278,13757,420,9,316,4,Very fast delivery,2025-12-06 15:25:54
8279,13758,2166,19,29,3,Driver was rude,2025-02-26 15:56:48
8280,13761,2158,7,23,5,Highly recommended,2026-01-22 10:43:14
8281,13762,1655,2,221,5,Highly recommended,2026-05-26 21:05:33
8282,13763,1832,19,335,4,Highly recommended,2025-01-27 07:13:05
8283,13765,1813,15,48,3,Food quality could be better,2024-08-15 14:23:02
8284,13766,1071,11,42,3,Food quality could be better,2024-08-24 13:25:16
8285,13768,1444,13,162,5,Perfect experience,2025-06-27 08:27:39
8286,13769,995,19,333,3,Poor packaging,2024-12-08 02:20:27
8287,13771,2159,7,289,4,Amazing restaurant,2026-05-19 16:54:42
8288,13772,1614,13,182,5,Very fast delivery,2025-03-13 12:31:59
8289,13774,2554,20,265,5,Fresh food,2025-03-21 05:01:44
8290,13777,2650,2,255,3,Driver was rude,2025-12-08 05:17:54
8291,13778,1487,8,251,3,Cold food,2025-03-09 13:45:44
8292,13779,514,17,182,5,Excellent service,2025-11-13 08:13:54
8293,13780,2140,12,69,4,Amazing restaurant,2026-01-22 09:14:03
8294,13782,2771,18,46,3,Poor packaging,2024-12-26 11:19:12
8295,13784,926,15,165,5,Driver was polite,2024-12-05 04:05:08
8296,13785,1461,20,106,5,Excellent service,2026-02-01 22:53:16
8297,13786,2930,18,362,5,Excellent service,2024-08-09 06:35:32
8298,13789,1957,13,235,5,Driver was polite,2026-02-18 14:53:11
8299,13793,42,12,244,5,Excellent service,2024-08-19 00:30:56
8300,13794,183,15,328,5,Highly recommended,2025-11-21 07:54:03
8301,13796,1976,5,271,3,Late delivery,2026-07-04 17:50:15
8302,13797,2414,4,257,5,Amazing restaurant,2026-04-18 11:16:09
8303,13798,1190,14,394,5,Highly recommended,2025-09-14 07:12:56
8304,13802,2452,6,59,5,Driver was polite,2025-11-05 12:52:31
8305,13803,840,10,145,2,Late delivery,2025-10-12 05:30:08
8306,13804,2231,16,392,4,Driver was polite,2025-10-17 18:13:24
8307,13806,1921,5,118,4,Driver was polite,2024-10-19 15:19:33
8308,13807,1965,13,245,2,Driver was rude,2025-12-28 04:06:56
8309,13809,1185,6,176,4,Very fast delivery,2026-03-21 06:27:35
8310,13812,2089,12,319,4,Fresh food,2025-08-10 02:20:04
8311,13813,2559,6,138,4,Amazing restaurant,2024-10-23 13:33:45
8312,13817,580,20,227,5,Very fast delivery,2025-12-10 03:48:26
8313,13820,2097,19,272,5,Food was delicious,2025-05-29 16:16:08
8314,13821,971,6,263,5,Driver was polite,2024-08-25 00:23:20
8315,13823,456,10,21,4,Food was delicious,2026-05-10 09:10:58
8316,13824,1941,2,66,5,Perfect experience,2025-03-30 20:28:40
8317,13825,332,12,315,5,Perfect experience,2025-04-07 23:27:52
8318,13826,2967,20,227,4,Excellent service,2025-05-20 05:57:23
8319,13828,76,20,207,5,Excellent service,2024-11-04 19:39:54
8320,13829,2520,3,160,5,Fresh food,2025-03-15 23:55:40
8321,13830,2186,12,202,4,Driver was polite,2024-08-23 16:36:42
8322,13831,1833,3,199,3,Food quality could be better,2025-05-27 08:17:08
8323,13833,1009,4,152,5,Fresh food,2025-05-24 03:29:31
8324,13838,480,20,185,5,Amazing restaurant,2025-05-17 01:42:14
8325,13840,1895,14,382,1,Poor packaging,2025-01-01 11:53:04
8326,13841,1236,8,164,5,Fresh food,2026-02-08 07:11:18
8327,13842,1187,17,236,5,Food was delicious,2026-03-20 17:25:40
8328,13843,1219,10,79,5,Perfect experience,2024-11-29 03:36:27
8329,13846,506,20,361,5,Food was delicious,2025-11-12 16:32:40
8330,13847,1222,6,176,4,Driver was polite,2025-01-02 21:24:06
8331,13849,160,1,51,5,Perfect experience,2026-04-21 22:06:25
8332,13852,2767,1,24,5,Highly recommended,2025-11-09 01:43:44
8333,13853,1211,5,252,5,Perfect experience,2025-08-23 00:27:49
8334,13855,97,1,289,5,Highly recommended,2025-12-01 22:55:21
8335,13856,2095,3,83,5,Food was delicious,2025-08-16 19:32:00
8336,13857,1828,15,319,4,Driver was polite,2025-08-30 07:45:44
8337,13858,1905,9,220,5,Very fast delivery,2025-04-06 12:18:56
8338,13859,455,3,95,5,Highly recommended,2025-11-20 05:16:44
8339,13860,82,17,124,5,Driver was polite,2024-09-29 06:30:11
8340,13861,1047,18,386,5,Highly recommended,2025-03-24 11:01:29
8341,13862,1151,15,263,3,Average experience,2024-10-02 19:41:17
8342,13863,2713,11,74,5,Food was delicious,2026-01-12 08:08:10
8343,13864,1481,11,135,2,Poor packaging,2025-03-22 09:52:45
8344,13865,2073,20,151,2,Average experience,2025-08-02 03:03:26
8345,13866,450,20,169,1,Food quality could be better,2025-10-20 20:44:18
8346,13867,284,20,259,4,Food was delicious,2024-08-26 18:38:04
8347,13872,114,20,190,4,Fresh food,2025-08-12 07:37:41
8348,13873,2074,20,256,4,Perfect experience,2024-12-22 12:42:51
8349,13874,1983,17,169,4,Very fast delivery,2026-04-15 01:25:13
8350,13875,337,4,250,4,Very fast delivery,2026-05-08 03:22:01
8351,13879,1683,5,286,3,Not worth the price,2024-12-06 01:00:19
8352,13881,2121,6,180,3,Driver was rude,2025-08-30 12:02:00
8353,13882,62,3,150,5,Excellent service,2024-08-09 18:40:34
8354,13883,2318,9,318,5,Food was delicious,2024-07-19 11:02:16
8355,13884,493,19,199,5,Very fast delivery,2024-09-08 11:50:07
8356,13887,588,17,133,2,Driver was rude,2025-05-02 23:48:03
8357,13888,379,7,80,5,Fresh food,2025-03-09 10:08:53
8358,13889,2852,11,135,4,Excellent service,2026-05-21 21:17:01
8359,13890,142,5,160,5,Fresh food,2026-04-22 11:12:14
8360,13891,545,3,16,3,Late delivery,2025-06-01 23:30:12
8361,13892,2418,10,103,5,Excellent service,2026-04-12 22:27:21
8362,13893,781,16,107,2,Average experience,2024-10-18 02:39:43
8363,13894,120,16,107,3,Poor packaging,2025-10-31 10:11:04
8364,13895,784,9,194,5,Food was delicious,2025-06-11 17:54:09
8365,13897,2478,8,334,5,Very fast delivery,2024-10-23 15:29:42
8366,13898,269,20,190,4,Very fast delivery,2025-03-11 14:10:18
8367,13899,1846,3,150,3,Driver was rude,2026-06-28 20:49:52
8368,13900,2875,9,302,3,Poor packaging,2025-05-12 03:10:28
8369,13901,1919,1,201,1,Wrong order,2024-08-22 09:53:00
8370,13902,2574,17,1,4,Food was delicious,2025-02-09 16:46:18
8371,13904,2687,2,92,5,Excellent service,2024-12-26 04:09:42
8372,13911,717,10,343,5,Highly recommended,2024-08-25 08:34:31
8373,13913,600,17,184,4,Fresh food,2025-11-02 21:16:24
8374,13916,656,8,171,5,Food was delicious,2026-04-19 18:04:38
8375,13918,1472,1,339,4,Amazing restaurant,2025-02-16 02:27:13
8376,13919,1786,12,330,5,Amazing restaurant,2026-03-21 02:53:57
8377,13920,1055,12,275,4,Very fast delivery,2025-09-02 08:11:39
8378,13922,318,6,180,5,Highly recommended,2025-10-31 09:39:10
8379,13923,2327,9,107,1,Cold food,2025-07-28 11:52:43
8380,13925,2676,5,153,5,Perfect experience,2024-08-09 12:59:53
8381,13927,1014,12,159,4,Very fast delivery,2025-11-21 23:43:55
8382,13930,2163,1,358,1,Cold food,2026-01-10 23:09:57
8383,13931,130,20,131,5,Fresh food,2025-10-18 12:49:53
8384,13933,2157,15,43,5,Fresh food,2024-12-20 17:10:26
8385,13938,638,17,185,5,Driver was polite,2025-08-24 04:30:59
8386,13940,248,9,302,5,Driver was polite,2026-04-10 16:25:48
8387,13941,2646,2,296,5,Fresh food,2025-09-11 09:48:12
8388,13943,512,13,239,3,Poor packaging,2026-01-27 05:11:30
8389,13944,1534,6,18,4,Very fast delivery,2025-02-12 23:33:03
8390,13945,457,5,338,2,Not worth the price,2026-01-28 09:27:31
8391,13947,2649,20,10,2,Driver was rude,2025-06-23 09:02:43
8392,13949,1635,15,163,4,Highly recommended,2025-07-07 23:16:36
8393,13950,2197,13,235,1,Food quality could be better,2025-11-24 08:17:00
8394,13951,1807,12,18,5,Fresh food,2024-08-22 12:24:52
8395,13954,1914,12,330,2,Food quality could be better,2025-10-10 15:29:42
8396,13955,1471,17,119,5,Food was delicious,2024-08-05 09:21:13
8397,13958,2208,18,105,2,Driver was rude,2024-11-24 13:19:57
8398,13959,173,14,394,5,Fresh food,2025-12-27 12:21:44
8399,13960,670,17,313,4,Amazing restaurant,2025-05-26 22:48:52
8400,13961,2016,15,159,5,Perfect experience,2026-06-26 14:41:38
8401,13962,2679,1,25,5,Excellent service,2025-12-29 14:24:34
8402,13963,392,10,257,4,Amazing restaurant,2025-05-10 23:47:04
8403,13964,674,17,211,5,Fresh food,2026-01-24 11:28:17
8404,13965,358,11,325,4,Fresh food,2024-09-01 10:42:47
8405,13966,2704,3,105,5,Food was delicious,2025-07-25 09:19:58
8406,13967,746,3,335,2,Food quality could be better,2025-04-22 14:05:55
8407,13968,1016,19,37,1,Poor packaging,2025-03-02 12:45:28
8408,13970,2192,8,362,2,Average experience,2025-06-03 08:42:42
8409,13972,1353,11,152,5,Fresh food,2024-12-18 01:48:03
8410,13973,243,3,339,4,Driver was polite,2026-01-28 11:04:28
8411,13978,1798,7,161,5,Driver was polite,2024-09-29 02:06:50
8412,13983,2004,3,367,5,Highly recommended,2025-10-20 17:19:19
8413,13984,1415,18,329,2,Driver was rude,2025-01-15 18:06:47
8414,13985,1707,12,263,3,Poor packaging,2026-07-14 10:07:38
8415,13987,515,11,118,5,Food was delicious,2025-03-20 10:20:34
8416,13990,2206,13,91,4,Amazing restaurant,2026-06-09 16:56:49
8417,13991,2844,17,169,4,Food was delicious,2025-04-03 02:14:20
8418,13992,2912,5,243,4,Fresh food,2025-08-22 23:13:40
8419,13993,2907,16,353,5,Driver was polite,2025-03-22 08:30:32
8420,13995,1001,3,105,3,Late delivery,2025-12-27 05:19:34
8421,13998,1714,10,136,5,Very fast delivery,2024-10-02 01:28:46
8422,14003,502,15,43,4,Fresh food,2024-10-08 21:06:24
8423,14004,2003,1,74,5,Fresh food,2025-05-03 21:51:04
8424,14007,2299,3,391,2,Poor packaging,2026-02-11 16:49:10
8425,14008,1954,2,305,2,Poor packaging,2026-07-13 07:38:44
8426,14012,572,17,236,3,Average experience,2025-03-28 18:45:29
8427,14013,1431,14,122,4,Driver was polite,2026-01-22 02:35:50
8428,14014,1438,18,164,5,Very fast delivery,2025-06-10 15:33:29
8429,14015,2429,13,190,3,Average experience,2024-09-25 00:03:01
8430,14017,756,17,125,4,Driver was polite,2025-03-25 17:09:49
8431,14018,1630,16,234,5,Highly recommended,2025-05-23 09:43:45
8432,14021,274,4,118,4,Excellent service,2025-12-12 08:05:08
8433,14024,182,15,112,5,Highly recommended,2026-06-24 17:28:18
8434,14026,1113,13,372,4,Driver was polite,2025-09-18 12:54:00
8435,14029,19,2,94,5,Very fast delivery,2024-11-16 15:49:03
8436,14030,1187,17,321,4,Amazing restaurant,2025-09-30 11:54:52
8437,14031,1071,8,325,3,Driver was rude,2026-02-05 19:37:54
8438,14032,791,9,291,5,Very fast delivery,2025-09-11 01:07:04
8439,14034,1532,15,188,5,Excellent service,2024-09-11 20:04:12
8440,14037,193,4,95,4,Perfect experience,2024-09-16 00:35:41
8441,14038,1381,2,294,1,Not worth the price,2025-11-26 16:52:10
8442,14040,1240,18,267,3,Late delivery,2025-09-08 23:31:36
8443,14043,2536,4,28,4,Fresh food,2025-09-29 18:59:55
8444,14044,496,1,335,5,Highly recommended,2026-05-21 13:23:16
8445,14054,64,18,160,5,Fresh food,2025-12-01 03:41:26
8446,14055,1923,17,327,3,Not worth the price,2026-02-20 10:18:44
8447,14060,2348,6,180,3,Average experience,2025-06-25 08:12:10
8448,14064,857,9,72,3,Poor packaging,2025-05-03 14:11:14
8449,14065,1466,5,152,3,Poor packaging,2025-04-17 06:21:50
8450,14066,506,13,218,5,Fresh food,2026-04-30 06:59:05
8451,14067,861,17,119,4,Driver was polite,2025-05-29 12:42:24
8452,14068,1898,2,242,3,Poor packaging,2026-05-04 12:10:47
8453,14070,2712,7,391,5,Excellent service,2024-10-05 06:40:54
8454,14071,1894,3,335,2,Late delivery,2026-03-07 23:22:45
8455,14073,519,4,183,4,Driver was polite,2025-08-12 08:19:25
8456,14074,614,6,202,4,Amazing restaurant,2025-10-19 18:44:25
8457,14076,2811,8,160,2,Food quality could be better,2024-09-22 10:50:30
8458,14077,1254,12,48,4,Excellent service,2026-05-30 15:02:09
8459,14079,1918,17,309,5,Driver was polite,2026-01-18 16:49:25
8460,14081,455,4,365,5,Very fast delivery,2026-05-10 22:03:45
8461,14084,2723,3,290,2,Driver was rude,2025-03-20 19:30:49
8462,14085,1170,13,190,4,Fresh food,2025-08-01 18:07:43
8463,14088,617,14,382,3,Food quality could be better,2025-01-28 12:36:30
8464,14090,1754,3,80,5,Driver was polite,2026-01-07 19:21:27
8465,14092,391,18,113,5,Very fast delivery,2025-07-15 22:04:28
8466,14093,1127,8,83,4,Food was delicious,2026-06-18 13:38:40
8467,14095,458,8,79,2,Cold food,2025-08-30 18:41:51
8468,14097,2136,6,368,4,Highly recommended,2024-08-23 22:24:15
8469,14098,376,17,269,5,Very fast delivery,2024-09-25 02:42:57
8470,14102,2178,9,12,2,Driver was rude,2024-08-02 03:15:59
8471,14104,2202,18,113,5,Perfect experience,2025-10-06 07:09:18
8472,14108,2189,13,245,4,Amazing restaurant,2024-09-22 01:57:13
8473,14110,1705,19,199,2,Cold food,2026-05-24 17:15:02
8474,14116,2727,17,287,5,Highly recommended,2024-09-05 23:36:58
8475,14117,2934,12,330,5,Food was delicious,2026-07-04 23:25:07
8476,14119,1059,12,48,5,Perfect experience,2026-07-15 02:20:00
8477,14122,1400,17,77,5,Amazing restaurant,2025-12-12 02:37:55
8478,14124,2662,20,93,4,Very fast delivery,2024-12-27 07:22:09
8479,14125,1875,19,199,4,Highly recommended,2025-10-22 10:08:53
8480,14126,1750,13,361,5,Driver was polite,2025-05-20 18:56:44
8481,14127,853,20,245,3,Not worth the price,2024-12-29 17:02:53
8482,14128,2876,20,157,5,Highly recommended,2026-03-03 07:06:30
8483,14130,1564,15,180,5,Driver was polite,2024-10-03 03:34:54
8484,14131,2853,13,151,4,Driver was polite,2026-06-02 07:09:49
8485,14134,1076,12,41,3,Food quality could be better,2025-10-17 07:03:54
8486,14135,2722,10,145,5,Food was delicious,2025-05-09 11:51:31
8487,14136,2619,14,394,5,Driver was polite,2024-08-31 16:56:29
8488,14137,1942,12,180,5,Very fast delivery,2025-04-09 12:50:07
8489,14139,946,16,357,5,Amazing restaurant,2025-09-23 19:26:44
8490,14140,2878,1,36,4,Fresh food,2025-05-16 12:02:14
8491,14142,2022,10,365,4,Excellent service,2024-10-08 23:40:23
8492,14145,2350,11,21,5,Driver was polite,2025-05-03 18:27:47
8493,14148,2384,13,162,3,Poor packaging,2025-02-18 12:13:38
8494,14149,713,4,369,4,Excellent service,2025-11-12 08:24:04
8495,14150,267,6,312,5,Very fast delivery,2024-10-12 19:29:32
8496,14153,1118,3,204,3,Poor packaging,2024-11-21 13:07:00
8497,14155,62,3,99,2,Cold food,2026-04-19 16:26:58
8498,14156,1197,19,346,3,Wrong order,2025-05-21 16:21:10
8499,14158,944,12,322,4,Excellent service,2025-02-05 23:40:07
8500,14159,344,1,171,1,Poor packaging,2025-04-01 10:29:49
8501,14161,2380,13,141,5,Food was delicious,2026-04-28 10:32:34
8502,14162,2093,20,239,4,Excellent service,2025-01-19 18:29:21
8503,14163,2257,15,315,5,Driver was polite,2024-11-14 09:42:36
8504,14164,2163,5,160,3,Not worth the price,2026-04-27 14:29:22
8505,14165,1246,12,159,5,Driver was polite,2025-02-20 12:59:40
8506,14166,1383,20,309,5,Fresh food,2025-11-03 05:33:58
8507,14167,271,20,133,5,Food was delicious,2025-03-20 18:52:50
8508,14169,859,11,200,4,Food was delicious,2024-11-20 09:09:20
8509,14170,1278,5,160,4,Perfect experience,2025-09-30 20:28:55
8510,14171,2676,8,290,2,Cold food,2025-04-19 22:59:22
8511,14175,681,4,339,4,Driver was polite,2025-06-16 04:33:39
8512,14176,80,12,18,5,Highly recommended,2024-08-17 23:32:59
8513,14177,1202,14,122,5,Excellent service,2025-03-08 14:06:37
8514,14179,1831,10,289,5,Amazing restaurant,2025-03-16 18:52:20
8515,14180,1432,6,330,5,Amazing restaurant,2024-11-09 06:32:23
8516,14185,2614,7,95,5,Amazing restaurant,2024-08-09 03:50:26
8517,14186,1334,10,210,5,Food was delicious,2024-08-26 20:27:55
8518,14187,2880,18,362,4,Highly recommended,2025-10-18 00:33:33
8519,14189,41,6,138,4,Very fast delivery,2025-10-15 20:23:04
8520,14190,2790,6,85,3,Poor packaging,2026-05-13 15:39:36
8521,14193,606,4,25,3,Wrong order,2025-08-05 22:00:37
8522,14194,509,19,340,5,Perfect experience,2024-11-20 19:09:58
8523,14195,2045,6,85,5,Perfect experience,2026-04-30 08:36:53
8524,14197,451,17,86,4,Highly recommended,2025-08-31 12:15:24
8525,14199,938,6,337,4,Perfect experience,2025-05-29 02:53:47
8526,14201,2287,13,119,4,Fresh food,2024-12-12 10:55:11
8527,14202,931,17,121,3,Driver was rude,2025-03-25 22:04:15
8528,14203,983,10,84,4,Excellent service,2025-02-24 22:46:24
8529,14205,2609,13,38,3,Poor packaging,2024-12-27 14:58:03
8530,14208,2265,8,285,5,Highly recommended,2025-04-05 09:46:46
8531,14209,707,20,182,5,Excellent service,2025-02-18 11:14:51
8532,14212,283,17,114,5,Highly recommended,2026-04-01 20:03:51
8533,14214,1255,11,23,5,Driver was polite,2025-04-23 14:38:12
8534,14216,1734,13,157,3,Food quality could be better,2025-12-31 04:47:59
8535,14217,45,7,289,3,Not worth the price,2026-02-23 13:02:05
8536,14218,869,12,312,5,Fresh food,2025-03-23 11:41:15
8537,14220,1637,9,111,3,Late delivery,2024-09-28 16:31:02
8538,14222,2356,17,182,4,Excellent service,2025-06-26 00:55:47
8539,14224,698,8,164,3,Average experience,2025-07-30 08:46:31
8540,14225,644,16,72,3,Food quality could be better,2024-11-19 01:19:11
8541,14228,2267,9,107,4,Fresh food,2025-06-30 13:59:44
8542,14229,2042,14,122,3,Not worth the price,2026-04-20 11:53:07
8543,14230,741,8,113,4,Perfect experience,2026-06-09 17:02:54
8544,14233,2317,8,152,3,Poor packaging,2024-09-15 16:20:36
8545,14234,2964,11,96,4,Highly recommended,2025-01-26 08:24:25
8546,14235,2648,8,266,5,Food was delicious,2025-01-11 17:17:44
8547,14236,2901,8,388,2,Wrong order,2025-05-07 13:40:45
8548,14239,852,20,97,5,Perfect experience,2025-12-27 09:13:26
8549,14240,739,9,111,4,Food was delicious,2025-07-06 09:40:20
8550,14241,592,2,66,5,Excellent service,2026-04-24 02:06:27
8551,14243,2247,20,259,4,Fresh food,2025-05-15 11:03:21
8552,14247,147,15,354,4,Perfect experience,2025-11-20 05:16:07
8553,14248,778,2,128,2,Food quality could be better,2025-05-17 19:22:06
8554,14249,1658,5,8,4,Driver was polite,2025-03-29 01:11:04
8555,14250,325,12,19,5,Excellent service,2025-08-13 04:46:01
8556,14251,1233,11,262,5,Fresh food,2025-08-14 08:12:58
8557,14252,1985,11,336,5,Driver was polite,2026-03-07 10:58:31
8558,14253,1957,17,259,4,Perfect experience,2024-09-04 10:00:28
8559,14254,1288,2,242,2,Average experience,2025-11-24 02:12:57
8560,14256,1392,18,179,4,Food was delicious,2025-11-08 20:58:06
8561,14257,13,1,158,4,Perfect experience,2026-02-26 15:15:40
8562,14260,1145,20,121,3,Average experience,2025-04-21 03:38:15
8563,14262,2877,2,224,4,Excellent service,2024-08-18 23:44:38
8564,14266,581,17,376,5,Perfect experience,2025-03-21 05:50:55
8565,14268,561,4,199,4,Perfect experience,2025-01-28 01:35:06
8566,14270,1623,17,116,4,Driver was polite,2026-01-04 08:51:30
8567,14272,852,17,310,3,Late delivery,2024-09-11 12:47:00
8568,14273,2120,5,4,1,Not worth the price,2024-11-28 08:33:33
8569,14275,2641,4,323,4,Perfect experience,2025-03-17 05:10:28
8570,14277,574,2,228,3,Not worth the price,2026-04-17 22:56:39
8571,14278,190,8,365,4,Food was delicious,2025-03-22 21:52:53
8572,14279,597,17,307,5,Highly recommended,2026-04-30 09:57:00
8573,14280,796,2,306,5,Excellent service,2025-11-19 04:28:53
8574,14281,711,14,382,2,Cold food,2026-06-03 12:48:47
8575,14284,1469,19,329,3,Food quality could be better,2024-09-09 08:35:34
8576,14285,2805,4,333,3,Wrong order,2025-10-26 17:08:00
8577,14286,1412,2,61,4,Perfect experience,2025-11-26 04:37:47
8578,14288,1573,19,325,5,Excellent service,2024-10-03 15:50:25
8579,14289,914,19,39,2,Food quality could be better,2025-08-26 08:41:41
8580,14290,202,8,367,5,Fresh food,2025-01-08 17:56:19
8581,14291,1854,2,17,4,Highly recommended,2026-04-14 18:39:16
8582,14292,813,18,333,4,Perfect experience,2025-03-08 23:29:35
8583,14293,2433,20,345,4,Driver was polite,2025-04-09 06:31:54
8584,14294,1478,12,163,5,Driver was polite,2025-12-31 11:30:07
8585,14296,317,2,306,5,Fresh food,2025-02-26 16:55:18
8586,14299,1203,6,283,4,Food was delicious,2024-08-15 10:24:53
8587,14308,874,8,274,4,Fresh food,2024-07-28 02:50:58
8588,14309,54,5,400,2,Wrong order,2025-12-30 17:51:07
8589,14310,188,18,289,4,Excellent service,2026-02-08 06:22:20
8590,14312,1459,9,191,5,Highly recommended,2025-11-17 17:51:05
8591,14319,2730,2,110,5,Highly recommended,2025-04-07 21:24:42
8592,14321,2081,19,204,5,Very fast delivery,2025-02-08 21:00:37
8593,14324,332,12,165,4,Very fast delivery,2025-07-07 03:11:43
8594,14328,2657,17,38,4,Amazing restaurant,2024-08-03 04:17:51
8595,14331,2877,2,17,4,Excellent service,2024-12-07 07:19:01
8596,14334,1613,13,125,5,Food was delicious,2025-05-14 10:37:04
8597,14337,1068,6,142,4,Food was delicious,2024-12-13 02:34:43
8598,14338,815,7,101,5,Fresh food,2025-09-13 07:19:44
8599,14340,1821,7,95,4,Driver was polite,2025-12-22 01:01:56
8600,14341,754,1,323,5,Driver was polite,2025-10-30 22:49:35
8601,14342,2669,14,394,5,Very fast delivery,2026-05-02 21:15:28
8602,14343,828,17,10,5,Driver was polite,2025-12-31 22:50:13
8603,14344,2351,5,95,5,Excellent service,2025-06-28 15:51:12
8604,14345,1462,18,349,2,Not worth the price,2026-05-12 07:31:07
8605,14346,6,2,288,4,Amazing restaurant,2025-02-13 23:59:49
8606,14347,1879,1,219,5,Food was delicious,2026-06-28 15:58:49
8607,14348,463,14,382,2,Food quality could be better,2025-03-02 05:20:06
8608,14349,1867,13,259,4,Food was delicious,2026-05-11 05:12:55
8609,14352,949,3,29,2,Food quality could be better,2025-08-23 12:23:51
8610,14353,1336,19,391,3,Driver was rude,2025-04-19 13:58:32
8611,14356,593,17,227,5,Fresh food,2025-11-27 05:24:19
8612,14361,2528,12,260,4,Excellent service,2026-06-30 03:15:46
8613,14362,55,17,284,5,Food was delicious,2024-12-14 10:23:22
8614,14363,1844,19,350,2,Late delivery,2025-04-27 10:12:24
8615,14365,1599,19,24,5,Perfect experience,2025-11-02 04:44:46
8616,14371,561,8,95,3,Driver was rude,2026-05-07 10:38:29
8617,14372,67,18,272,4,Excellent service,2024-12-12 12:30:16
8618,14373,2852,19,31,5,Highly recommended,2025-09-12 14:09:35
8619,14375,565,16,234,5,Fresh food,2025-09-05 13:34:20
8620,14378,2241,11,39,4,Excellent service,2024-11-08 04:55:44
8621,14379,1621,11,262,3,Average experience,2025-02-21 21:01:22
8622,14380,1664,1,37,4,Very fast delivery,2025-09-26 02:29:27
8623,14381,2303,8,166,4,Excellent service,2025-09-18 20:37:52
8624,14384,863,20,169,1,Not worth the price,2025-08-10 18:30:04
8625,14385,1881,6,354,3,Wrong order,2025-06-13 07:18:18
8626,14387,2780,10,350,5,Fresh food,2025-04-18 06:44:06
8627,14389,2382,1,152,4,Driver was polite,2026-04-19 01:53:21
8628,14390,1339,20,361,5,Fresh food,2025-08-19 10:59:23
8629,14395,2240,20,86,4,Driver was polite,2025-05-19 03:57:31
8630,14396,2121,15,54,3,Wrong order,2026-06-18 21:35:31
8631,14397,2275,1,183,4,Perfect experience,2026-06-09 00:28:51
8632,14399,2173,9,194,4,Driver was polite,2025-04-28 03:09:35
8633,14401,2009,16,380,4,Driver was polite,2025-12-19 02:29:21
8634,14402,709,3,101,5,Very fast delivery,2026-05-01 19:20:57
8635,14404,1053,6,112,5,Perfect experience,2025-04-06 20:19:44
8636,14405,1114,2,296,5,Amazing restaurant,2024-10-21 19:46:36
8637,14408,1665,6,180,5,Fresh food,2026-05-07 08:22:59
8638,14410,1050,17,265,4,Fresh food,2025-11-21 19:42:40
8639,14411,2812,6,330,4,Food was delicious,2025-06-07 20:18:35
8640,14414,2047,9,194,5,Driver was polite,2025-11-13 16:56:16
8641,14417,160,19,334,4,Very fast delivery,2026-02-23 22:34:38
8642,14418,876,7,29,5,Excellent service,2026-05-21 15:46:54
8643,14419,2873,3,95,4,Food was delicious,2025-05-11 07:24:51
8644,14421,607,19,243,5,Fresh food,2026-03-17 15:25:17
8645,14422,2981,13,213,4,Very fast delivery,2025-03-02 19:53:36
8646,14425,1886,5,83,5,Driver was polite,2025-04-21 20:52:07
8647,14426,2323,2,228,5,Driver was polite,2025-12-11 05:36:43
8648,14427,1892,4,274,5,Food was delicious,2024-07-23 13:37:58
8649,14430,1854,2,98,5,Highly recommended,2024-11-08 00:42:11
8650,14431,719,20,184,1,Driver was rude,2025-02-22 00:06:11
8651,14432,629,15,317,5,Fresh food,2025-04-08 12:37:58
8652,14433,1033,6,304,3,Driver was rude,2025-02-14 21:58:19
8653,14434,2658,11,16,4,Highly recommended,2026-06-10 02:13:39
8654,14435,789,17,284,5,Perfect experience,2025-02-06 21:17:59
8655,14436,1482,17,22,3,Average experience,2024-11-26 04:10:52
8656,14437,1153,7,400,5,Food was delicious,2026-01-07 04:13:03
8657,14441,2070,19,343,5,Very fast delivery,2025-01-24 06:02:29
8658,14442,813,7,290,4,Excellent service,2024-07-25 20:03:31
8659,14443,1565,1,39,5,Fresh food,2025-03-06 09:47:19
8660,14444,2901,11,179,5,Driver was polite,2026-05-13 20:41:27
8661,14446,434,13,97,4,Excellent service,2024-07-15 23:21:25
8662,14447,1545,18,145,4,Food was delicious,2025-05-24 02:31:21
8663,14449,1810,10,290,4,Amazing restaurant,2025-08-13 11:47:03
8664,14451,1211,4,25,5,Food was delicious,2025-02-08 21:58:47
8665,14453,1488,9,291,4,Fresh food,2025-12-22 21:23:28
8666,14454,1587,10,386,3,Cold food,2025-06-18 20:57:02
8667,14455,2098,8,201,5,Fresh food,2025-06-12 23:48:43
8668,14459,1293,6,319,4,Perfect experience,2025-06-03 04:30:13
8669,14461,2819,10,95,5,Driver was polite,2025-09-15 23:38:37
8670,14463,231,17,207,2,Cold food,2024-09-15 22:29:20
8671,14464,614,6,317,5,Fresh food,2025-11-15 21:42:20
8672,14467,2646,2,128,4,Amazing restaurant,2025-03-10 18:22:49
8673,14469,2033,18,374,5,Excellent service,2025-04-19 20:42:05
8674,14470,2917,8,210,4,Perfect experience,2024-09-18 18:27:11
8675,14471,916,2,98,5,Fresh food,2026-03-15 22:48:08
8676,14475,1388,6,189,4,Food was delicious,2025-08-05 01:04:33
8677,14477,212,13,10,5,Highly recommended,2025-02-25 00:55:20
8678,14478,2891,2,195,5,Perfect experience,2025-10-18 13:43:22
8679,14481,2118,2,296,4,Perfect experience,2026-06-13 23:19:51
8680,14484,1575,13,284,5,Amazing restaurant,2024-11-10 11:24:54
8681,14487,2013,15,283,2,Cold food,2024-10-23 22:53:01
8682,14488,1920,6,337,5,Driver was polite,2025-06-18 09:17:48
8683,14489,1531,5,135,5,Very fast delivery,2025-06-01 19:07:28
8684,14490,1152,12,180,5,Perfect experience,2025-09-30 18:58:46
8685,14493,905,9,234,2,Late delivery,2025-04-18 10:04:01
8686,14495,348,10,129,3,Driver was rude,2024-09-08 10:14:57
8687,14496,251,12,43,4,Driver was polite,2025-07-14 06:37:24
8688,14497,255,17,114,5,Fresh food,2025-09-12 10:13:20
8689,14498,106,1,266,5,Amazing restaurant,2026-04-02 06:28:58
8690,14500,460,9,357,3,Cold food,2026-01-19 00:54:29
8691,14503,1513,13,236,2,Food quality could be better,2025-06-06 13:28:57
8692,14504,2040,3,362,4,Fresh food,2025-05-03 19:12:15
8693,14506,1183,20,2,4,Highly recommended,2026-02-17 09:56:31
8694,14507,1981,4,152,5,Driver was polite,2024-10-10 18:35:25
8695,14508,2162,10,286,5,Highly recommended,2026-06-24 21:29:02
8696,14510,1398,20,321,3,Food quality could be better,2026-03-14 03:29:23
8697,14512,2819,11,199,5,Excellent service,2025-11-10 10:28:03
8698,14513,1990,10,226,2,Food quality could be better,2025-03-10 03:20:43
8699,14514,520,6,337,5,Amazing restaurant,2025-04-13 14:33:05
8700,14516,1049,12,18,5,Fresh food,2024-11-29 13:44:31
8701,14517,2059,16,107,4,Food was delicious,2026-03-26 22:08:41
8702,14519,523,13,213,5,Driver was polite,2024-08-24 05:30:13
8703,14521,288,15,324,5,Very fast delivery,2024-12-08 01:02:34
8704,14522,2789,17,276,5,Highly recommended,2025-12-17 02:32:17
8705,14523,2103,13,397,5,Very fast delivery,2026-05-22 01:25:05
8706,14524,2932,1,386,5,Excellent service,2024-08-03 12:45:44
8707,14526,1364,20,157,5,Perfect experience,2026-04-30 02:40:54
8708,14527,1473,9,120,5,Amazing restaurant,2026-01-15 22:30:27
8709,14528,2370,17,47,4,Fresh food,2024-12-07 00:02:43
8710,14529,2069,13,397,5,Perfect experience,2024-09-23 23:16:46
8711,14530,565,9,316,4,Amazing restaurant,2026-06-17 22:41:42
8712,14531,396,1,267,3,Not worth the price,2025-08-12 23:28:56
8713,14532,1384,3,267,5,Driver was polite,2026-06-26 04:40:36
8714,14533,528,18,246,5,Amazing restaurant,2024-09-08 09:26:10
8715,14535,2167,13,372,5,Food was delicious,2026-03-03 12:39:24
8716,14539,1572,6,328,5,Amazing restaurant,2026-02-25 23:33:25
8717,14540,1636,13,133,4,Highly recommended,2026-06-02 20:36:48
8718,14541,1140,17,174,4,Excellent service,2026-04-25 15:32:55
8719,14543,2502,1,126,5,Very fast delivery,2025-07-15 21:04:54
8720,14544,767,12,40,5,Very fast delivery,2025-06-19 06:36:09
8721,14546,97,1,271,3,Food quality could be better,2026-02-22 01:29:02
8722,14547,66,10,289,5,Driver was polite,2025-11-13 17:34:46
8723,14548,2053,11,374,5,Driver was polite,2024-07-21 04:31:21
8724,14549,1877,6,163,5,Amazing restaurant,2026-06-27 00:05:42
8725,14550,1076,15,81,2,Late delivery,2025-09-08 02:47:45
8726,14554,605,15,354,4,Driver was polite,2025-02-23 02:02:48
8727,14556,1253,18,365,3,Food quality could be better,2025-07-28 19:22:27
8728,14560,1982,9,13,4,Amazing restaurant,2026-03-31 01:55:04
8729,14561,289,6,354,2,Late delivery,2025-10-03 03:12:34
8730,14563,1420,15,85,4,Fresh food,2024-08-09 02:55:32
8731,14564,1267,6,282,4,Highly recommended,2024-09-13 03:10:46
8732,14565,2489,16,341,2,Average experience,2026-05-29 14:14:17
8733,14566,2352,20,310,2,Food quality could be better,2026-01-17 11:36:30
8734,14568,1660,8,311,3,Driver was rude,2024-11-12 03:23:44
8735,14569,1419,13,116,5,Perfect experience,2024-11-24 17:22:14
8736,14571,34,2,221,5,Highly recommended,2026-04-29 00:08:11
8737,14572,1522,14,122,5,Highly recommended,2026-05-19 10:10:46
8738,14576,2380,17,256,4,Driver was polite,2026-05-25 07:05:05
8739,14577,2112,2,306,4,Fresh food,2025-11-28 04:46:01
8740,14579,2771,18,272,5,Very fast delivery,2025-11-05 13:12:34
8741,14580,1960,1,25,5,Highly recommended,2024-10-27 07:00:40
8742,14581,1562,20,116,4,Excellent service,2025-02-25 00:18:09
8743,14582,787,9,318,2,Cold food,2025-10-31 18:18:29
8744,14585,895,3,271,5,Very fast delivery,2025-08-05 21:18:49
8745,14587,2581,20,213,5,Very fast delivery,2025-10-02 16:53:12
8746,14590,2897,15,356,3,Average experience,2025-10-09 11:20:36
8747,14592,2020,15,81,4,Perfect experience,2024-08-29 15:51:05
8748,14593,824,9,111,5,Highly recommended,2026-06-11 01:34:03
8749,14595,1439,5,346,5,Excellent service,2024-11-05 17:38:35
8750,14597,837,2,57,5,Very fast delivery,2025-05-29 20:15:57
8751,14598,1215,13,184,5,Fresh food,2025-01-25 05:55:29
8752,14601,795,8,346,1,Cold food,2026-05-22 16:03:14
8753,14607,1840,3,272,4,Amazing restaurant,2026-03-03 23:06:38
8754,14608,388,3,200,3,Cold food,2025-03-29 04:27:18
8755,14609,1335,9,72,3,Late delivery,2025-08-09 21:01:30
8756,14614,223,10,25,5,Driver was polite,2026-01-30 03:22:29
8757,14618,2320,12,330,4,Driver was polite,2025-06-13 13:02:56
8758,14619,375,13,133,5,Food was delicious,2025-04-12 10:02:59
8759,14620,871,5,95,2,Cold food,2025-03-31 17:44:51
8760,14621,2185,7,360,4,Fresh food,2024-09-06 05:26:52
8761,14622,1731,10,36,5,Driver was polite,2026-03-27 22:03:19
8762,14623,2876,20,38,5,Excellent service,2025-08-04 22:14:15
8763,14624,948,3,105,5,Driver was polite,2024-09-24 12:25:05
8764,14625,1532,15,159,5,Very fast delivery,2025-04-17 12:52:02
8765,14628,1187,20,233,2,Late delivery,2025-12-18 23:07:37
8766,14629,1269,8,153,5,Highly recommended,2025-08-09 19:49:44
8767,14630,2936,2,221,5,Perfect experience,2025-12-30 17:02:40
8768,14634,1217,12,260,5,Fresh food,2024-12-07 02:14:02
8769,14635,1430,7,145,3,Driver was rude,2025-12-26 10:23:27
8770,14637,1312,15,317,5,Perfect experience,2024-08-29 00:22:39
8771,14638,1701,15,3,5,Food was delicious,2025-08-25 02:55:37
8772,14640,2462,8,171,4,Excellent service,2024-09-06 19:10:30
8773,14642,2652,1,103,4,Very fast delivery,2025-09-18 23:26:56
8774,14643,1771,15,260,3,Average experience,2025-06-22 09:12:03
8775,14645,2332,18,230,4,Excellent service,2025-11-06 07:46:42
8776,14646,1338,4,350,3,Food quality could be better,2024-09-17 16:45:12
8777,14649,2218,6,354,4,Fresh food,2025-04-26 18:31:28
8778,14651,824,9,13,1,Poor packaging,2026-03-18 01:41:10
8779,14653,1189,6,19,5,Amazing restaurant,2025-05-15 16:10:34
8780,14654,1742,7,253,5,Excellent service,2026-04-01 03:23:00
8781,14655,1532,12,317,4,Highly recommended,2026-04-29 06:54:24
8782,14656,1775,1,74,4,Perfect experience,2026-05-15 03:22:38
8783,14657,123,3,90,4,Fresh food,2025-10-24 20:24:56
8784,14658,1334,18,145,4,Excellent service,2025-04-14 13:09:25
8785,14659,1281,17,245,4,Excellent service,2024-12-21 20:50:06
8786,14661,2237,20,265,5,Highly recommended,2026-06-25 17:21:29
8787,14662,1448,13,116,4,Driver was polite,2025-03-05 07:20:11
8788,14666,2004,19,336,4,Fresh food,2025-04-11 17:00:28
8789,14668,1595,18,262,5,Perfect experience,2025-09-29 20:43:28
8790,14669,2291,15,366,4,Driver was polite,2024-11-06 21:28:05
8791,14670,2394,17,218,5,Perfect experience,2026-02-21 22:53:54
8792,14672,248,9,191,4,Very fast delivery,2024-09-23 09:33:14
8793,14673,121,20,269,5,Perfect experience,2026-04-20 16:43:24
8794,14674,1953,8,37,4,Amazing restaurant,2025-10-04 05:00:50
8795,14678,2200,17,162,4,Very fast delivery,2026-04-15 06:17:53
8796,14680,2176,13,245,3,Cold food,2026-01-05 08:32:58
8797,14681,1032,6,229,5,Excellent service,2024-07-22 02:16:06
8798,14682,1975,8,39,2,Food quality could be better,2025-02-20 08:12:20
8799,14684,661,6,383,5,Very fast delivery,2025-09-20 04:14:27
8800,14685,2015,5,251,5,Food was delicious,2025-11-06 16:40:34
8801,14686,1034,12,315,4,Driver was polite,2025-12-30 12:07:38
8802,14687,1668,13,233,3,Driver was rude,2026-01-21 11:14:59
8803,14688,1174,4,7,5,Fresh food,2024-10-27 19:37:43
8804,14690,2671,13,259,5,Food was delicious,2026-02-08 14:26:01
8805,14692,593,20,310,4,Driver was polite,2025-06-12 02:12:58
8806,14696,1986,11,79,4,Perfect experience,2024-09-17 11:28:22
8807,14699,540,6,315,2,Late delivery,2026-06-03 17:00:33
8808,14702,1123,10,388,5,Perfect experience,2026-03-09 06:56:01
8809,14704,991,10,200,2,Driver was rude,2025-11-28 06:13:35
8810,14705,869,15,328,5,Excellent service,2024-12-13 20:05:12
8811,14707,1805,1,251,5,Fresh food,2024-09-07 03:38:48
8812,14708,803,18,201,5,Amazing restaurant,2024-07-24 03:20:18
8813,14709,513,18,358,4,Highly recommended,2026-04-02 15:40:15
8814,14713,1747,13,233,5,Fresh food,2026-06-25 04:24:35
8815,14716,2822,1,358,5,Perfect experience,2026-04-26 00:04:46
8816,14717,651,10,147,3,Driver was rude,2025-07-12 06:48:18
8817,14718,1876,8,126,5,Very fast delivery,2025-09-12 08:49:18
8818,14720,2533,14,122,3,Driver was rude,2026-06-28 15:04:37
8819,14721,225,5,230,4,Driver was polite,2025-12-24 15:16:53
8820,14723,721,15,69,5,Perfect experience,2025-09-14 20:40:57
8821,14728,1719,9,357,5,Amazing restaurant,2024-07-29 18:31:27
8822,14729,2853,17,162,4,Highly recommended,2026-01-04 06:47:41
8823,14730,2162,7,257,3,Late delivery,2026-06-05 23:34:06
8824,14731,822,17,218,3,Food quality could be better,2025-08-28 04:08:49
8825,14733,64,11,362,5,Excellent service,2026-03-09 23:08:23
8826,14735,1119,3,134,4,Driver was polite,2026-04-19 19:53:05
8827,14737,1172,16,378,3,Not worth the price,2026-02-06 15:45:54
8828,14738,2822,1,367,5,Driver was polite,2025-10-14 06:28:12
8829,14739,1546,6,188,4,Very fast delivery,2025-04-14 07:57:13
8830,14740,1302,10,101,3,Wrong order,2026-04-20 03:26:40
8831,14742,1350,20,269,3,Late delivery,2025-06-17 14:18:11
8832,14744,2368,18,253,4,Amazing restaurant,2025-02-03 17:53:03
8833,14745,2844,20,269,1,Cold food,2025-08-06 21:56:52
8834,14747,865,7,362,4,Amazing restaurant,2025-02-14 05:17:03
8835,14748,700,18,210,5,Very fast delivery,2025-05-07 11:43:34
8836,14749,1105,11,161,4,Excellent service,2026-05-30 06:19:33
8837,14751,1209,8,367,4,Perfect experience,2025-02-09 14:04:48
8838,14752,392,4,42,2,Wrong order,2026-06-08 10:50:32
8839,14754,2480,11,335,5,Perfect experience,2026-04-21 00:31:02
8840,14755,2813,12,189,5,Perfect experience,2024-07-28 20:37:12
8841,14756,4,8,243,1,Driver was rude,2025-09-29 17:06:03
8842,14757,2422,12,109,5,Fresh food,2024-10-20 19:38:30
8843,14761,2371,17,265,4,Highly recommended,2026-02-20 06:48:50
8844,14762,306,13,327,5,Fresh food,2025-08-31 05:31:11
8845,14763,2385,13,218,5,Perfect experience,2025-04-19 00:12:45
8846,14764,1927,13,207,3,Cold food,2026-01-18 05:23:05
8847,14765,2468,3,358,5,Driver was polite,2026-03-04 08:09:26
8848,14766,921,1,386,4,Fresh food,2026-03-23 22:56:42
8849,14767,2871,15,275,3,Food quality could be better,2025-05-06 08:21:54
8850,14769,1370,6,188,5,Perfect experience,2026-03-06 07:44:41
8851,14770,827,11,96,5,Excellent service,2025-11-13 21:26:54
8852,14771,433,19,80,5,Excellent service,2025-05-06 22:07:32
8853,14772,2518,2,110,3,Poor packaging,2025-03-29 15:52:57
8854,14773,2289,13,178,3,Late delivery,2025-06-15 09:28:36
8855,14774,1496,18,323,5,Food was delicious,2026-06-20 01:45:48
8856,14775,365,7,391,3,Late delivery,2025-04-23 10:59:34
8857,14776,816,2,399,5,Fresh food,2026-03-25 06:31:40
8858,14777,1332,10,130,5,Highly recommended,2025-09-17 19:44:22
8859,14779,433,1,323,1,Not worth the price,2025-05-29 09:30:20
8860,14782,1683,5,285,5,Amazing restaurant,2025-04-19 03:25:56
8861,14783,791,9,32,5,Very fast delivery,2026-01-01 17:08:10
8862,14784,1331,6,48,2,Food quality could be better,2026-07-12 20:15:47
8863,14786,1867,17,178,5,Highly recommended,2024-11-02 12:51:37
8864,14787,1355,10,145,5,Highly recommended,2024-09-28 07:09:22
8865,14789,1375,13,184,5,Driver was polite,2024-09-09 11:20:47
8866,14790,1694,20,207,3,Wrong order,2024-09-09 12:02:30
8867,14791,830,15,328,5,Driver was polite,2026-04-08 16:23:03
8868,14792,2289,13,2,2,Driver was rude,2026-07-03 10:20:23
8869,14793,2476,16,341,5,Amazing restaurant,2024-10-02 08:44:27
8870,14795,1234,20,327,4,Very fast delivery,2025-04-24 16:40:44
8871,14796,755,12,176,5,Amazing restaurant,2025-10-15 19:57:46
8872,14797,1881,15,81,4,Amazing restaurant,2025-08-31 08:48:45
8873,14799,1518,18,326,5,Perfect experience,2026-03-07 05:04:27
8874,14801,160,19,340,1,Food quality could be better,2024-08-05 00:23:10
8875,14802,2804,12,41,4,Very fast delivery,2026-05-11 16:37:21
8876,14803,1359,11,134,4,Fresh food,2026-04-12 12:16:18
8877,14805,2241,1,147,4,Fresh food,2025-05-11 23:24:01
8878,14806,1453,11,25,5,Amazing restaurant,2025-11-25 01:33:46
8879,14808,2042,14,122,4,Food was delicious,2026-04-09 16:00:48
8880,14810,2316,20,119,5,Fresh food,2024-09-05 19:51:29
8881,14811,1893,7,8,4,Perfect experience,2025-10-08 12:15:35
8882,14813,2400,17,213,5,Very fast delivery,2025-05-03 08:19:10
8883,14814,2022,10,261,4,Fresh food,2025-03-25 02:56:26
8884,14817,1917,14,394,5,Excellent service,2025-11-18 12:11:10
8885,14818,1551,13,310,1,Driver was rude,2025-06-16 18:36:48
8886,14823,1048,4,8,3,Average experience,2026-05-29 15:44:45
8887,14824,1069,2,61,4,Fresh food,2024-10-19 10:37:16
8888,14825,689,17,185,4,Perfect experience,2026-01-31 07:12:18
8889,14826,1707,12,330,5,Food was delicious,2025-11-14 23:47:20
8890,14827,991,4,325,5,Excellent service,2025-05-13 04:42:44
8891,14828,2147,5,358,4,Driver was polite,2025-03-20 16:58:07
8892,14829,903,2,255,5,Perfect experience,2024-10-24 22:05:07
8893,14833,2880,3,261,5,Food was delicious,2026-03-21 16:24:39
8894,14834,431,10,336,4,Amazing restaurant,2025-12-27 14:43:26
8895,14840,287,20,236,5,Driver was polite,2026-06-24 15:42:19
8896,14841,2823,4,365,5,Perfect experience,2025-10-11 09:35:27
8897,14842,2214,17,309,2,Not worth the price,2024-12-13 23:05:32
8898,14843,857,9,316,3,Cold food,2025-10-16 19:18:20
8899,14849,2119,10,51,5,Fresh food,2024-09-28 18:24:07
8900,14850,2457,9,378,5,Driver was polite,2024-12-03 05:24:24
8901,14857,1509,11,250,5,Driver was polite,2024-12-21 13:04:48
8902,14858,1159,2,288,3,Not worth the price,2025-05-29 00:11:48
8903,14859,1287,12,163,1,Poor packaging,2026-02-17 20:56:38
8904,14860,1106,20,11,2,Not worth the price,2025-11-17 12:33:36
8905,14861,319,11,360,4,Excellent service,2025-04-11 18:20:37
8906,14862,2825,7,71,5,Very fast delivery,2026-05-13 21:26:12
8907,14864,2455,16,111,5,Fresh food,2026-04-06 07:34:54
8908,14865,2104,17,93,5,Food was delicious,2025-09-14 12:39:17
8909,14866,2280,10,266,4,Excellent service,2026-07-05 07:43:27
8910,14867,2709,1,246,5,Highly recommended,2025-02-06 17:15:14
8911,14871,36,4,253,5,Highly recommended,2026-06-05 17:54:48
8912,14872,635,16,194,5,Highly recommended,2025-10-25 13:13:05
8913,14874,586,6,354,5,Amazing restaurant,2025-10-03 01:08:32
8914,14875,2970,3,129,3,Cold food,2025-03-21 12:18:10
8915,14878,2172,10,166,5,Excellent service,2026-04-26 03:37:34
8916,14879,360,4,246,3,Late delivery,2026-01-10 19:01:48
8917,14880,135,10,79,4,Fresh food,2026-07-13 10:52:26
8918,14881,725,7,145,5,Driver was polite,2025-07-08 17:54:31
8919,14882,1981,10,204,5,Excellent service,2024-07-30 21:46:03
8920,14884,2612,2,288,3,Wrong order,2025-02-04 03:04:32
8921,14886,2210,17,276,4,Perfect experience,2026-04-30 13:29:05
8922,14887,2670,14,394,5,Perfect experience,2024-10-21 10:16:17
8923,14889,873,6,299,5,Highly recommended,2024-09-16 13:20:30
8924,14890,2162,7,137,5,Fresh food,2025-03-12 10:09:17
8925,14892,2308,13,119,5,Amazing restaurant,2025-07-20 14:26:48
8926,14893,418,11,336,4,Food was delicious,2025-01-11 22:38:42
8927,14894,1214,5,158,5,Amazing restaurant,2025-04-13 19:29:48
8928,14895,1619,17,361,5,Driver was polite,2024-09-28 13:14:50
8929,14897,1283,13,372,5,Highly recommended,2025-11-28 09:04:00
8930,14899,2923,16,378,4,Driver was polite,2026-03-21 17:44:09
8931,14900,919,20,106,5,Highly recommended,2025-08-16 00:15:47
8932,14901,2935,14,394,5,Driver was polite,2025-04-07 20:11:54
8933,14902,358,7,105,1,Driver was rude,2025-12-05 22:31:33
8934,14904,2589,4,209,4,Excellent service,2026-02-25 23:32:25
8935,14905,821,17,121,4,Food was delicious,2025-05-09 19:49:47
8936,14906,46,3,84,3,Average experience,2025-01-07 04:03:11
8937,14907,2986,1,252,2,Wrong order,2026-02-26 22:05:27
8938,14908,2738,5,95,4,Perfect experience,2025-01-08 01:13:16
8939,14910,2826,7,339,5,Food was delicious,2024-12-18 12:11:22
8940,14911,1450,3,346,5,Amazing restaurant,2024-12-20 03:51:42
8941,14912,1799,12,359,2,Poor packaging,2025-02-20 14:57:53
8942,14914,271,20,235,4,Fresh food,2025-02-07 14:22:56
8943,14915,359,6,189,4,Amazing restaurant,2025-04-30 01:10:13
8944,14916,2216,2,66,4,Very fast delivery,2025-07-30 10:26:26
8945,14920,2306,17,321,5,Amazing restaurant,2024-12-24 17:03:07
8946,14922,2405,8,74,1,Late delivery,2025-12-02 01:38:04
8947,14924,1366,12,319,3,Driver was rude,2025-11-27 08:15:37
8948,14925,958,20,162,5,Amazing restaurant,2025-02-11 23:01:59
8949,14927,975,20,169,5,Highly recommended,2025-12-12 23:16:43
8950,14928,2897,15,188,2,Late delivery,2024-10-28 08:05:25
8951,14929,133,12,319,5,Very fast delivery,2026-01-06 02:11:54
8952,14930,1586,2,296,4,Food was delicious,2025-07-09 04:12:24
8953,14931,775,13,269,4,Food was delicious,2026-05-06 10:54:37
8954,14936,2172,8,203,5,Excellent service,2025-05-25 02:22:38
8955,14939,2868,8,83,4,Driver was polite,2024-08-06 06:02:03
8956,14940,2063,17,11,5,Highly recommended,2024-09-23 17:22:51
8957,14944,1819,2,175,3,Food quality could be better,2025-09-16 17:21:51
8958,14945,2630,10,226,5,Fresh food,2024-12-06 19:47:44
8959,14949,1127,4,103,5,Excellent service,2025-07-20 15:50:14
8960,14953,2964,1,7,2,Late delivery,2025-07-21 18:53:54
8961,14954,134,20,47,5,Highly recommended,2025-02-16 05:47:14
8962,14955,2997,8,203,5,Driver was polite,2025-09-13 19:20:51
8963,14956,2427,15,81,4,Perfect experience,2024-09-09 17:28:25
8964,14959,387,1,168,3,Not worth the price,2026-04-07 02:42:05
8965,14962,1344,11,71,4,Fresh food,2025-11-10 13:43:04
8966,14964,47,20,116,4,Fresh food,2025-06-14 04:15:17
8967,14965,1388,6,231,3,Not worth the price,2025-02-19 04:57:58
8968,14966,946,16,191,4,Perfect experience,2025-03-01 17:44:22
8969,14967,2950,4,105,5,Fresh food,2026-01-01 07:31:06
8970,14968,1233,4,42,5,Highly recommended,2024-11-10 05:05:38
8971,14970,2497,12,356,4,Highly recommended,2026-02-19 03:01:20
8972,14971,1627,6,263,4,Fresh food,2025-11-04 21:20:14
8973,14972,2802,12,48,1,Not worth the price,2025-08-18 04:17:09
8974,14976,10,6,260,4,Excellent service,2025-11-14 00:01:51
8975,14978,1211,11,84,4,Food was delicious,2025-10-24 06:39:31
8976,14979,1543,12,359,3,Not worth the price,2025-07-29 18:01:05
8977,14980,1322,17,133,5,Food was delicious,2026-03-11 12:44:56
8978,14981,2995,12,159,3,Food quality could be better,2025-12-26 10:00:41
8979,14982,2634,18,201,5,Very fast delivery,2025-10-07 17:17:12
8980,14986,396,1,25,4,Very fast delivery,2025-07-25 06:49:06
8981,14988,311,15,248,3,Cold food,2024-11-23 07:30:34
8982,14990,704,11,183,4,Perfect experience,2024-11-09 09:27:30
8983,14991,1847,13,174,5,Perfect experience,2024-09-19 13:21:58
8984,14992,538,17,259,4,Driver was polite,2025-03-25 05:41:31
8985,14994,2024,13,284,2,Food quality could be better,2024-12-24 00:14:38
8986,14995,554,2,94,3,Poor packaging,2024-09-06 15:12:32
8987,14997,826,17,141,2,Not worth the price,2026-07-04 18:29:12
8988,14998,1536,6,109,5,Food was delicious,2026-04-30 13:29:33
8989,14999,849,17,169,5,Driver was polite,2025-08-31 13:09:32
8990,15001,4,1,250,4,Excellent service,2025-04-10 09:55:57
8991,15002,2626,17,131,2,Not worth the price,2025-05-19 04:39:58
8992,15003,2615,6,275,3,Average experience,2026-04-16 23:11:19
8993,15005,1754,3,24,2,Poor packaging,2025-01-11 19:01:27
8994,15006,139,19,8,5,Very fast delivery,2026-03-15 23:46:17
8995,15011,602,6,43,4,Perfect experience,2025-08-16 19:57:40
8996,15012,1723,7,286,5,Very fast delivery,2026-02-12 11:17:58
8997,15013,1549,1,347,5,Perfect experience,2024-08-31 13:35:05
8998,15015,2681,20,102,5,Highly recommended,2025-11-09 22:29:05
8999,15017,7,18,386,4,Perfect experience,2025-04-02 09:22:41
9000,15018,516,7,252,3,Poor packaging,2024-09-23 07:08:55
9001,15021,212,17,265,4,Food was delicious,2025-08-01 14:45:33
9002,15022,2209,11,29,3,Not worth the price,2024-10-21 16:31:09
9003,15023,706,18,286,5,Perfect experience,2025-08-31 14:53:58
9004,15025,453,8,252,5,Driver was polite,2025-04-25 20:05:48
9005,15026,2766,15,59,5,Highly recommended,2024-10-10 22:30:25
9006,15027,2619,14,382,5,Driver was polite,2026-01-20 20:16:12
9007,15029,67,19,158,5,Amazing restaurant,2025-11-21 02:00:29
9008,15031,1919,1,391,5,Very fast delivery,2025-11-09 18:09:14
9009,15032,2752,17,190,4,Very fast delivery,2025-12-09 16:20:59
9010,15034,296,14,394,5,Perfect experience,2024-12-24 08:11:07
9011,15036,1889,15,317,4,Amazing restaurant,2025-08-29 09:22:21
9012,15037,1342,12,312,3,Poor packaging,2024-11-09 21:56:27
9013,15038,939,13,211,5,Excellent service,2026-01-22 23:01:58
9014,15039,2670,14,122,2,Cold food,2025-07-18 06:42:47
9015,15040,831,15,3,5,Very fast delivery,2026-03-09 23:03:32
9016,15042,394,5,367,5,Fresh food,2025-09-20 03:33:39
9017,15043,514,20,184,2,Driver was rude,2025-06-20 14:52:13
9018,15045,2125,12,328,4,Very fast delivery,2025-03-15 10:14:13
9019,15046,446,17,259,5,Food was delicious,2026-02-04 20:47:01
9020,15047,2278,18,37,3,Average experience,2026-05-02 07:08:46
9021,15049,2384,17,207,5,Amazing restaurant,2025-07-08 16:06:33
9022,15050,2397,7,130,5,Highly recommended,2024-11-17 16:13:28
9023,15052,2477,3,7,1,Late delivery,2024-12-22 06:28:16
9024,15053,413,12,324,5,Very fast delivery,2025-06-17 05:35:38
9025,15055,2875,9,196,5,Excellent service,2024-10-28 15:16:11
9026,15057,53,20,233,4,Very fast delivery,2026-07-09 02:46:46
9027,15059,1099,17,125,5,Excellent service,2026-05-29 07:03:39
9028,15060,2325,9,380,5,Fresh food,2025-06-20 12:14:11
9029,15062,670,20,245,2,Not worth the price,2026-02-04 18:24:47
9030,15063,1728,11,230,5,Excellent service,2026-03-19 23:52:44
9031,15064,2478,5,253,4,Very fast delivery,2025-06-14 02:31:19
9032,15065,2006,10,266,3,Poor packaging,2025-08-05 08:17:34
9033,15067,302,8,147,3,Average experience,2025-11-01 22:24:07
9034,15068,1490,20,106,5,Excellent service,2025-01-22 21:42:55
9035,15069,2091,1,25,5,Highly recommended,2025-01-26 12:58:37
9036,15071,476,5,281,5,Excellent service,2025-07-11 08:19:34
9037,15072,930,13,102,5,Food was delicious,2025-01-24 14:02:08
9038,15073,1513,13,182,4,Food was delicious,2024-12-03 20:13:28
9039,15074,627,14,122,5,Amazing restaurant,2026-02-17 17:15:19
9040,15075,2348,15,354,4,Highly recommended,2024-08-11 13:15:57
9041,15076,427,14,382,5,Perfect experience,2025-02-25 15:24:20
9042,15080,1139,10,261,5,Excellent service,2025-12-16 12:40:56
9043,15081,1534,6,368,5,Very fast delivery,2024-09-20 09:56:13
9044,15083,2230,2,195,3,Driver was rude,2026-03-19 13:25:32
9045,15084,2329,3,365,4,Food was delicious,2025-09-13 06:31:33
9046,15085,2822,18,362,4,Fresh food,2026-02-11 01:14:47
9047,15086,2112,2,110,3,Poor packaging,2024-09-26 04:25:56
9048,15087,1545,18,338,5,Food was delicious,2024-12-17 03:02:13
9049,15090,2302,20,372,4,Highly recommended,2024-08-29 20:02:48
9050,15091,625,10,285,5,Perfect experience,2025-07-26 04:08:30
9051,15094,1687,19,179,4,Very fast delivery,2025-06-27 22:52:10
9052,15095,429,20,115,5,Highly recommended,2025-07-12 18:25:49
9053,15100,631,12,282,5,Fresh food,2025-02-05 01:31:02
9054,15101,1547,19,219,4,Excellent service,2024-08-02 14:26:44
9055,15102,473,9,378,4,Driver was polite,2025-01-05 13:24:15
9056,15104,1246,6,322,5,Excellent service,2025-02-17 20:13:57
9057,15105,436,18,253,3,Average experience,2024-11-28 14:23:42
9058,15106,26,4,36,5,Driver was polite,2024-12-31 09:17:35
9059,15107,2893,1,79,4,Fresh food,2024-10-01 22:25:52
9060,15108,2454,10,130,5,Amazing restaurant,2026-06-03 00:02:10
9061,15109,1377,13,361,1,Food quality could be better,2025-03-10 13:53:31
9062,15111,1853,13,49,5,Food was delicious,2026-04-01 07:16:09
9063,15112,511,2,306,5,Amazing restaurant,2024-07-18 04:03:33
9064,15113,1084,7,340,2,Driver was rude,2024-07-29 18:46:45
9065,15114,1610,7,103,4,Driver was polite,2026-03-09 03:14:04
9066,15116,1097,19,285,3,Poor packaging,2025-07-14 07:51:21
9067,15117,97,8,369,3,Driver was rude,2024-07-21 04:27:32
9068,15118,1881,6,244,4,Driver was polite,2026-06-11 00:12:08
9069,15119,813,7,183,4,Highly recommended,2026-01-29 20:38:35
9070,15122,541,15,312,5,Fresh food,2024-08-21 11:43:53
9071,15124,1681,17,102,5,Driver was polite,2024-12-29 05:22:11
9072,15125,2609,17,30,4,Amazing restaurant,2026-06-26 21:43:37
9073,15126,2982,15,312,3,Not worth the price,2026-01-13 23:02:08
9074,15127,2464,18,251,5,Food was delicious,2026-01-12 20:14:52
9075,15129,2331,12,176,5,Perfect experience,2024-08-14 07:09:13
9076,15133,2435,17,102,4,Amazing restaurant,2024-07-28 01:54:35
9077,15134,2582,4,210,4,Driver was polite,2025-11-29 11:40:57
9078,15136,1098,9,387,5,Perfect experience,2025-03-03 09:27:05
9079,15138,2441,19,203,3,Not worth the price,2025-07-01 07:30:40
9080,15140,1588,17,239,4,Food was delicious,2025-07-24 08:29:37
9081,15142,1053,15,295,5,Excellent service,2026-07-15 07:32:01
9082,15143,2008,5,338,4,Driver was polite,2025-02-12 20:12:18
9083,15144,2662,17,97,4,Excellent service,2025-02-13 10:38:20
9084,15145,793,19,80,4,Amazing restaurant,2025-01-01 11:18:57
9085,15146,1495,10,360,5,Driver was polite,2025-07-11 13:04:44
9086,15147,954,3,343,5,Amazing restaurant,2025-07-17 01:42:31
9087,15148,536,12,295,5,Excellent service,2026-02-02 23:13:00
9088,15150,933,8,149,1,Cold food,2025-07-06 10:18:05
9089,15152,1957,13,141,2,Driver was rude,2025-06-15 04:34:56
9090,15153,827,1,74,4,Amazing restaurant,2026-05-15 17:05:45
9091,15154,2363,8,37,4,Excellent service,2024-09-09 09:29:00
9092,15158,1378,4,179,2,Driver was rude,2026-04-20 03:17:00
9093,15159,1014,6,69,4,Food was delicious,2025-02-22 06:08:25
9094,15160,1001,3,164,5,Excellent service,2025-08-19 08:46:32
9095,15161,2371,17,178,5,Perfect experience,2026-04-14 16:20:27
9096,15162,2755,17,303,5,Fresh food,2025-04-01 21:16:50
9097,15163,1547,10,336,5,Driver was polite,2026-03-23 04:12:44
9098,15164,279,1,21,4,Perfect experience,2024-11-30 19:58:02
9099,15172,1519,17,11,3,Late delivery,2024-11-16 13:43:16
9100,15174,855,17,351,5,Perfect experience,2025-10-24 20:03:46
9101,15175,2735,16,13,3,Driver was rude,2025-08-23 07:59:49
9102,15176,2636,2,223,3,Late delivery,2026-06-14 07:07:01
9103,15177,520,15,356,4,Very fast delivery,2026-05-04 23:54:54
9104,15178,1411,15,109,5,Highly recommended,2024-10-07 07:29:55
9105,15179,2443,13,376,1,Average experience,2024-08-20 13:32:13
9106,15180,586,12,260,3,Average experience,2025-04-06 00:20:43
9107,15181,2973,1,79,3,Late delivery,2024-12-01 13:08:57
9108,15183,2114,20,376,5,Food was delicious,2025-09-29 15:50:11
9109,15184,661,12,315,4,Amazing restaurant,2026-06-11 05:15:05
9110,15185,2200,13,132,3,Poor packaging,2024-08-02 18:26:24
9111,15187,2973,4,381,3,Late delivery,2025-04-05 15:26:01
9112,15188,1539,17,11,2,Food quality could be better,2025-06-05 06:59:19
9113,15189,736,5,113,4,Fresh food,2026-06-25 06:51:50
9114,15190,282,17,151,5,Excellent service,2025-12-18 14:57:51
9115,15191,402,19,37,2,Poor packaging,2026-01-26 02:44:41
9116,15193,1792,12,383,4,Food was delicious,2025-10-04 20:11:31
9117,15195,2613,11,95,3,Poor packaging,2025-05-11 04:44:36
9118,15196,318,6,359,5,Very fast delivery,2025-07-04 20:45:12
9119,15197,1180,6,41,4,Fresh food,2025-01-21 02:03:30
9120,15199,1664,19,42,2,Late delivery,2024-08-18 16:24:26
9121,15202,2488,2,61,5,Fresh food,2026-06-01 00:47:18
9122,15205,2615,6,112,4,Highly recommended,2024-08-08 21:02:07
9123,15206,2702,11,267,4,Driver was polite,2026-03-04 02:29:14
9124,15207,1304,9,72,4,Fresh food,2025-04-27 04:00:49
9125,15208,436,19,83,4,Excellent service,2024-10-12 06:48:11
9126,15211,1869,13,211,5,Excellent service,2025-11-30 19:40:45
9127,15212,2433,13,151,4,Fresh food,2025-03-02 09:58:52
9128,15214,1396,18,262,4,Highly recommended,2026-06-01 18:55:24
9129,15215,555,6,180,3,Not worth the price,2025-12-05 12:31:53
9130,15217,674,13,38,5,Food was delicious,2025-10-13 22:43:55
9131,15218,1808,12,43,5,Food was delicious,2025-02-27 16:43:10
9132,15220,2765,12,19,5,Perfect experience,2026-05-25 00:13:04
9133,15222,2507,11,95,2,Poor packaging,2024-10-27 07:49:48
9134,15223,225,10,325,5,Amazing restaurant,2025-07-29 05:43:47
9135,15225,2209,4,161,5,Very fast delivery,2025-03-17 02:30:20
9136,15230,1933,7,209,5,Food was delicious,2026-02-11 13:49:31
9137,15231,1237,4,350,5,Highly recommended,2026-05-29 03:07:42
9138,15232,1441,20,239,5,Highly recommended,2026-03-07 16:37:39
9139,15233,1893,18,346,3,Food quality could be better,2024-08-11 19:44:58
9140,15237,825,4,161,4,Excellent service,2025-02-16 02:24:47
9141,15238,821,20,284,5,Food was delicious,2025-09-25 04:52:47
9142,15239,45,3,130,5,Fresh food,2024-11-08 11:04:43
9143,15240,2459,17,245,4,Perfect experience,2025-06-14 00:05:58
9144,15241,2181,20,235,5,Perfect experience,2025-08-27 04:17:47
9145,15243,2382,4,145,5,Very fast delivery,2026-02-13 03:41:36
9146,15245,2938,19,95,4,Highly recommended,2025-04-12 07:41:24
9147,15246,1016,19,16,3,Wrong order,2025-03-05 23:00:37
9148,15247,932,19,153,3,Food quality could be better,2025-02-19 14:27:22
9149,15248,1660,7,123,5,Very fast delivery,2025-04-05 18:02:44
9150,15249,2310,19,7,4,Excellent service,2024-08-22 16:47:37
9151,15250,480,17,227,4,Fresh food,2024-07-30 13:08:03
9152,15251,731,17,157,4,Driver was polite,2025-08-29 17:26:48
9153,15254,2316,13,125,4,Driver was polite,2025-03-18 00:37:00
9154,15256,84,10,199,4,Food was delicious,2024-10-19 10:17:28
9155,15259,1358,5,123,4,Very fast delivery,2025-08-29 16:35:24
9156,15262,1202,14,394,5,Perfect experience,2024-07-22 12:54:38
9157,15263,426,12,229,5,Food was delicious,2026-03-01 02:24:17
9158,15265,777,20,206,1,Cold food,2026-03-04 23:45:11
9159,15266,2416,6,188,5,Driver was polite,2025-10-15 08:33:42
9160,15268,2887,20,22,5,Excellent service,2024-11-14 01:33:16
9161,15269,1783,16,302,5,Food was delicious,2026-04-04 10:02:30
9162,15270,2713,19,286,5,Excellent service,2026-06-24 12:53:47
9163,15271,1026,2,128,4,Driver was polite,2025-06-14 12:02:42
9164,15272,820,5,31,4,Very fast delivery,2025-08-25 12:17:57
9165,15273,2628,7,200,4,Perfect experience,2024-09-03 01:06:20
9166,15277,1682,18,7,4,Amazing restaurant,2025-08-16 21:54:48
9167,15278,1898,2,57,1,Wrong order,2026-03-23 09:12:57
9168,15279,810,10,290,5,Amazing restaurant,2025-03-15 06:02:33
9169,15281,2428,1,164,5,Excellent service,2024-08-24 11:59:45
9170,15283,1045,8,160,4,Excellent service,2024-10-06 07:55:33
9171,15287,263,8,28,5,Driver was polite,2025-02-03 09:13:52
9172,15288,2544,6,163,4,Excellent service,2024-11-19 18:58:07
9173,15291,1114,2,255,5,Very fast delivery,2024-12-29 06:26:06
9174,15293,1406,6,383,4,Amazing restaurant,2025-11-17 00:35:50
9175,15294,1774,10,243,5,Perfect experience,2025-04-24 18:27:10
9176,15295,2101,20,1,2,Late delivery,2025-09-29 02:18:09
9177,15297,1197,3,262,1,Food quality could be better,2024-11-04 12:19:13
9178,15299,445,19,65,4,Highly recommended,2026-06-03 06:23:21
9179,15300,2066,4,262,4,Highly recommended,2025-03-06 23:26:01
9180,15301,231,20,141,5,Very fast delivery,2025-09-26 13:44:33
9181,15305,606,7,29,5,Excellent service,2025-01-24 03:33:44
9182,15307,2094,1,51,3,Poor packaging,2025-08-08 09:01:28
9183,15310,484,8,74,5,Amazing restaurant,2025-10-25 19:31:18
9184,15311,2776,19,274,4,Highly recommended,2025-07-13 08:48:31
9185,15312,1192,1,80,4,Excellent service,2024-12-28 22:15:55
9186,15313,2293,17,127,4,Highly recommended,2025-09-22 20:38:39
9187,15315,2738,7,289,1,Average experience,2026-04-24 17:21:53
9188,15320,102,13,206,5,Excellent service,2025-02-09 10:01:43
9189,15321,1824,14,122,5,Highly recommended,2025-11-22 03:36:29
9190,15322,200,17,307,4,Food was delicious,2024-07-20 05:57:23
9191,15324,748,4,369,4,Fresh food,2025-03-19 13:03:35
9192,15326,178,2,92,4,Food was delicious,2026-03-09 16:02:31
9193,15327,84,1,71,5,Food was delicious,2025-09-14 19:05:42
9194,15330,2244,8,147,4,Fresh food,2025-07-31 11:25:11
9195,15336,92,17,121,4,Food was delicious,2025-10-01 19:14:19
9196,15338,1318,7,105,4,Perfect experience,2025-02-28 19:19:39
9197,15341,1774,18,374,5,Excellent service,2025-11-13 21:36:33
9198,15343,1891,20,307,2,Food quality could be better,2024-10-16 04:11:47
9199,15345,2306,17,327,4,Fresh food,2024-07-31 04:18:39
9200,15347,2794,17,91,5,Very fast delivery,2025-11-16 01:43:13
9201,15349,711,14,382,2,Driver was rude,2026-04-23 09:37:33
9202,15350,428,9,316,4,Driver was polite,2025-10-04 21:17:41
9203,15351,2389,11,253,1,Average experience,2024-09-29 13:27:26
9204,15352,231,13,116,5,Very fast delivery,2024-09-12 16:54:24
9205,15353,1596,2,296,5,Excellent service,2026-06-16 23:42:09
9206,15355,146,2,224,5,Excellent service,2025-11-21 14:04:56
9207,15356,1919,4,90,5,Perfect experience,2024-09-05 14:37:48
9208,15357,2852,10,250,5,Amazing restaurant,2025-04-28 18:16:40
9209,15358,2817,20,115,5,Highly recommended,2025-02-13 16:51:23
9210,15359,2464,10,161,4,Fresh food,2025-03-22 08:57:53
9211,15362,421,3,147,4,Fresh food,2024-10-14 22:36:07
9212,15363,1059,12,159,3,Late delivery,2026-01-25 10:12:54
9213,15364,2283,2,224,5,Amazing restaurant,2026-05-25 23:46:06
9214,15365,1692,5,238,4,Very fast delivery,2024-12-07 23:32:19
9215,15366,880,12,41,4,Fresh food,2024-07-20 23:43:55
9216,15368,2751,12,354,4,Fresh food,2026-07-08 22:56:44
9217,15370,2107,20,50,3,Wrong order,2025-03-30 18:58:28
9218,15371,1630,16,196,4,Amazing restaurant,2024-09-15 08:19:58
9219,15372,2612,2,224,3,Wrong order,2026-07-11 00:21:04
9220,15373,2216,2,223,5,Driver was polite,2025-01-09 06:06:08
9221,15376,1522,14,394,3,Late delivery,2026-01-09 02:18:59
9222,15377,396,18,153,5,Highly recommended,2026-01-26 03:11:52
9223,15378,2748,20,259,5,Food was delicious,2025-11-28 04:50:34
9224,15379,369,2,17,5,Fresh food,2025-09-01 17:20:09
9225,15380,2981,13,124,3,Poor packaging,2026-02-14 21:14:53
9226,15382,1098,16,194,2,Late delivery,2024-08-22 13:11:08
9227,15383,607,1,314,3,Cold food,2026-05-03 18:30:41
9228,15384,2863,2,399,5,Very fast delivery,2025-08-17 12:16:02
9229,15386,2492,13,10,5,Very fast delivery,2024-07-17 20:35:05
9230,15387,232,3,204,4,Food was delicious,2025-07-27 21:58:11
9231,15388,330,3,320,3,Not worth the price,2024-10-17 10:16:10
9232,15390,506,17,11,5,Perfect experience,2026-01-26 15:25:48
9233,15391,1941,2,255,4,Excellent service,2024-07-17 13:37:57
9234,15394,2638,10,210,4,Very fast delivery,2025-04-24 06:09:31
9235,15397,2645,6,188,3,Poor packaging,2025-01-16 23:37:19
9236,15399,2427,6,159,3,Poor packaging,2024-08-22 23:34:18
9237,15400,2841,17,116,4,Fresh food,2025-02-16 03:27:58
9238,15402,1520,14,122,5,Driver was polite,2025-03-24 22:19:27
9239,15403,2027,10,339,5,Amazing restaurant,2025-07-30 21:37:16
9240,15405,478,19,358,5,Driver was polite,2024-11-02 20:57:57
9241,15406,1530,13,127,5,Highly recommended,2024-10-05 13:18:26
9242,15407,2818,20,361,5,Very fast delivery,2025-07-06 23:34:49
9243,15410,363,6,260,1,Average experience,2026-06-13 19:31:57
9244,15411,514,17,265,5,Highly recommended,2024-12-08 10:41:04
9245,15414,574,2,399,5,Highly recommended,2025-02-16 02:29:33
9246,15415,991,11,201,5,Excellent service,2024-07-24 18:54:15
9247,15418,1739,11,257,5,Fresh food,2026-04-22 16:00:01
9248,15419,303,3,314,5,Amazing restaurant,2026-06-09 18:58:14
9249,15420,2376,19,4,1,Wrong order,2026-02-05 23:23:04
9250,15422,866,18,325,5,Fresh food,2025-10-02 18:49:17
9251,15423,2716,15,359,5,Driver was polite,2025-07-16 12:05:44
9252,15424,297,11,338,2,Cold food,2026-02-15 05:03:52
9253,15425,884,7,16,5,Fresh food,2025-10-22 21:25:31
9254,15426,413,6,3,3,Not worth the price,2024-11-18 15:36:47
9255,15428,1940,20,345,5,Perfect experience,2025-09-26 01:52:21
9256,15429,1033,6,69,1,Wrong order,2025-01-20 06:47:09
9257,15430,2661,20,190,5,Excellent service,2025-10-27 12:57:50
9258,15431,2989,5,4,5,Excellent service,2025-09-22 00:42:43
9259,15435,2069,13,114,5,Very fast delivery,2025-03-09 00:34:07
9260,15436,1566,6,59,2,Wrong order,2026-06-19 09:39:10
9261,15440,2851,13,106,5,Fresh food,2026-06-08 15:34:20
9262,15441,1679,20,303,3,Cold food,2025-06-25 10:10:08
9263,15442,2300,4,8,5,Amazing restaurant,2025-01-15 07:24:23
9264,15443,1905,16,13,4,Food was delicious,2026-02-13 03:31:28
9265,15444,1436,14,382,5,Amazing restaurant,2024-12-24 21:39:25
9266,15446,1116,10,346,2,Driver was rude,2025-10-17 02:51:38
9267,15447,1033,12,354,4,Excellent service,2024-12-05 07:45:04
9268,15450,1635,12,244,3,Driver was rude,2026-02-18 03:14:26
9269,15454,1973,2,255,4,Perfect experience,2024-08-12 12:40:32
9270,15455,1111,17,313,5,Highly recommended,2026-04-17 17:53:13
9271,15456,1503,8,323,4,Perfect experience,2025-06-01 01:41:20
9272,15457,1162,8,325,3,Late delivery,2024-07-29 22:12:45
9273,15459,1816,17,269,5,Food was delicious,2024-12-28 10:17:59
9274,15464,100,18,179,4,Food was delicious,2026-02-17 00:38:33
9275,15466,2240,17,190,5,Perfect experience,2024-12-30 21:06:39
9276,15467,1622,5,80,2,Not worth the price,2025-10-11 05:24:47
9277,15468,2211,19,183,5,Fresh food,2026-07-04 18:59:28
9278,15469,1789,1,83,5,Excellent service,2025-07-19 22:46:43
9279,15470,163,12,202,4,Very fast delivery,2025-10-30 06:59:09
9280,15471,2311,17,206,5,Perfect experience,2024-12-31 08:44:49
9281,15472,1284,19,34,5,Very fast delivery,2026-05-01 08:40:28
9282,15475,1595,1,130,5,Highly recommended,2024-07-26 13:48:06
9283,15476,853,17,211,4,Very fast delivery,2025-04-30 11:17:41
9284,15477,298,17,321,4,Excellent service,2026-05-09 19:37:20
9285,15478,1975,4,274,5,Perfect experience,2024-11-24 04:20:21
9286,15479,829,7,90,5,Highly recommended,2026-03-21 13:31:59
9287,15482,58,12,330,5,Driver was polite,2025-06-19 06:19:07
9288,15483,958,20,276,5,Amazing restaurant,2025-06-27 19:37:14
9289,15484,1840,7,171,5,Amazing restaurant,2024-12-24 20:52:59
9290,15487,2359,2,173,4,Excellent service,2025-11-23 20:37:18
9291,15488,1972,2,296,5,Amazing restaurant,2025-08-31 18:03:35
9292,15489,2918,15,180,4,Very fast delivery,2024-10-16 17:27:31
9293,15490,709,18,243,4,Food was delicious,2025-07-14 12:29:25
9294,15491,2350,1,103,5,Very fast delivery,2025-05-09 08:06:27
9295,15492,1600,4,74,3,Driver was rude,2025-07-02 14:27:01
9296,15493,196,1,103,5,Perfect experience,2025-08-31 16:08:49
9297,15494,856,2,98,3,Wrong order,2025-05-19 09:58:11
9298,15495,2743,3,137,5,Driver was polite,2025-08-21 20:50:10
9299,15496,2648,4,118,5,Fresh food,2024-12-05 04:20:01
9300,15498,2055,11,7,4,Highly recommended,2025-12-10 15:52:39
9301,15500,819,1,290,5,Perfect experience,2026-06-03 06:47:34
9302,15501,1508,13,172,2,Wrong order,2025-02-18 16:48:36
9303,15503,336,11,36,5,Perfect experience,2025-12-05 08:26:03
9304,15508,1650,10,71,5,Excellent service,2026-05-12 11:32:49
9305,15509,1690,12,176,3,Late delivery,2025-02-02 02:45:39
9306,15511,341,2,195,3,Late delivery,2025-10-03 18:10:22
9307,15512,1268,20,93,5,Fresh food,2026-02-17 21:01:07
9308,15513,2774,9,220,3,Not worth the price,2026-05-09 10:52:07
9309,15516,2960,2,364,2,Poor packaging,2025-06-29 14:59:17
9310,15518,1890,2,294,5,Very fast delivery,2025-08-02 05:35:31
9311,15519,530,7,46,5,Amazing restaurant,2025-01-14 17:38:24
9312,15520,1615,19,326,5,Food was delicious,2025-12-06 05:45:23
9313,15521,2170,1,336,5,Amazing restaurant,2025-02-16 05:56:35
9314,15523,196,1,179,3,Driver was rude,2026-07-06 17:41:16
9315,15524,2827,13,190,5,Excellent service,2025-10-12 06:12:19
9316,15525,2989,11,250,3,Food quality could be better,2025-05-26 15:03:17
9317,15526,181,3,320,4,Food was delicious,2026-07-03 15:47:18
9318,15527,398,5,129,4,Very fast delivery,2025-03-14 03:14:28
9319,15529,2926,3,226,5,Perfect experience,2025-01-18 22:22:44
9320,15533,1957,20,214,3,Average experience,2025-12-10 15:00:17
9321,15534,912,13,351,4,Very fast delivery,2026-04-12 05:41:32
9322,15535,846,9,357,5,Food was delicious,2026-03-24 09:31:31
9323,15536,263,19,74,3,Cold food,2024-12-20 03:43:37
9324,15537,2440,12,315,5,Perfect experience,2026-03-29 15:44:51
9325,15538,2816,20,245,4,Food was delicious,2025-08-29 02:30:21
9326,15540,41,15,356,1,Average experience,2026-06-14 11:58:49
9327,15542,2156,19,333,4,Very fast delivery,2025-09-30 02:20:32
9328,15545,1920,15,337,3,Driver was rude,2025-01-07 19:11:08
9329,15549,1883,20,355,5,Highly recommended,2025-10-25 16:14:17
9330,15551,2129,16,32,2,Average experience,2025-11-25 04:26:34
9331,15553,511,2,57,2,Wrong order,2025-10-08 18:46:11
9332,15554,1798,1,65,2,Driver was rude,2025-09-19 00:45:58
9333,15555,1191,5,374,4,Amazing restaurant,2026-01-11 07:49:55
9334,15557,1328,7,153,5,Highly recommended,2024-08-26 22:44:48
9335,15558,2378,12,282,4,Amazing restaurant,2026-02-22 05:43:56
9336,15560,232,5,24,5,Driver was polite,2025-04-19 09:54:18
9337,15561,310,5,271,1,Driver was rude,2026-04-01 19:10:04
9338,15562,1339,17,214,5,Highly recommended,2024-08-15 05:35:04
9339,15563,1470,15,275,4,Perfect experience,2025-01-17 21:02:09
9340,15564,960,17,1,4,Amazing restaurant,2025-08-01 05:00:56
9341,15566,1533,7,271,5,Amazing restaurant,2025-09-06 20:35:38
9342,15569,2780,4,339,5,Perfect experience,2025-07-22 02:06:12
9343,15570,2268,1,333,5,Highly recommended,2025-07-07 01:55:42
9344,15571,1840,8,150,5,Food was delicious,2026-06-30 04:28:53
9345,15573,52,13,269,5,Very fast delivery,2025-11-14 00:14:37
9346,15574,2331,6,231,4,Food was delicious,2026-03-03 01:03:32
9347,15575,216,3,96,3,Cold food,2025-12-23 11:32:40
9348,15577,1789,4,129,2,Wrong order,2024-11-16 09:46:53
9349,15579,1779,20,169,4,Fresh food,2026-05-29 09:45:38
9350,15583,1075,12,366,5,Fresh food,2026-05-09 19:47:13
9351,15584,1910,14,122,5,Very fast delivery,2025-08-22 10:00:45
9352,15585,547,7,79,5,Fresh food,2025-05-15 23:58:39
9353,15586,944,15,304,4,Driver was polite,2025-06-13 14:23:05
9354,15587,2006,8,362,5,Perfect experience,2026-05-25 12:01:39
9355,15588,774,1,71,4,Amazing restaurant,2026-04-04 20:22:29
9356,15589,2384,13,259,5,Food was delicious,2024-12-26 02:28:21
9357,15590,2032,7,99,5,Amazing restaurant,2026-06-26 00:35:16
9358,15592,1140,20,287,5,Fresh food,2024-07-24 00:00:44
9359,15593,100,5,400,4,Very fast delivery,2026-06-04 11:17:01
9360,15594,795,11,149,4,Perfect experience,2025-08-20 08:45:53
9361,15596,908,12,319,4,Amazing restaurant,2025-01-22 08:08:16
9362,15598,363,6,165,1,Wrong order,2026-03-29 22:00:17
9363,15600,739,16,357,5,Very fast delivery,2025-12-19 23:28:51
9364,15601,851,19,285,2,Driver was rude,2024-09-10 20:09:35
9365,15602,1995,12,299,2,Cold food,2025-11-05 14:15:39
9366,15608,769,7,290,5,Food was delicious,2025-08-29 09:00:16
9367,15609,2794,13,390,2,Driver was rude,2026-04-05 15:07:03
9368,15613,615,17,233,3,Driver was rude,2024-11-19 10:54:29
9369,15614,1771,15,85,4,Excellent service,2026-04-09 10:02:08
9370,15615,1904,11,334,5,Perfect experience,2025-04-11 11:46:50
9371,15616,1935,5,323,5,Highly recommended,2026-03-26 22:10:03
9372,15617,2826,4,137,2,Poor packaging,2025-08-13 20:53:50
9373,15619,679,13,127,5,Fresh food,2024-07-24 11:16:50
9374,15621,1381,2,92,3,Late delivery,2024-11-13 01:47:28
9375,15623,2875,9,120,5,Amazing restaurant,2024-11-22 21:24:14
9376,15629,468,2,306,4,Driver was polite,2024-11-27 10:53:15
9377,15630,254,20,309,5,Driver was polite,2025-09-09 08:45:30
9378,15635,2679,10,183,4,Highly recommended,2025-12-21 11:06:19
9379,15637,1679,20,313,3,Food quality could be better,2025-02-15 18:02:03
9380,15638,1197,1,358,4,Food was delicious,2026-06-16 14:35:56
9381,15640,695,4,360,5,Highly recommended,2025-07-12 07:35:45
9382,15643,1298,17,157,5,Amazing restaurant,2026-01-08 15:28:33
9383,15644,459,20,184,5,Excellent service,2024-10-29 10:23:00
9384,15646,553,15,43,5,Excellent service,2025-07-12 00:46:34
9385,15650,2771,4,271,5,Amazing restaurant,2025-04-26 18:31:14
9386,15651,1265,3,31,4,Driver was polite,2025-01-21 14:11:14
9387,15655,2107,13,182,4,Amazing restaurant,2024-11-23 18:05:13
9388,15657,2299,1,226,5,Very fast delivery,2025-02-26 04:50:45
9389,15662,1139,18,123,5,Fresh food,2025-10-30 02:30:37
9390,15663,2135,19,137,4,Excellent service,2026-03-22 18:25:44
9391,15664,2411,20,345,5,Amazing restaurant,2026-05-20 21:13:01
9392,15665,344,19,281,3,Food quality could be better,2026-01-28 20:13:14
9393,15666,904,13,77,4,Fresh food,2026-01-13 05:46:31
9394,15667,1359,19,158,1,Driver was rude,2025-12-02 01:11:10
9395,15669,1464,5,340,4,Amazing restaurant,2024-08-04 19:14:26
9396,15670,103,17,236,5,Food was delicious,2026-03-21 05:29:15
9397,15671,2474,7,314,4,Fresh food,2024-09-01 23:15:37
9398,15672,777,17,309,5,Food was delicious,2025-09-25 05:21:56
9399,15674,2628,10,152,5,Very fast delivery,2024-12-06 10:43:22
9400,15675,2031,1,238,4,Excellent service,2026-02-25 22:32:38
9401,15677,1009,18,134,4,Highly recommended,2025-08-16 09:17:31
9402,15678,1042,2,61,4,Excellent service,2024-08-30 11:11:05
9403,15679,748,3,46,5,Food was delicious,2026-06-15 16:38:48
9404,15680,1000,5,160,4,Excellent service,2026-03-20 18:01:05
9405,15682,2021,8,257,4,Food was delicious,2026-06-28 10:09:07
9406,15684,2364,14,394,5,Amazing restaurant,2024-11-21 08:29:03
9407,15686,2213,13,49,5,Food was delicious,2024-08-26 21:52:04
9408,15687,2334,10,152,4,Excellent service,2025-10-16 19:49:49
9409,15690,827,19,204,5,Perfect experience,2024-09-14 03:40:46
9410,15691,2054,13,355,5,Very fast delivery,2025-10-31 02:34:54
9411,15692,2160,2,66,5,Food was delicious,2025-12-13 00:54:49
9412,15693,2688,4,262,5,Perfect experience,2025-03-09 17:35:51
9413,15694,2313,17,307,5,Very fast delivery,2025-04-06 15:48:04
9414,15695,775,20,116,5,Very fast delivery,2025-08-10 11:21:04
9415,15697,2743,8,147,5,Driver was polite,2026-04-09 08:06:21
9416,15699,2047,16,357,3,Wrong order,2025-06-02 19:08:43
9417,15702,505,2,255,4,Fresh food,2025-09-26 11:46:47
9418,15704,924,10,381,4,Very fast delivery,2024-08-24 10:17:46
9419,15705,1324,6,43,3,Average experience,2025-03-03 15:19:20
9420,15706,2950,18,314,5,Food was delicious,2025-04-19 01:05:02
9421,15709,1951,4,246,5,Very fast delivery,2025-07-28 12:50:06
9422,15711,461,13,309,5,Excellent service,2025-06-04 20:31:23
9423,15712,366,3,350,4,Driver was polite,2025-09-23 11:51:53
9424,15715,1868,15,368,5,Perfect experience,2025-05-15 21:07:13
9425,15716,2189,20,303,5,Fresh food,2025-06-20 11:25:53
9426,15717,2264,15,138,4,Food was delicious,2025-07-31 23:57:16
9427,15718,1519,17,245,5,Excellent service,2026-06-16 10:07:15
9428,15720,1104,16,378,5,Perfect experience,2025-04-24 03:55:22
9429,15722,873,15,85,3,Wrong order,2026-05-08 11:48:40
9430,15724,1983,20,218,3,Cold food,2025-08-11 23:17:16
9431,15725,427,14,382,3,Food quality could be better,2024-07-29 08:28:41
9432,15726,210,13,116,4,Driver was polite,2026-05-30 23:38:13
9433,15727,1884,2,364,1,Driver was rude,2026-04-15 12:44:56
9434,15728,819,18,46,3,Cold food,2025-04-10 07:59:01
9435,15729,2171,20,49,3,Poor packaging,2024-08-21 13:16:50
9436,15732,1343,5,166,4,Excellent service,2026-06-13 15:04:42
9437,15734,2498,13,218,5,Amazing restaurant,2025-05-23 21:04:22
9438,15735,908,6,324,4,Perfect experience,2024-11-05 13:58:55
9439,15736,858,9,191,5,Driver was polite,2024-09-07 13:05:35
9440,15740,584,1,209,5,Driver was polite,2024-11-02 21:47:39
9441,15741,988,12,260,5,Driver was polite,2026-04-04 09:06:57
9442,15742,1921,3,243,2,Late delivery,2026-05-25 15:58:47
9443,15745,1309,17,30,5,Driver was polite,2026-06-24 03:49:03
9444,15747,1870,15,375,5,Very fast delivery,2025-10-23 02:19:08
9445,15749,511,2,305,4,Excellent service,2025-12-27 09:08:39
9446,15754,1537,14,122,5,Very fast delivery,2026-04-05 12:46:15
9447,15755,943,4,37,3,Food quality could be better,2026-03-18 21:36:18
9448,15756,2645,15,383,5,Perfect experience,2026-04-21 22:10:11
9449,15758,2113,20,355,5,Excellent service,2025-08-22 23:57:18
9450,15759,1728,1,257,4,Highly recommended,2024-07-22 13:38:07
9451,15760,740,10,339,3,Poor packaging,2025-04-04 18:25:04
9452,15761,464,1,136,5,Excellent service,2025-10-11 17:49:09
9453,15762,880,6,244,3,Late delivery,2024-11-11 02:48:17
9454,15765,353,5,161,3,Poor packaging,2026-05-22 20:04:54
9455,15766,754,18,31,5,Driver was polite,2024-09-17 18:59:57
9456,15767,597,13,190,4,Excellent service,2025-04-03 00:32:14
9457,15768,974,17,397,4,Excellent service,2024-11-21 22:18:35
9458,15772,2040,11,374,4,Driver was polite,2026-06-30 04:57:44
9459,15773,2577,5,51,4,Highly recommended,2025-11-08 17:56:46
9460,15774,550,10,338,5,Driver was polite,2025-10-05 18:01:13
9461,15775,1676,10,147,5,Excellent service,2026-05-28 22:43:56
9462,15778,2918,6,163,5,Amazing restaurant,2025-10-30 14:09:59
9463,15779,1786,15,282,5,Excellent service,2026-02-20 18:10:51
9464,15780,2559,6,85,4,Fresh food,2024-09-10 21:31:21
9465,15781,1507,18,145,5,Excellent service,2025-05-07 03:42:02
9466,15782,1516,8,350,4,Excellent service,2025-09-02 02:14:48
9467,15783,1178,13,345,5,Highly recommended,2026-05-07 13:35:08
9468,15784,2970,18,183,5,Fresh food,2025-08-08 02:01:25
9469,15785,2827,17,235,4,Fresh food,2026-03-20 23:33:18
9470,15788,1982,16,318,1,Late delivery,2025-06-22 22:37:38
9471,15791,1481,1,369,3,Wrong order,2026-02-15 04:54:06
9472,15792,2091,5,118,5,Fresh food,2024-10-31 22:42:36
9473,15793,817,17,119,4,Fresh food,2024-09-21 12:30:53
9474,15794,2611,17,22,3,Average experience,2025-09-03 22:17:32
9475,15796,433,7,23,4,Amazing restaurant,2026-02-08 08:27:31
9476,15798,1156,11,274,3,Poor packaging,2025-11-25 05:55:22
9477,15801,2313,20,265,2,Not worth the price,2024-09-06 03:19:14
9478,15802,1920,12,85,5,Perfect experience,2025-01-02 04:35:44
9479,15803,1992,13,185,4,Highly recommended,2024-10-08 04:09:07
9480,15804,1433,7,204,5,Fresh food,2026-04-17 16:10:45
9481,15808,521,6,260,3,Wrong order,2025-06-28 08:24:12
9482,15809,2961,3,42,4,Fresh food,2026-06-21 14:54:20
9483,15810,2296,2,66,5,Food was delicious,2026-07-13 04:00:36
9484,15813,2469,17,397,3,Wrong order,2026-04-01 18:13:19
9485,15814,1822,8,285,5,Food was delicious,2025-09-24 06:45:44
9486,15816,638,17,213,5,Amazing restaurant,2026-01-04 03:22:21
9487,15818,898,15,54,5,Excellent service,2025-12-04 15:18:42
9488,15819,2791,3,145,5,Very fast delivery,2025-01-15 08:36:57
9489,15820,277,3,335,4,Amazing restaurant,2025-12-17 17:36:18
9490,15821,1135,12,282,5,Fresh food,2025-06-26 06:29:04
9491,15824,229,10,16,3,Average experience,2025-05-08 07:39:17
9492,15826,2397,1,388,5,Highly recommended,2025-04-21 05:12:39
9493,15827,1780,12,69,3,Not worth the price,2024-11-09 01:40:40
9494,15830,1591,1,360,2,Late delivery,2026-06-05 14:48:46
9495,15831,1492,13,227,3,Poor packaging,2025-11-14 02:49:14
9496,15832,895,7,336,4,Food was delicious,2024-08-22 04:58:46
9497,15833,819,18,250,5,Fresh food,2025-01-22 13:15:05
9498,15835,1293,6,299,2,Late delivery,2025-05-13 04:58:00
9499,15836,522,1,129,4,Driver was polite,2025-09-17 19:25:39
9500,15837,2487,18,4,1,Not worth the price,2025-05-22 09:55:12
9501,15838,490,11,71,5,Fresh food,2025-11-04 00:57:17
9502,15840,606,7,336,2,Driver was rude,2025-10-13 02:41:31
9503,15842,2201,5,257,4,Highly recommended,2025-04-06 15:35:47
9504,15845,455,11,74,5,Highly recommended,2024-09-28 12:56:05
9505,15846,581,20,115,5,Perfect experience,2024-11-25 13:14:43
9506,15847,72,15,319,5,Fresh food,2025-08-17 20:04:45
9507,15852,2381,15,317,5,Amazing restaurant,2025-04-18 05:57:55
9508,15853,356,5,90,5,Fresh food,2026-03-01 22:00:00
9509,15854,2061,10,7,4,Very fast delivery,2025-12-24 06:03:33
9510,15855,1499,18,24,3,Poor packaging,2024-11-23 22:36:07
9511,15857,1208,15,138,5,Driver was polite,2026-02-02 23:00:15
9512,15860,1773,1,262,3,Average experience,2025-08-05 20:06:12
9513,15863,1392,4,203,3,Not worth the price,2025-12-07 11:45:47
9514,15864,2616,11,166,5,Driver was polite,2025-10-30 14:14:53
9515,15868,2779,17,227,5,Highly recommended,2024-12-18 05:48:09
9516,15869,587,13,169,5,Perfect experience,2025-02-12 10:47:40
9517,15870,1243,19,74,4,Highly recommended,2026-05-05 01:24:09
9518,15871,1910,14,394,2,Driver was rude,2025-07-27 05:48:38
9519,15872,1621,18,83,4,Excellent service,2026-06-05 05:16:11
9520,15875,2664,4,210,5,Fresh food,2026-01-28 15:56:56
9521,15878,1459,16,353,4,Excellent service,2025-05-22 08:17:36
9522,15879,828,20,390,2,Food quality could be better,2026-01-19 22:27:33
9523,15880,1524,20,213,4,Perfect experience,2025-01-30 20:19:51
9524,15881,2589,1,171,4,Food was delicious,2025-12-23 16:58:51
9525,15882,2572,7,160,1,Wrong order,2024-12-18 13:35:53
9526,15884,2767,3,28,5,Perfect experience,2025-07-01 23:22:05
9527,15887,1152,6,304,2,Poor packaging,2025-02-27 21:15:38
9528,15888,2504,9,111,4,Very fast delivery,2024-08-28 01:38:04
9529,15890,731,20,77,3,Average experience,2025-09-04 03:39:33
9530,15892,1465,20,114,2,Wrong order,2025-08-26 08:52:03
9531,15894,1563,2,399,5,Highly recommended,2025-03-05 07:56:27
9532,15896,2218,12,232,5,Amazing restaurant,2025-06-03 12:07:25
9533,15897,864,2,66,5,Amazing restaurant,2025-06-08 17:00:39
9534,15898,2304,9,392,5,Food was delicious,2024-10-26 18:05:26
9535,15899,618,13,93,4,Perfect experience,2025-09-16 15:55:06
9536,15901,379,8,209,4,Food was delicious,2024-09-14 10:13:55
9537,15902,255,13,174,2,Cold food,2024-09-28 11:19:12
9538,15903,1488,16,220,4,Highly recommended,2025-03-22 07:40:48
9539,15906,991,4,358,4,Excellent service,2025-03-13 21:14:48
9540,15908,2168,9,194,2,Average experience,2024-12-10 08:39:59
9541,15909,1844,3,46,4,Food was delicious,2025-01-20 19:31:53
9542,15914,2791,4,79,4,Amazing restaurant,2025-04-28 07:18:04
9543,15915,1581,13,127,4,Excellent service,2025-05-05 12:42:36
9544,15919,2865,7,358,4,Fresh food,2025-02-08 17:27:09
9545,15923,2901,18,200,5,Amazing restaurant,2026-06-24 13:46:13
9546,15925,271,17,390,4,Highly recommended,2025-11-12 22:53:09
9547,15926,1334,18,201,4,Very fast delivery,2026-03-31 00:33:43
9548,15931,1948,2,66,5,Amazing restaurant,2026-05-31 06:36:25
9549,15932,1469,5,329,5,Amazing restaurant,2025-03-24 09:32:36
9550,15933,1367,1,346,5,Perfect experience,2025-09-04 20:42:44
9551,15934,973,20,93,5,Food was delicious,2026-06-30 05:55:27
9552,15936,2167,20,182,2,Poor packaging,2025-06-25 20:32:43
9553,15937,293,4,346,5,Very fast delivery,2026-04-18 01:21:24
9554,15938,2244,7,101,5,Driver was polite,2026-04-22 15:26:14
9555,15939,429,13,309,4,Driver was polite,2026-04-30 02:39:05
9556,15940,2560,3,246,5,Highly recommended,2025-07-20 18:38:25
9557,15941,2381,15,260,5,Driver was polite,2025-12-05 08:06:13
9558,15945,2975,16,316,5,Fresh food,2025-10-07 05:56:54
9559,15946,1727,16,380,5,Excellent service,2025-06-27 04:57:19
9560,15947,2133,15,330,5,Food was delicious,2025-07-12 17:44:13
9561,15948,605,6,244,4,Perfect experience,2025-11-23 00:41:17
9562,15950,1336,1,374,5,Amazing restaurant,2024-09-17 13:59:32
9563,15951,1587,19,90,5,Amazing restaurant,2025-05-06 22:09:41
9564,15954,2304,9,220,5,Highly recommended,2026-05-10 01:02:23
9565,15956,2325,16,32,4,Excellent service,2025-10-06 16:43:34
9566,15960,72,12,299,5,Fresh food,2024-12-27 07:57:42
9567,15961,1533,10,149,5,Driver was polite,2024-09-26 19:45:26
9568,15962,671,14,394,3,Average experience,2026-02-24 17:38:44
9569,15964,59,2,61,3,Cold food,2025-08-21 08:48:53
9570,15967,2178,9,392,5,Driver was polite,2025-11-18 13:49:51
9571,15968,615,20,207,4,Amazing restaurant,2024-10-16 09:46:37
9572,15969,681,1,21,4,Excellent service,2024-12-04 02:30:48
9573,15970,1133,2,288,5,Food was delicious,2025-07-16 13:06:51
9574,15971,2138,15,229,4,Driver was polite,2024-09-10 13:48:14
9575,15973,1288,2,53,3,Driver was rude,2025-05-05 05:15:30
9576,15974,2607,17,207,4,Fresh food,2025-04-09 14:47:01
9577,15975,2121,12,275,5,Very fast delivery,2025-02-22 10:31:07
9578,15976,318,15,165,2,Driver was rude,2025-12-20 05:03:14
9579,15978,918,16,72,5,Perfect experience,2026-02-10 23:04:27
9580,15979,92,13,397,4,Amazing restaurant,2026-07-07 00:57:43
9581,15981,718,2,128,5,Driver was polite,2024-09-26 02:04:12
9582,15983,85,6,299,3,Cold food,2026-06-21 23:21:05
9583,15984,990,7,343,4,Excellent service,2025-11-18 13:19:09
9584,15986,2539,1,336,3,Late delivery,2025-12-22 02:37:28
9585,15988,962,13,303,4,Driver was polite,2025-08-28 14:06:17
9586,15990,2282,5,329,1,Cold food,2024-10-27 16:59:08
9587,15991,2421,13,372,4,Highly recommended,2025-02-10 10:47:39
9588,15992,1727,9,12,5,Excellent service,2026-07-06 18:12:05
9589,15994,274,10,253,5,Fresh food,2025-12-01 06:49:43
9590,15996,2744,17,174,1,Not worth the price,2025-01-01 13:46:21
9591,15997,455,1,101,5,Amazing restaurant,2025-03-16 02:43:12
9592,15998,2375,7,360,5,Very fast delivery,2025-01-10 01:00:43
9593,15999,2017,2,306,5,Excellent service,2026-07-04 20:57:38
9594,16000,554,2,195,5,Fresh food,2025-12-31 10:55:34
9595,16002,1586,2,224,5,Amazing restaurant,2024-12-20 13:49:34
9596,16007,2158,3,272,5,Amazing restaurant,2025-08-03 07:29:04
9597,16008,1433,1,290,4,Excellent service,2025-10-10 07:11:03
9598,16009,478,3,335,1,Driver was rude,2026-05-13 10:16:50
9599,16010,1122,4,201,4,Amazing restaurant,2025-03-13 01:06:57
9600,16013,589,13,86,5,Amazing restaurant,2025-10-26 04:25:00
9601,16015,1078,1,210,3,Late delivery,2025-05-25 01:37:47
9602,16017,742,15,299,2,Not worth the price,2024-11-28 07:06:01
9603,16018,1996,12,263,5,Excellent service,2025-12-22 09:20:07
9604,16021,2268,10,145,4,Food was delicious,2025-11-01 08:21:50
9605,16023,616,8,29,5,Fresh food,2024-08-03 05:59:20
9606,16024,1258,8,272,4,Perfect experience,2026-06-30 17:58:18
9607,16025,1787,10,90,4,Very fast delivery,2026-06-10 18:58:45
9608,16026,2301,1,252,5,Food was delicious,2025-01-25 14:31:51
9609,16028,80,12,260,5,Fresh food,2025-01-15 09:12:56
9610,16029,1246,15,81,1,Not worth the price,2026-01-21 07:51:53
9611,16031,728,13,77,4,Fresh food,2025-09-08 16:24:16
9612,16032,796,2,255,5,Very fast delivery,2025-07-21 11:52:13
9613,16034,2731,20,102,5,Excellent service,2026-06-15 11:05:55
9614,16036,1005,12,59,3,Late delivery,2025-10-15 08:24:14
9615,16037,1554,10,360,4,Driver was polite,2025-04-27 19:39:34
9616,16039,1654,17,15,3,Wrong order,2025-04-04 02:30:17
9617,16042,2311,17,245,4,Driver was polite,2025-11-22 21:16:57
9618,16046,889,3,74,5,Food was delicious,2025-04-26 08:53:25
9619,16047,1931,10,137,5,Food was delicious,2025-06-11 17:54:14
9620,16048,2661,17,233,4,Driver was polite,2025-08-18 04:05:40
9621,16049,2040,4,126,3,Not worth the price,2026-07-07 16:42:10
9622,16050,1106,20,174,5,Fresh food,2025-05-04 17:34:23
9623,16051,2431,2,228,4,Driver was polite,2026-06-04 06:41:59
9624,16052,1686,5,336,4,Highly recommended,2024-07-17 19:07:16
9625,16053,1064,11,171,5,Amazing restaurant,2025-11-29 17:17:28
9626,16054,896,16,107,1,Wrong order,2026-05-02 12:47:44
9627,16055,991,5,210,1,Average experience,2025-05-27 00:21:45
9628,16056,2638,10,147,5,Amazing restaurant,2026-03-27 16:08:20
9629,16057,1151,12,109,5,Driver was polite,2024-10-08 01:37:34
9630,16058,1943,18,323,5,Excellent service,2024-09-12 21:00:12
9631,16059,2109,4,204,5,Excellent service,2025-12-11 16:16:26
9632,16061,2183,9,107,5,Highly recommended,2026-05-09 13:34:15
9633,16064,1738,20,239,5,Perfect experience,2025-01-25 17:04:27
9634,16067,431,7,285,1,Food quality could be better,2025-01-11 16:13:48
9635,16068,1600,5,360,5,Amazing restaurant,2025-03-04 11:07:36
9636,16070,371,7,326,3,Late delivery,2025-02-20 06:17:42
9637,16071,1197,19,113,3,Average experience,2025-06-19 20:32:48
9638,16073,1268,20,372,3,Late delivery,2024-08-21 01:37:08
9639,16074,2034,13,211,4,Highly recommended,2025-03-08 22:14:00
9640,16075,1217,12,263,4,Fresh food,2024-09-05 03:20:02
9641,16076,1544,7,204,4,Perfect experience,2024-07-27 14:31:41
9642,16078,2599,6,180,5,Amazing restaurant,2026-02-07 07:15:04
9643,16079,1746,20,10,4,Highly recommended,2025-04-01 11:13:25
9644,16080,1718,15,165,3,Wrong order,2025-09-23 22:18:18
9645,16081,2514,19,311,3,Wrong order,2025-08-26 18:02:13
9646,16082,1394,10,271,5,Driver was polite,2025-06-30 14:13:31
9647,16085,371,7,320,3,Wrong order,2026-05-07 17:46:57
9648,16086,2395,17,245,4,Driver was polite,2026-01-24 20:29:21
9649,16087,231,13,22,5,Excellent service,2025-02-18 03:40:18
9650,16088,1374,2,110,4,Very fast delivery,2025-08-16 18:36:13
9651,16089,1852,13,214,4,Highly recommended,2024-08-28 15:14:47
9652,16090,2573,17,211,5,Driver was polite,2025-03-08 00:49:36
9653,16091,1576,8,262,2,Poor packaging,2026-04-29 13:41:35
9654,16092,150,8,320,5,Amazing restaurant,2025-08-08 23:54:58
9655,16093,403,13,372,5,Excellent service,2024-10-18 11:33:39
9656,16094,1950,19,24,3,Average experience,2025-06-21 01:08:18
9657,16095,2753,13,182,4,Highly recommended,2025-10-16 05:27:13
9658,16099,1015,18,381,5,Fresh food,2024-11-24 23:06:54
9659,16102,738,15,229,3,Poor packaging,2025-10-19 02:52:32
9660,16103,2480,5,65,5,Food was delicious,2024-11-03 07:41:18
9661,16104,1509,3,339,5,Food was delicious,2025-08-08 20:26:07
9662,16105,399,7,271,5,Amazing restaurant,2026-01-24 21:37:25
9663,16106,926,6,359,5,Driver was polite,2025-01-24 00:15:38
9664,16107,1473,16,392,3,Food quality could be better,2024-09-24 14:15:53
9665,16109,1398,20,213,5,Fresh food,2025-02-19 00:35:47
9666,16110,1188,13,157,5,Highly recommended,2026-05-16 21:54:44
9667,16111,1544,10,152,3,Average experience,2024-10-28 20:32:52
9668,16112,162,9,291,5,Highly recommended,2025-10-23 14:02:12
9669,16113,2721,20,269,5,Excellent service,2026-05-24 18:04:45
9670,16114,866,11,23,5,Excellent service,2024-09-20 10:51:29
9671,16115,2064,5,153,5,Amazing restaurant,2024-07-18 23:11:06
9672,16116,1948,2,221,2,Food quality could be better,2026-01-20 07:00:40
9673,16118,1703,20,190,4,Amazing restaurant,2025-04-04 17:19:12
9674,16120,2893,3,166,5,Driver was polite,2024-10-06 15:43:49
9675,16121,2582,5,274,4,Fresh food,2025-07-06 11:44:00
9676,16122,155,20,397,4,Perfect experience,2026-04-25 05:54:57
9677,16126,1792,12,69,5,Perfect experience,2026-05-21 09:20:48
9678,16127,2820,8,28,5,Food was delicious,2025-02-07 20:51:34
9679,16128,2748,13,182,4,Highly recommended,2024-09-03 07:14:22
9680,16130,228,10,183,4,Highly recommended,2024-07-24 17:48:32
9681,16133,1357,8,266,5,Very fast delivery,2026-04-01 19:00:14
9682,16134,685,20,49,2,Average experience,2025-09-01 20:34:40
9683,16135,1780,15,142,5,Fresh food,2025-09-20 01:16:24
9684,16136,35,12,138,4,Driver was polite,2026-07-15 17:36:17
9685,16138,1181,3,266,4,Amazing restaurant,2026-01-22 03:36:38
9686,16141,1470,15,232,4,Amazing restaurant,2025-10-23 23:37:52
9687,16142,1305,10,325,5,Excellent service,2025-06-04 06:01:11
9688,16144,1101,2,181,4,Fresh food,2025-06-14 19:31:56
9689,16145,1595,4,129,4,Perfect experience,2024-10-15 00:59:09
9690,16146,1848,13,182,5,Perfect experience,2025-09-22 17:24:05
9691,16147,245,20,211,2,Cold food,2025-06-17 04:05:37
9692,16148,937,17,50,4,Perfect experience,2024-08-21 14:56:57
9693,16150,1882,15,312,4,Food was delicious,2025-01-24 11:55:58
9694,16153,2028,19,101,2,Cold food,2024-11-26 05:56:33
9695,16154,861,20,49,3,Driver was rude,2026-06-17 18:15:20
9696,16155,2299,10,7,5,Perfect experience,2025-01-20 01:32:25
9697,16156,2114,17,102,3,Wrong order,2025-07-09 21:47:32
9698,16157,2772,1,74,5,Excellent service,2025-09-17 13:57:44
9699,16158,1567,10,388,5,Amazing restaurant,2025-07-11 13:18:42
9700,16159,303,8,129,2,Poor packaging,2025-05-28 08:49:58
9701,16161,1799,12,163,3,Wrong order,2025-05-23 18:14:47
9702,16165,1913,1,8,5,Driver was polite,2025-02-06 02:13:14
9703,16168,2381,15,366,3,Not worth the price,2025-09-22 12:19:02
9704,16169,1717,6,322,4,Food was delicious,2026-03-10 19:49:55
9705,16170,1844,8,7,5,Amazing restaurant,2024-10-10 19:14:42
9706,16172,1797,5,349,5,Driver was polite,2026-03-13 04:31:34
9707,16173,2464,7,346,5,Food was delicious,2026-02-06 04:49:08
9708,16175,2381,15,180,5,Food was delicious,2025-07-13 23:07:28
9709,16177,2827,17,178,5,Highly recommended,2025-12-25 15:13:54
9710,16180,1959,4,171,3,Late delivery,2025-04-27 09:03:02
9711,16183,2821,14,122,5,Perfect experience,2025-02-21 21:43:20
9712,16185,2528,6,48,4,Driver was polite,2025-01-09 15:58:28
9713,16190,507,11,123,5,Perfect experience,2026-05-24 09:16:26
9714,16191,2877,2,255,3,Not worth the price,2026-01-30 18:53:36
9715,16192,388,5,136,5,Driver was polite,2025-01-17 14:42:39
9716,16193,1338,10,118,3,Poor packaging,2025-01-10 03:50:48
9717,16194,2309,17,133,1,Average experience,2026-02-28 14:25:51
9718,16196,2242,15,248,5,Fresh food,2024-12-01 11:00:46
9719,16199,2343,8,230,4,Driver was polite,2026-02-28 04:43:43
9720,16200,1598,6,48,5,Amazing restaurant,2024-08-05 11:58:59
9721,16201,2422,6,59,5,Amazing restaurant,2024-12-08 13:02:53
9722,16202,2774,16,107,4,Excellent service,2026-02-06 02:07:26
9723,16203,2489,16,194,1,Driver was rude,2026-02-07 07:05:40
9724,16206,1910,14,394,4,Perfect experience,2025-04-15 05:59:14
9725,16208,895,5,134,4,Excellent service,2025-12-07 12:08:31
9726,16209,786,20,321,5,Driver was polite,2025-02-16 17:13:36
9727,16210,2881,10,179,2,Average experience,2025-08-18 02:32:36
9728,16211,2964,5,161,5,Amazing restaurant,2024-09-18 05:51:15
9729,16212,2212,18,166,4,Amazing restaurant,2024-10-17 02:36:27
9730,16213,22,20,2,5,Food was delicious,2025-05-09 13:18:00
9731,16215,1889,12,188,3,Average experience,2026-03-12 22:46:57
9732,16216,2822,1,336,4,Driver was polite,2025-06-18 20:41:24
9733,16220,355,2,181,5,Fresh food,2026-01-12 12:41:53
9734,16221,1593,6,189,5,Perfect experience,2024-09-02 21:40:55
9735,16225,630,20,169,4,Food was delicious,2025-09-21 17:25:03
9736,16226,2935,14,122,2,Food quality could be better,2025-04-19 07:55:09
9737,16227,2716,12,330,3,Not worth the price,2026-03-23 23:06:53
9738,16228,2172,10,103,5,Amazing restaurant,2024-10-11 01:05:57
9739,16231,730,2,305,4,Very fast delivery,2024-10-07 13:31:10
9740,16232,1141,15,283,5,Excellent service,2025-11-29 17:39:45
9741,16233,2639,19,4,2,Not worth the price,2025-06-01 01:04:23
9742,16234,1828,6,189,4,Excellent service,2026-06-25 15:01:16
9743,16235,814,13,1,3,Average experience,2025-09-05 14:28:41
9744,16236,1858,13,321,2,Average experience,2026-03-08 18:10:28
9745,16237,2660,10,42,5,Perfect experience,2026-07-04 20:41:04
9746,16239,415,13,185,5,Fresh food,2024-09-27 01:28:48
9747,16243,723,17,256,3,Not worth the price,2025-05-19 03:32:03
9748,16244,409,13,184,4,Perfect experience,2026-06-21 15:45:45
9749,16245,2738,10,168,4,Perfect experience,2026-05-09 17:45:05
9750,16247,2885,12,231,2,Not worth the price,2024-08-09 22:24:12
9751,16250,1290,8,285,5,Highly recommended,2026-04-16 02:50:54
9752,16251,2860,10,323,4,Food was delicious,2024-08-23 15:53:12
9753,16253,2691,5,203,4,Perfect experience,2025-08-01 17:36:54
9754,16254,2910,11,347,4,Very fast delivery,2025-04-06 23:32:16
9755,16255,312,20,2,4,Highly recommended,2024-11-23 22:55:57
9756,16257,635,9,318,4,Highly recommended,2026-01-20 23:49:41
9757,16258,1991,3,95,3,Cold food,2026-03-06 01:28:32
9758,16262,1391,6,229,4,Amazing restaurant,2026-01-01 08:47:18
9759,16265,2553,17,106,5,Amazing restaurant,2025-01-16 05:49:39
9760,16266,2953,17,309,2,Average experience,2026-04-17 13:16:36
9761,16267,804,6,142,4,Food was delicious,2026-01-30 07:49:28
9762,16268,1174,1,253,5,Very fast delivery,2026-04-05 03:05:14
9763,16269,2644,17,245,3,Not worth the price,2024-12-02 10:36:28
9764,16270,1121,7,126,3,Poor packaging,2024-12-28 13:31:26
9765,16272,2276,18,281,4,Perfect experience,2026-01-05 23:10:19
9766,16273,1867,20,256,4,Excellent service,2026-05-04 20:39:32
9767,16274,431,10,251,4,Amazing restaurant,2025-06-06 19:39:38
9768,16278,2923,16,191,5,Amazing restaurant,2024-12-23 21:25:25
9769,16283,1190,14,122,2,Not worth the price,2025-12-16 15:02:28
9770,16284,2114,20,141,4,Excellent service,2026-05-21 03:59:10
9771,16285,1562,13,125,4,Perfect experience,2026-04-06 20:32:50
9772,16286,200,20,390,4,Highly recommended,2026-04-10 20:19:01
9773,16287,2345,8,80,3,Driver was rude,2025-03-02 00:38:42
9774,16288,679,13,86,5,Driver was polite,2025-10-23 15:01:12
9775,16291,1517,14,122,2,Food quality could be better,2025-08-06 18:58:39
9776,16292,972,6,59,3,Poor packaging,2025-07-30 10:24:17
9777,16293,1339,17,30,4,Amazing restaurant,2025-07-31 03:23:35
9778,16295,734,2,92,5,Amazing restaurant,2025-04-04 07:55:12
9779,16296,2131,9,378,5,Food was delicious,2025-01-14 10:18:13
9780,16298,2522,11,381,4,Food was delicious,2024-11-04 00:25:01
9781,16299,1121,11,274,5,Perfect experience,2024-11-04 05:40:28
9782,16300,1026,2,224,4,Food was delicious,2025-01-26 20:08:59
9783,16301,2952,2,175,4,Perfect experience,2025-06-20 00:48:09
9784,16302,511,2,223,5,Fresh food,2025-04-01 15:23:46
9785,16303,387,5,253,4,Perfect experience,2025-12-26 21:13:11
9786,16307,2016,12,295,4,Excellent service,2025-03-29 14:45:26
9787,16308,611,4,325,5,Highly recommended,2025-07-23 09:46:18
9788,16309,2016,15,87,5,Very fast delivery,2025-04-21 10:07:36
9789,16310,1347,4,136,4,Highly recommended,2025-05-28 16:50:51
9790,16312,75,2,181,5,Perfect experience,2025-10-21 08:37:53
9791,16313,2204,17,49,3,Late delivery,2025-07-02 03:54:27
9792,16314,1532,15,109,5,Food was delicious,2026-03-10 12:08:35
9793,16317,2814,9,352,3,Driver was rude,2025-06-11 18:04:01
9794,16318,2678,2,242,5,Amazing restaurant,2025-07-30 12:23:29
9795,16319,293,4,333,4,Food was delicious,2025-10-17 12:41:34
9796,16320,263,3,219,3,Late delivery,2025-06-06 03:51:16
9797,16322,608,1,200,4,Fresh food,2025-10-22 18:03:14
9798,16326,731,20,256,4,Highly recommended,2025-05-05 23:24:09
9799,16328,1445,3,96,4,Excellent service,2025-01-22 20:32:32
9800,16329,1082,5,200,1,Driver was rude,2025-10-12 02:06:28
9801,16330,2057,14,394,5,Food was delicious,2024-08-04 08:20:20
9802,16331,2755,20,233,4,Very fast delivery,2026-07-03 08:37:20
9803,16333,1059,6,248,4,Perfect experience,2025-09-08 03:06:05
9804,16334,130,20,218,5,Excellent service,2024-10-12 05:45:58
9805,16335,1880,2,228,5,Very fast delivery,2026-04-18 21:17:48
9806,16340,2188,5,152,3,Poor packaging,2025-08-12 12:55:45
9807,16343,2657,13,236,4,Amazing restaurant,2025-10-25 22:55:02
9808,16344,142,3,391,5,Driver was polite,2025-06-20 17:04:28
9809,16345,1798,11,83,3,Driver was rude,2026-03-19 12:32:42
9810,16346,1317,5,46,3,Driver was rude,2025-10-07 11:45:38
9811,16348,2574,20,276,5,Fresh food,2025-03-24 16:24:52
9812,16350,1003,20,162,5,Excellent service,2025-01-10 20:39:43
9813,16351,829,3,349,5,Driver was polite,2025-08-06 06:42:12
9814,16352,1460,12,282,4,Food was delicious,2025-04-20 11:58:09
9815,16353,769,5,266,5,Perfect experience,2025-11-17 04:59:05
9816,16354,1718,15,263,5,Excellent service,2026-01-27 07:25:04
9817,16355,456,10,164,4,Amazing restaurant,2025-10-30 07:11:48
9818,16357,1696,8,126,5,Perfect experience,2026-07-01 06:11:33
9819,16359,1086,6,260,5,Food was delicious,2026-03-05 07:19:26
9820,16360,220,2,175,5,Fresh food,2025-04-18 13:07:39
9821,16362,1332,11,137,5,Perfect experience,2026-02-04 17:42:11
9822,16365,1332,10,137,5,Perfect experience,2025-09-13 05:45:09
9823,16366,532,7,281,3,Wrong order,2025-01-16 08:33:32
9824,16368,414,13,309,5,Food was delicious,2026-05-23 14:38:14
9825,16369,704,10,289,4,Amazing restaurant,2026-01-25 19:34:06
9826,16370,2803,13,172,4,Very fast delivery,2024-12-24 00:45:06
9827,16372,2396,12,85,3,Wrong order,2025-04-22 22:44:11
9828,16373,1417,4,267,4,Fresh food,2025-11-26 01:20:00
9829,16374,490,10,281,5,Food was delicious,2024-08-08 17:30:38
9830,16378,1139,1,105,5,Fresh food,2024-11-26 08:04:04
9831,16379,683,14,394,4,Fresh food,2025-11-20 17:31:16
9832,16384,2247,20,119,4,Food was delicious,2024-09-20 13:30:39
9833,16385,457,4,210,4,Food was delicious,2025-08-04 12:35:45
9834,16388,1174,7,161,5,Amazing restaurant,2024-10-14 12:46:28
9835,16390,151,18,149,5,Very fast delivery,2025-11-13 18:01:23
9836,16392,150,4,171,2,Cold food,2026-05-13 01:40:50
9837,16397,381,13,15,5,Excellent service,2025-09-28 14:53:32
9838,16398,2986,19,74,3,Not worth the price,2025-09-14 11:07:15
9839,16399,1226,7,251,5,Very fast delivery,2025-01-24 12:00:43
9840,16400,2543,14,382,4,Driver was polite,2025-04-10 04:19:01
9841,16403,1870,6,330,4,Food was delicious,2025-11-26 17:25:23
9842,16404,1897,1,386,3,Cold food,2025-10-30 08:18:13
9843,16406,1064,3,286,5,Perfect experience,2025-10-04 05:31:07
9844,16407,36,19,320,5,Fresh food,2025-08-18 23:45:33
9845,16409,2012,20,265,5,Perfect experience,2026-06-03 19:55:59
9846,16411,1488,9,191,5,Very fast delivery,2025-02-25 12:57:26
9847,16412,773,12,48,2,Cold food,2026-04-03 07:09:41
9848,16413,12,20,213,3,Late delivery,2024-09-05 19:26:45
9849,16415,2766,12,19,4,Very fast delivery,2026-07-07 03:25:01
9850,16416,1365,3,16,3,Poor packaging,2025-03-31 23:07:38
9851,16417,1913,19,358,5,Very fast delivery,2025-03-10 11:59:52
9852,16418,2463,16,318,4,Perfect experience,2025-04-27 13:53:06
9853,16420,498,3,230,5,Amazing restaurant,2025-08-08 18:01:57
9854,16423,1786,6,324,4,Fresh food,2026-06-11 16:28:54
9855,16424,2162,10,281,4,Very fast delivery,2025-01-02 18:53:25
9856,16426,2041,9,234,5,Amazing restaurant,2025-07-19 12:13:05
9857,16428,51,1,219,4,Amazing restaurant,2024-08-13 09:22:15
9858,16435,2331,12,189,4,Very fast delivery,2025-07-01 15:29:01
9859,16437,366,7,25,3,Food quality could be better,2026-06-16 18:45:42
9860,16440,2947,1,24,4,Highly recommended,2025-05-15 19:07:00
9861,16441,1284,5,250,5,Very fast delivery,2025-11-12 23:52:37
9862,16446,2290,6,69,4,Fresh food,2026-01-29 21:23:36
9863,16448,2310,4,252,4,Food was delicious,2026-02-22 14:10:10
9864,16449,1123,5,8,4,Amazing restaurant,2025-12-10 15:44:58
9865,16450,1972,2,98,4,Food was delicious,2026-02-24 18:19:36
9866,16451,2310,7,336,5,Excellent service,2026-05-12 21:53:36
9867,16452,1088,5,113,5,Highly recommended,2025-12-22 14:30:47
9868,16455,1671,18,358,2,Food quality could be better,2025-04-06 21:20:09
9869,16456,1624,17,49,5,Very fast delivery,2025-05-30 21:34:02
9870,16458,1853,20,2,5,Driver was polite,2026-05-22 12:05:46
9871,16459,294,2,305,4,Highly recommended,2026-04-07 06:54:53
9872,16460,1880,2,175,4,Very fast delivery,2025-05-08 09:22:30
9873,16461,2137,9,341,4,Driver was polite,2025-01-31 20:20:09
9874,16463,1558,12,40,4,Food was delicious,2025-01-04 09:12:11
9875,16466,2628,19,391,4,Perfect experience,2025-10-20 02:37:50
9876,16468,65,18,130,5,Very fast delivery,2025-09-02 22:09:54
9877,16470,773,12,142,2,Wrong order,2025-10-16 11:11:28
9878,16471,503,11,46,5,Very fast delivery,2024-10-13 07:06:04
9879,16474,1061,13,2,3,Food quality could be better,2025-04-17 17:09:26
9880,16476,227,19,51,4,Food was delicious,2026-05-30 20:42:25
9881,16477,2954,10,171,4,Excellent service,2026-04-13 15:52:28
9882,16481,512,13,397,5,Fresh food,2025-11-19 11:34:46
9883,16483,2003,4,7,4,Excellent service,2025-04-25 17:48:10
9884,16484,2823,3,179,5,Excellent service,2025-05-13 10:57:34
9885,16485,1277,15,282,3,Average experience,2026-01-07 00:32:37
9886,16490,1141,15,322,5,Fresh food,2025-01-22 10:54:37
9887,16491,1672,6,263,5,Food was delicious,2025-07-31 10:19:33
9888,16492,2084,18,74,4,Excellent service,2025-07-26 21:43:15
9889,16493,300,10,34,5,Food was delicious,2025-02-21 18:05:04
9890,16494,2007,2,228,3,Wrong order,2024-07-16 22:56:30
9891,16497,2107,20,372,4,Excellent service,2026-01-07 23:23:04
9892,16500,2812,6,231,3,Cold food,2024-09-07 01:08:32
9893,16501,959,14,122,1,Driver was rude,2024-12-23 05:55:30
9894,16503,2805,1,252,4,Amazing restaurant,2025-01-03 04:29:40
9895,16505,2067,8,103,5,Excellent service,2024-08-06 05:59:14
9896,16507,953,3,333,4,Excellent service,2025-01-04 02:55:34
9897,16509,2231,9,234,4,Fresh food,2025-03-20 23:39:01
9898,16510,698,18,266,2,Not worth the price,2024-10-03 00:39:30
9899,16511,1819,2,306,5,Driver was polite,2026-05-07 07:22:48
9900,16515,990,5,285,4,Excellent service,2026-06-24 19:33:48
9901,16516,375,17,269,5,Fresh food,2025-09-08 06:34:12
9902,16517,904,20,284,4,Perfect experience,2025-03-10 08:14:07
9903,16518,646,9,341,4,Amazing restaurant,2025-03-04 08:00:16
9904,16519,2259,2,364,3,Poor packaging,2024-07-25 15:58:40
9905,16524,1749,3,204,3,Late delivery,2024-12-17 23:29:41
9906,16525,1775,8,251,4,Excellent service,2026-07-08 23:04:49
9907,16526,1646,5,199,5,Highly recommended,2024-07-27 13:04:08
9908,16527,537,18,166,5,Amazing restaurant,2024-09-16 15:01:10
9909,16529,2071,20,390,4,Fresh food,2026-03-09 09:52:28
9910,16531,1066,9,291,3,Food quality could be better,2025-10-13 04:06:40
9911,16534,1748,13,256,5,Driver was polite,2025-07-14 08:27:35
9912,16535,2496,6,317,4,Food was delicious,2025-01-13 17:29:08
9913,16536,2354,20,372,2,Driver was rude,2025-07-20 15:04:33
9914,16537,373,17,30,4,Food was delicious,2025-11-02 02:29:22
9915,16538,2001,20,259,3,Driver was rude,2024-08-05 12:46:21
9916,16539,2444,12,368,5,Very fast delivery,2024-07-29 17:59:21
9917,16540,1622,5,7,4,Very fast delivery,2025-01-04 18:48:38
9918,16541,1434,7,28,4,Perfect experience,2025-11-19 04:12:41
9919,16542,803,5,338,5,Food was delicious,2026-02-22 04:01:43
9920,16543,2957,8,391,3,Late delivery,2025-02-02 15:26:30
9921,16544,874,19,105,4,Highly recommended,2024-08-22 11:21:44
9922,16545,823,4,129,3,Late delivery,2024-08-02 12:18:13
9923,16546,2956,7,158,5,Driver was polite,2025-12-04 14:21:56
9924,16547,2734,7,71,4,Amazing restaurant,2024-11-17 10:22:23
9925,16555,1349,19,350,4,Very fast delivery,2026-06-22 02:39:22
9926,16556,2783,7,130,1,Poor packaging,2026-01-04 11:11:58
9927,16557,2055,4,374,1,Not worth the price,2025-01-12 11:11:40
9928,16558,1883,13,327,2,Driver was rude,2024-10-03 04:32:14
9929,16559,2359,2,92,5,Fresh food,2025-08-01 02:08:56
9930,16560,1865,5,51,5,Highly recommended,2026-05-11 11:03:33
9931,16561,353,5,51,4,Very fast delivery,2025-04-16 17:27:30
9932,16563,2841,20,86,1,Wrong order,2025-05-31 03:56:46
9933,16565,490,4,118,3,Not worth the price,2026-03-21 04:37:58
9934,16567,2486,6,330,4,Fresh food,2025-12-19 10:40:50
9935,16568,427,14,122,4,Very fast delivery,2025-12-02 03:01:02
9936,16569,1623,20,390,5,Amazing restaurant,2024-07-29 22:36:42
9937,16571,2771,7,238,5,Perfect experience,2025-09-30 06:44:27
9938,16573,494,8,350,4,Perfect experience,2026-04-21 19:21:05
9939,16576,1386,19,286,4,Very fast delivery,2025-02-14 23:25:50
9940,16577,1384,3,271,4,Driver was polite,2024-08-29 05:46:08
9941,16578,1589,17,106,4,Food was delicious,2026-05-25 16:02:50
9942,16581,1261,20,236,3,Food quality could be better,2024-12-14 16:56:24
9943,16582,326,20,310,1,Wrong order,2025-05-10 15:11:04
9944,16584,2434,9,107,3,Average experience,2025-05-15 18:37:29
9945,16585,2160,2,175,5,Very fast delivery,2025-12-21 07:55:39
9946,16588,2018,17,361,5,Food was delicious,2025-05-21 09:02:10
9947,16589,1862,7,8,4,Very fast delivery,2026-03-19 00:51:36
9948,16590,1858,17,361,4,Perfect experience,2025-08-05 04:59:12
9949,16591,1063,6,304,1,Poor packaging,2025-06-02 16:23:38
9950,16592,1651,12,275,3,Wrong order,2025-12-02 17:19:21
9951,16594,46,4,103,4,Highly recommended,2024-12-31 02:34:50
9952,16595,2203,17,114,5,Food was delicious,2024-09-12 19:27:33
9953,16597,1229,15,328,5,Perfect experience,2025-08-16 11:42:35
9954,16599,410,11,209,5,Food was delicious,2025-01-03 23:14:23
9955,16601,2753,13,313,5,Amazing restaurant,2026-05-04 11:39:21
9956,16602,1919,8,150,3,Wrong order,2026-05-07 03:57:19
9957,16604,1677,12,189,2,Average experience,2024-11-27 23:24:10
9958,16605,1624,20,351,4,Very fast delivery,2024-11-15 08:28:14
9959,16608,55,13,214,3,Food quality could be better,2024-11-23 13:45:42
9960,16609,1783,9,316,4,Highly recommended,2025-05-24 11:43:49
9961,16610,46,10,153,4,Very fast delivery,2024-11-03 09:35:13
9962,16612,1773,1,362,5,Food was delicious,2025-08-29 01:59:02
9963,16613,649,1,362,4,Food was delicious,2024-10-02 11:19:05
9964,16618,1653,1,80,4,Very fast delivery,2025-07-05 09:04:50
9965,16619,1702,10,16,4,Very fast delivery,2025-06-07 03:55:38
9966,16622,746,8,183,2,Not worth the price,2025-03-18 23:05:28
9967,16626,2382,3,65,5,Excellent service,2024-08-19 03:01:15
9968,16627,1130,18,134,5,Very fast delivery,2025-12-29 00:59:31
9969,16629,184,1,210,5,Highly recommended,2025-08-29 02:47:58
9970,16631,2767,3,39,3,Driver was rude,2025-08-07 07:11:04
9971,16633,578,2,294,3,Driver was rude,2026-02-15 14:45:02
9972,16636,512,13,207,5,Amazing restaurant,2024-09-26 15:42:03
9973,16639,1661,7,51,3,Poor packaging,2024-10-11 16:51:28
9974,16641,449,19,126,5,Amazing restaurant,2024-10-04 10:51:49
9975,16642,1757,13,214,5,Driver was polite,2025-04-17 17:42:09
9976,16643,1172,9,220,5,Fresh food,2024-11-14 04:54:02
9977,16644,114,13,157,5,Highly recommended,2025-06-10 16:39:41
9978,16646,1352,20,162,5,Food was delicious,2026-01-11 11:29:04
9979,16647,158,20,211,3,Poor packaging,2024-10-18 12:55:50
9980,16649,485,4,271,5,Very fast delivery,2025-03-23 19:17:28
9981,16650,2453,5,252,5,Amazing restaurant,2026-01-18 03:58:10
9982,16651,2934,15,40,5,Highly recommended,2024-11-12 13:12:42
9983,16652,1495,19,95,5,Highly recommended,2026-01-08 00:38:15
9984,16654,2160,2,181,2,Food quality could be better,2025-11-03 13:49:57
9985,16655,2282,8,147,3,Not worth the price,2025-11-25 13:56:08
9986,16656,1875,1,16,3,Not worth the price,2025-11-29 08:10:23
9987,16657,1120,2,306,5,Very fast delivery,2024-10-20 16:44:45
9988,16658,2167,13,77,5,Fresh food,2024-12-14 18:56:27
9989,16659,2955,12,188,5,Excellent service,2026-06-20 12:57:40
9990,16662,2723,5,7,3,Not worth the price,2025-06-29 13:39:48
9991,16664,2081,19,326,3,Food quality could be better,2026-06-05 15:37:15
9992,16667,1624,13,276,2,Food quality could be better,2025-01-09 05:30:40
9993,16668,10,6,81,4,Perfect experience,2025-12-25 23:19:46
9994,16669,92,20,185,3,Wrong order,2026-07-14 19:00:12
9995,16671,479,1,126,4,Highly recommended,2025-11-08 18:45:58
9996,16673,1575,13,172,5,Driver was polite,2025-03-22 08:49:42
9997,16674,2865,19,136,2,Average experience,2025-04-23 07:26:09
9998,16675,1615,3,281,2,Food quality could be better,2026-01-04 05:25:33
9999,16676,2268,11,335,5,Excellent service,2025-05-20 16:31:44
10000,16677,1898,2,61,4,Food was delicious,2026-05-02 06:55:27
10001,16680,1016,4,101,5,Excellent service,2025-11-24 13:08:35
10002,16681,649,19,381,2,Cold food,2025-10-28 14:45:22
10003,16682,1746,13,361,5,Amazing restaurant,2026-04-16 19:20:07
10004,16684,2055,4,166,4,Perfect experience,2025-10-20 14:54:53
10005,16685,2818,13,77,2,Poor packaging,2025-02-11 19:35:28
10006,16686,871,4,267,5,Driver was polite,2024-10-09 10:54:21
10007,16687,1963,17,49,5,Food was delicious,2025-04-03 07:39:36
10008,16688,409,13,390,5,Fresh food,2025-04-10 03:32:33
10009,16689,2397,8,149,3,Food quality could be better,2025-04-24 03:54:15
10010,16690,863,17,127,5,Amazing restaurant,2026-03-05 20:16:07
10011,16691,1675,17,345,4,Food was delicious,2026-05-16 17:31:41
10012,16695,1236,8,257,4,Perfect experience,2024-12-23 15:57:15
10013,16696,1558,15,85,4,Highly recommended,2024-08-07 01:37:57
10014,16697,2724,5,204,5,Fresh food,2026-04-27 14:19:00
10015,16698,1195,17,276,4,Highly recommended,2024-11-29 12:33:59
10016,16699,2482,3,238,5,Perfect experience,2025-12-08 06:11:34
10017,16700,2175,15,189,5,Excellent service,2025-08-11 23:41:49
10018,16702,14,3,386,5,Driver was polite,2024-09-30 12:59:41
10019,16703,1921,7,246,5,Amazing restaurant,2025-02-27 00:14:42
10020,16704,2497,15,317,3,Not worth the price,2026-06-14 18:55:53
10021,16707,2333,5,153,3,Driver was rude,2026-02-12 11:07:58
10022,16708,1592,8,250,5,Food was delicious,2025-03-28 22:44:22
10023,16709,1388,12,85,4,Driver was polite,2026-01-14 17:21:58
10024,16712,668,13,233,5,Fresh food,2026-02-25 01:14:55
10025,16713,2454,3,400,3,Driver was rude,2025-02-08 11:36:33
10026,16714,1371,15,337,5,Fresh food,2025-06-25 05:21:19
10027,16716,1093,3,274,4,Very fast delivery,2026-04-02 12:34:40
10028,16720,1986,5,350,5,Food was delicious,2025-07-13 19:43:48
10029,16721,2210,13,190,3,Cold food,2025-11-22 15:47:48
10030,16722,1803,4,8,2,Poor packaging,2025-10-03 11:13:50
10031,16724,788,8,290,3,Average experience,2026-03-25 11:59:51
10032,16725,1046,20,307,2,Poor packaging,2026-02-22 02:04:36
10033,16726,2479,1,261,4,Food was delicious,2026-01-16 06:28:52
10034,16727,2708,9,13,5,Highly recommended,2024-12-22 11:25:59
10035,16730,406,5,152,5,Perfect experience,2026-05-21 20:55:57
10036,16731,2923,9,380,5,Fresh food,2025-09-19 13:14:59
10037,16732,1237,1,84,4,Food was delicious,2025-09-27 11:18:39
10038,16740,1524,20,102,3,Not worth the price,2024-10-08 02:35:22
10039,16741,2452,12,354,5,Highly recommended,2025-09-06 08:04:54
10040,16742,914,19,28,5,Perfect experience,2025-03-20 05:32:32
10041,16744,2113,13,206,5,Amazing restaurant,2024-12-23 06:36:39
10042,16745,1908,12,312,1,Average experience,2024-08-07 02:00:23
10043,16747,2533,14,122,5,Very fast delivery,2026-05-23 15:25:01
10044,16751,2612,2,223,4,Driver was polite,2024-10-24 09:09:13
10045,16754,880,6,189,5,Perfect experience,2024-07-30 02:03:41
10046,16756,2139,20,182,5,Excellent service,2025-05-20 13:29:46
10047,16760,1036,14,122,4,Amazing restaurant,2026-07-06 15:27:34
10048,16761,1416,20,121,1,Cold food,2024-07-18 06:48:44
10049,16762,1439,7,252,4,Very fast delivery,2024-12-28 01:49:46
10050,16764,2101,17,213,5,Fresh food,2026-06-22 20:48:56
10051,16766,1997,6,359,4,Food was delicious,2026-06-21 00:50:56
10052,16773,1556,2,223,5,Excellent service,2026-06-04 22:25:00
10053,16776,1516,7,51,3,Food quality could be better,2025-03-10 03:51:44
10054,16777,156,9,234,4,Amazing restaurant,2026-02-03 15:17:12
10055,16778,2985,17,276,5,Driver was polite,2025-01-08 09:40:27
10056,16779,1848,17,132,4,Very fast delivery,2026-02-03 13:19:40
10057,16781,839,20,35,2,Driver was rude,2025-03-04 08:33:13
10058,16782,745,20,1,5,Excellent service,2025-12-27 23:41:44
10059,16784,1212,7,400,4,Fresh food,2025-03-18 14:29:25
10060,16786,228,11,36,5,Food was delicious,2025-08-19 06:01:40
10061,16787,2053,5,84,5,Very fast delivery,2026-04-30 04:34:09
10062,16788,1541,2,110,3,Average experience,2025-06-26 09:39:06
10063,16789,160,18,226,4,Perfect experience,2025-01-14 02:39:48
10064,16791,1527,13,284,4,Food was delicious,2026-01-13 20:07:06
10065,16792,809,15,383,3,Food quality could be better,2025-12-09 23:07:05
10066,16797,402,7,24,3,Poor packaging,2026-01-12 22:56:07
10067,16800,386,20,106,4,Highly recommended,2025-06-18 00:12:19
10068,16801,2639,1,34,5,Very fast delivery,2025-11-28 19:57:37
10069,16802,837,2,288,4,Excellent service,2026-01-14 13:29:48
10070,16805,622,17,114,4,Very fast delivery,2025-07-02 17:46:23
10071,16807,1594,2,242,4,Amazing restaurant,2026-02-02 09:48:40
10072,16808,928,2,223,4,Highly recommended,2025-04-27 02:49:41
10073,16810,1200,2,66,5,Amazing restaurant,2026-06-23 16:57:59
10074,16811,2558,20,310,5,Excellent service,2025-03-28 04:57:53
10075,16815,284,17,1,5,Food was delicious,2025-11-26 18:47:49
10076,16817,2648,5,160,5,Very fast delivery,2025-02-07 20:47:15
10077,16819,240,9,196,3,Average experience,2025-08-16 02:25:51
10078,16824,154,16,357,5,Fresh food,2025-05-15 05:41:28
10079,16826,745,17,190,4,Amazing restaurant,2026-02-17 20:10:15
10080,16827,15,19,29,4,Highly recommended,2026-04-18 19:47:50
10081,16828,508,6,43,4,Amazing restaurant,2025-04-08 23:42:49
10082,16829,1639,20,169,4,Amazing restaurant,2025-07-07 23:22:10
10083,16830,1242,5,23,5,Excellent service,2025-02-19 20:15:05
10084,16831,375,13,376,2,Cold food,2024-09-12 11:27:32
10085,16832,195,3,74,4,Perfect experience,2025-08-30 13:56:16
10086,16834,2317,8,28,4,Highly recommended,2024-11-28 20:30:16
10087,16835,1348,13,119,4,Food was delicious,2025-05-02 16:37:57
10088,16836,1516,10,346,5,Amazing restaurant,2024-12-25 17:56:02
10089,16839,1552,2,228,5,Food was delicious,2024-09-03 00:06:25
10090,16840,2811,8,164,5,Excellent service,2025-06-08 07:47:12
10091,16841,1586,2,228,4,Driver was polite,2026-03-01 21:41:38
10092,16842,464,10,51,5,Food was delicious,2024-09-03 19:28:40
10093,16843,1704,3,252,4,Driver was polite,2025-01-02 08:35:04
10094,16844,1177,15,231,5,Food was delicious,2025-11-26 04:36:59
10095,16846,528,10,320,4,Highly recommended,2025-09-20 15:05:52
10096,16849,626,12,176,4,Perfect experience,2026-05-03 20:04:33
10097,16852,971,12,317,5,Perfect experience,2025-01-26 13:15:33
10098,16854,2246,10,153,5,Food was delicious,2025-10-22 12:12:16
10099,16855,867,8,252,5,Amazing restaurant,2024-11-07 02:02:43
10100,16856,2771,4,96,2,Average experience,2026-03-10 05:21:01
10101,16857,2475,2,399,5,Very fast delivery,2025-05-25 10:51:04
10102,16858,1584,2,224,5,Perfect experience,2026-06-03 03:20:25
10103,16859,1587,7,105,4,Excellent service,2025-10-21 16:23:03
10104,16860,837,2,255,4,Food was delicious,2025-08-11 03:41:48
10105,16861,598,17,227,5,Very fast delivery,2024-12-27 11:44:35
10106,16862,2844,20,172,4,Very fast delivery,2025-01-17 19:53:34
10107,16863,1927,20,184,2,Wrong order,2026-02-16 20:19:13
10108,16864,720,14,394,5,Perfect experience,2025-05-21 17:57:57
10109,16865,2477,19,226,4,Fresh food,2024-09-09 22:50:05
10110,16867,1172,16,341,4,Very fast delivery,2024-11-16 18:23:55
10111,16868,737,1,135,2,Poor packaging,2024-10-16 13:16:11
10112,16869,2033,4,99,4,Amazing restaurant,2025-03-02 01:39:01
10113,16872,1350,17,86,5,Food was delicious,2025-04-25 23:46:16
10114,16873,2662,17,287,4,Driver was polite,2026-04-10 19:18:46
10115,16876,1692,7,36,4,Excellent service,2025-07-25 14:55:54
10116,16878,587,17,127,4,Amazing restaurant,2026-05-29 06:32:57
10117,16879,311,12,232,5,Perfect experience,2025-07-19 13:57:43
10118,16881,642,12,322,5,Very fast delivery,2025-03-25 22:20:51
10119,16882,237,7,311,3,Late delivery,2025-05-11 17:34:26
10120,16884,2207,7,262,2,Wrong order,2026-01-06 13:12:52
10121,16885,1818,15,146,2,Cold food,2026-04-01 09:56:56
10122,16886,2533,14,382,4,Amazing restaurant,2025-03-07 23:38:53
10123,16887,1641,17,169,5,Driver was polite,2024-09-15 14:09:01
10124,16888,1592,1,210,1,Late delivery,2025-12-31 16:22:05
10125,16889,2825,1,135,5,Food was delicious,2024-11-02 10:37:45
10126,16890,1091,4,362,5,Food was delicious,2025-12-26 17:36:25
10127,16895,2489,16,352,4,Very fast delivery,2024-12-22 16:33:47
10128,16897,2607,20,256,4,Perfect experience,2026-07-13 02:16:25
10129,16898,1376,8,367,3,Cold food,2026-02-09 13:06:26
10130,16899,194,19,362,5,Food was delicious,2024-12-14 21:21:22
10131,16901,720,14,394,4,Excellent service,2025-03-28 03:48:36
10132,16902,191,20,276,2,Food quality could be better,2026-03-12 13:15:52
10133,16903,2539,19,274,5,Driver was polite,2024-11-16 17:41:08
10134,16904,1139,18,201,4,Perfect experience,2026-04-05 20:38:03
10135,16906,512,20,211,5,Very fast delivery,2025-05-29 09:22:50
10136,16907,515,8,166,4,Very fast delivery,2024-08-11 01:42:21
10137,16908,1484,2,228,4,Highly recommended,2026-06-09 23:00:15
10138,16914,1407,2,195,5,Driver was polite,2025-07-16 22:44:35
10139,16915,2876,20,211,5,Driver was polite,2026-01-16 22:57:52
10140,16916,1362,18,23,3,Driver was rude,2026-05-03 12:47:57
10141,16917,1228,5,251,3,Average experience,2026-04-27 03:39:44
10142,16919,1613,13,124,5,Driver was polite,2025-02-05 09:10:43
10143,16920,1590,7,210,3,Food quality could be better,2026-01-28 18:54:43
10144,16923,1593,15,54,3,Late delivery,2025-11-26 14:25:16
10145,16926,2714,12,142,5,Excellent service,2025-07-18 21:07:19
10146,16927,1074,3,204,4,Highly recommended,2025-05-22 01:56:17
10147,16929,1124,9,72,5,Very fast delivery,2025-04-16 10:17:54
10148,16930,2707,16,353,5,Excellent service,2025-09-16 22:19:55
10149,16932,1173,18,158,5,Amazing restaurant,2025-05-30 20:57:56
10150,16933,1890,2,306,3,Late delivery,2025-04-26 20:42:38
10151,16936,369,2,57,3,Not worth the price,2026-04-13 23:07:29
10152,16937,1702,19,183,2,Wrong order,2024-11-30 02:25:07
10153,16938,2778,15,315,4,Fresh food,2025-07-20 08:10:54
10154,16940,1804,10,147,5,Excellent service,2024-12-23 15:39:50
10155,16941,815,5,271,5,Excellent service,2026-02-24 21:37:37
10156,16943,2806,20,131,4,Driver was polite,2025-05-06 19:39:11
10157,16944,2749,10,274,5,Driver was polite,2025-11-18 20:34:52
10158,16945,632,17,287,2,Food quality could be better,2025-06-17 22:50:17
10159,16946,2175,12,43,5,Very fast delivery,2024-10-21 03:27:22
10160,16948,1837,18,24,5,Amazing restaurant,2025-05-13 23:54:58
10161,16949,1374,2,255,3,Average experience,2025-12-21 22:59:55
10162,16953,149,7,400,3,Cold food,2026-06-14 11:06:32
10163,16955,2133,6,356,5,Fresh food,2024-09-09 03:14:23
10164,16956,104,19,338,4,Fresh food,2026-02-18 02:18:44
10165,16958,356,19,7,5,Excellent service,2026-04-25 20:10:37
10166,16959,2716,6,317,3,Late delivery,2025-01-11 05:56:52
10167,16960,1307,11,336,2,Not worth the price,2025-02-25 22:07:05
10168,16961,2060,20,227,5,Food was delicious,2025-02-02 22:44:14
10169,16963,650,13,303,5,Perfect experience,2026-04-17 09:45:06
10170,16964,293,19,21,5,Highly recommended,2024-08-30 20:21:24
10171,16967,1569,9,194,5,Excellent service,2026-06-15 16:24:41
10172,16969,1747,17,162,3,Food quality could be better,2025-02-05 22:45:02
10173,16970,2929,18,251,5,Very fast delivery,2024-08-23 04:15:31
10174,16971,2000,19,126,4,Fresh food,2025-11-07 08:21:01
10175,16972,614,6,383,5,Amazing restaurant,2024-10-20 18:07:39
10176,16973,243,11,388,4,Excellent service,2026-01-02 05:56:39
10177,16974,15,4,90,4,Fresh food,2026-02-17 00:07:53
10178,16975,2134,15,48,2,Driver was rude,2025-02-20 10:50:53
10179,16977,2401,20,233,4,Fresh food,2026-03-24 02:45:07
10180,16980,687,12,359,5,Very fast delivery,2024-10-08 06:00:57
10181,16982,754,4,145,5,Driver was polite,2024-09-01 23:21:29
10182,16983,1297,6,375,4,Amazing restaurant,2026-03-17 15:54:21
10183,16985,2195,15,54,5,Amazing restaurant,2026-03-12 16:53:09
10184,16986,2193,17,131,5,Very fast delivery,2025-12-05 02:17:42
10185,16987,2771,8,343,5,Fresh food,2026-07-08 03:24:02
10186,16988,279,4,200,5,Excellent service,2024-08-16 20:33:57
10187,16989,2772,8,286,2,Food quality could be better,2025-12-11 06:04:45
10188,16992,2512,16,392,4,Very fast delivery,2026-03-17 12:40:23
10189,16996,181,10,71,4,Excellent service,2025-08-03 11:54:42
10190,16997,1738,17,124,5,Perfect experience,2024-10-08 20:51:21
10191,16998,746,3,286,4,Fresh food,2024-09-18 22:32:22
10192,16999,1729,12,312,4,Amazing restaurant,2026-04-19 18:34:50
10193,17002,2226,2,61,5,Driver was polite,2026-02-28 12:35:59
10194,17004,1960,19,46,3,Cold food,2024-10-30 19:31:04
10195,17005,816,2,288,5,Driver was polite,2026-01-05 02:52:12
10196,17006,2562,20,77,5,Food was delicious,2024-12-25 15:10:13
10197,17007,1473,9,291,1,Average experience,2025-10-26 15:06:11
10198,17008,1067,7,36,4,Highly recommended,2026-04-07 05:36:58
10199,17009,2984,20,390,2,Wrong order,2026-02-24 09:03:36
10200,17010,1355,5,126,4,Highly recommended,2025-09-23 11:07:44
10201,17012,1632,14,122,5,Highly recommended,2026-06-01 14:41:54
10202,17014,158,20,185,3,Late delivery,2024-08-25 08:39:06
10203,17015,1875,11,367,5,Highly recommended,2025-01-23 14:32:52
10204,17016,1627,6,231,5,Perfect experience,2024-08-17 02:37:11
10205,17019,2393,3,253,4,Driver was polite,2024-11-13 12:40:13
10206,17020,2375,18,340,4,Driver was polite,2025-11-18 10:12:47
10207,17021,2688,3,336,5,Amazing restaurant,2025-08-23 18:44:38
10208,17023,1097,8,272,4,Highly recommended,2025-06-20 15:50:40
10209,17024,1911,2,255,4,Very fast delivery,2024-09-13 05:24:47
10210,17026,1371,12,275,2,Wrong order,2024-07-15 19:58:46
10211,17031,399,19,281,5,Driver was polite,2026-05-17 05:57:56
10212,17032,587,20,125,4,Amazing restaurant,2024-12-26 03:13:28
10213,17033,1427,2,110,4,Fresh food,2026-03-30 18:40:53
10214,17036,1596,2,61,5,Very fast delivery,2025-12-10 11:35:30
10215,17037,1321,7,347,4,Highly recommended,2025-05-09 17:36:30
10216,17038,586,12,383,4,Very fast delivery,2024-09-05 13:22:17
10217,17040,2579,11,219,3,Average experience,2025-05-25 02:07:30
10218,17041,2996,12,366,5,Food was delicious,2025-03-14 21:21:08
10219,17042,2026,18,204,4,Fresh food,2026-04-21 19:34:19
10220,17043,698,19,243,4,Amazing restaurant,2024-08-21 23:26:46
10221,17044,955,16,32,5,Fresh food,2025-12-20 14:47:13
10222,17045,1849,10,39,5,Highly recommended,2025-07-24 21:58:38
10223,17048,1844,5,336,5,Very fast delivery,2026-03-14 21:38:35
10224,17050,1622,8,16,5,Very fast delivery,2026-03-21 05:26:51
10225,17056,2069,13,178,3,Not worth the price,2026-04-19 21:37:06
10226,17057,1804,1,250,5,Perfect experience,2026-06-01 16:14:41
10227,17060,1779,20,106,5,Driver was polite,2024-10-04 14:21:22
10228,17062,1566,12,69,5,Food was delicious,2026-04-24 00:24:23
10229,17064,1264,17,125,5,Highly recommended,2024-09-03 01:18:35
10230,17067,1803,11,369,5,Driver was polite,2025-07-07 13:10:46
10231,17069,1918,13,50,5,Amazing restaurant,2025-04-09 02:38:57
10232,17072,9,3,4,2,Food quality could be better,2026-02-27 17:33:39
10233,17073,734,2,92,4,Excellent service,2025-04-25 04:06:35
10234,17074,1246,15,317,4,Fresh food,2025-06-29 19:59:28
10235,17078,1298,20,376,5,Very fast delivery,2026-07-08 14:15:58
10236,17079,34,2,306,4,Excellent service,2024-08-04 10:14:06
10237,17080,633,16,378,4,Perfect experience,2026-05-14 23:30:10
10238,17081,1706,10,129,3,Poor packaging,2025-05-25 02:09:44
10239,17082,26,8,80,5,Food was delicious,2025-05-07 03:03:41
10240,17083,866,8,79,5,Very fast delivery,2025-04-23 23:28:03
10241,17085,188,10,171,4,Fresh food,2025-01-31 08:50:28
10242,17086,2841,20,213,2,Not worth the price,2026-02-07 18:13:23
10243,17087,1511,12,319,5,Amazing restaurant,2025-04-06 05:00:28
10244,17088,1189,15,356,5,Amazing restaurant,2025-05-17 03:02:59
10245,17090,1385,3,137,5,Very fast delivery,2024-12-07 02:07:12
10246,17091,2238,8,262,5,Perfect experience,2025-06-23 06:11:04
10247,17092,1088,4,80,5,Fresh food,2026-04-17 01:06:42
10248,17095,12,17,49,4,Fresh food,2025-03-14 01:53:14
10249,17098,1211,1,90,4,Highly recommended,2024-09-03 19:09:24
10250,17099,2318,9,72,3,Food quality could be better,2025-01-18 06:03:27
10251,17104,1378,19,16,3,Average experience,2025-08-08 15:55:16
10252,17105,979,17,15,3,Poor packaging,2025-02-23 04:37:31
10253,17106,530,7,314,4,Amazing restaurant,2026-05-24 13:17:51
10254,17108,2551,13,214,5,Very fast delivery,2025-08-03 19:03:03
10255,17118,993,19,21,4,Food was delicious,2025-12-10 04:36:36
10256,17121,1991,8,272,4,Amazing restaurant,2026-01-06 21:04:04
10257,17123,357,16,341,5,Driver was polite,2025-06-29 07:01:56
10258,17124,1009,4,290,4,Perfect experience,2026-04-14 00:41:14
10259,17125,490,3,158,4,Fresh food,2025-09-09 19:13:06
10260,17126,1627,6,81,4,Perfect experience,2025-01-30 07:57:30
10261,17128,2181,20,49,4,Very fast delivery,2026-06-27 01:56:05
10262,17131,2862,12,18,4,Food was delicious,2025-01-13 15:32:16
10263,17132,1349,1,334,5,Fresh food,2026-03-21 18:30:30
10264,17136,866,3,326,3,Cold food,2026-06-12 00:24:54
10265,17137,1461,13,269,2,Average experience,2026-04-25 15:10:43
10266,17140,812,11,250,4,Highly recommended,2025-05-23 21:08:51
10267,17142,809,15,244,5,Fresh food,2026-01-11 23:23:12
10268,17143,2412,10,149,5,Fresh food,2025-05-19 05:05:13
10269,17144,1785,16,380,4,Fresh food,2025-12-09 15:47:54
10270,17145,1511,6,231,3,Wrong order,2024-11-24 12:15:59
10271,17149,553,6,18,5,Amazing restaurant,2025-07-13 17:47:49
10272,17151,2911,2,399,4,Perfect experience,2025-07-20 22:10:31
10273,17153,552,1,65,2,Average experience,2025-02-03 04:27:45
10274,17154,1900,13,22,5,Perfect experience,2024-11-21 22:28:03
10275,17157,618,20,10,4,Food was delicious,2025-02-28 23:45:09
10276,17161,308,2,364,4,Fresh food,2024-10-07 12:27:40
10277,17164,1537,14,122,5,Excellent service,2024-12-26 07:23:31
10278,17165,1475,19,326,4,Perfect experience,2026-06-05 07:51:55
10279,17166,296,14,382,5,Excellent service,2026-04-14 15:56:45
10280,17167,1010,12,189,4,Amazing restaurant,2026-06-29 03:49:55
10281,17170,2842,9,234,4,Food was delicious,2024-08-26 09:43:15
10282,17178,2158,11,46,5,Amazing restaurant,2026-06-01 09:13:40
10283,17180,2423,10,340,4,Fresh food,2024-10-07 07:27:14
10284,17181,1964,16,387,5,Amazing restaurant,2024-09-11 17:24:04
10285,17183,560,4,326,4,Perfect experience,2026-06-10 16:39:27
10286,17184,254,17,206,4,Excellent service,2025-10-23 13:03:19
10287,17185,2781,11,16,3,Average experience,2024-10-14 07:55:00
10288,17187,1543,12,231,4,Highly recommended,2025-10-01 07:21:38
10289,17188,304,1,21,3,Wrong order,2025-06-17 06:47:16
10290,17191,2496,15,368,3,Average experience,2024-12-11 05:20:42
10291,17193,427,14,382,3,Poor packaging,2024-07-20 15:19:45
10292,17194,2463,9,234,2,Wrong order,2024-09-23 23:53:50
10293,17196,2033,7,42,4,Perfect experience,2024-08-21 18:46:44
10294,17197,817,17,239,1,Driver was rude,2025-01-02 15:07:31
10295,17198,753,2,399,3,Wrong order,2026-04-10 15:31:28
10296,17199,951,20,239,5,Perfect experience,2024-11-24 05:14:20
10297,17200,1520,14,382,3,Food quality could be better,2025-08-30 11:56:10
10298,17201,1270,7,369,5,Excellent service,2024-11-21 09:38:27
10299,17203,763,16,220,4,Driver was polite,2025-10-11 08:02:06
10300,17204,79,1,347,5,Fresh food,2024-07-31 02:12:27
10301,17205,728,13,30,4,Excellent service,2024-11-19 13:08:05
10302,17206,1416,13,236,4,Very fast delivery,2025-06-27 14:32:06
10303,17210,2193,20,376,5,Fresh food,2026-03-29 03:21:31
10304,17212,2713,7,349,5,Excellent service,2026-04-11 18:12:12
10305,17213,217,7,31,5,Highly recommended,2025-01-29 17:33:34
10306,17214,1596,2,53,2,Poor packaging,2026-01-25 17:38:59
10307,17217,357,16,72,5,Highly recommended,2026-05-26 04:23:11
10308,17220,756,13,15,5,Fresh food,2025-10-27 13:16:45
10309,17221,1965,13,256,5,Excellent service,2025-02-12 17:46:43
10310,17222,2129,16,378,5,Excellent service,2025-09-26 12:59:29
10311,17223,1255,19,183,2,Cold food,2025-06-13 05:01:44
10312,17225,480,20,10,5,Amazing restaurant,2025-07-18 04:05:44
10313,17226,1928,1,8,3,Food quality could be better,2026-04-29 18:42:44
10314,17227,961,12,368,2,Driver was rude,2025-05-03 13:00:46
10315,17229,2669,14,122,4,Amazing restaurant,2025-04-26 01:08:54
10316,17230,297,11,271,4,Fresh food,2025-12-14 13:26:41
10317,17231,2501,2,228,4,Perfect experience,2026-02-27 12:13:13
10318,17234,424,5,362,4,Excellent service,2025-12-31 17:56:29
10319,17239,2218,12,163,5,Driver was polite,2024-08-03 09:36:19
10320,17241,2433,13,287,4,Excellent service,2026-05-21 20:29:33
10321,17243,2658,4,266,5,Amazing restaurant,2026-04-21 18:39:55
10322,17244,2032,1,4,5,Excellent service,2026-06-07 04:43:02
10323,17245,2095,11,7,4,Driver was polite,2026-03-29 18:31:39
10324,17246,1374,2,66,4,Perfect experience,2026-07-15 20:55:26
10325,17248,756,17,38,5,Excellent service,2025-12-09 13:04:14
10326,17249,2445,6,304,5,Perfect experience,2025-10-16 19:51:02
10327,17250,1407,2,17,5,Food was delicious,2025-10-05 06:02:05
10328,17251,849,20,102,3,Food quality could be better,2025-11-09 22:01:22
10329,17255,2868,8,99,5,Perfect experience,2025-09-03 06:19:24
10330,17257,519,8,333,3,Driver was rude,2024-11-17 18:44:33
10331,17258,1140,17,121,5,Excellent service,2025-12-13 14:45:40
10332,17259,573,2,66,5,Fresh food,2024-08-31 01:22:25
10333,17262,585,19,134,3,Food quality could be better,2025-09-15 15:56:19
10334,17263,2697,12,282,4,Driver was polite,2024-12-16 23:18:02
10335,17265,2937,6,85,5,Food was delicious,2025-07-31 00:04:41
10336,17266,1657,5,347,5,Very fast delivery,2025-02-28 18:32:02
10337,17269,2935,14,382,3,Food quality could be better,2026-05-14 09:05:47
10338,17270,291,19,204,4,Excellent service,2026-03-30 03:04:03
10339,17272,1722,19,367,5,Food was delicious,2025-06-11 12:13:17
10340,17273,1229,6,315,4,Amazing restaurant,2025-10-29 02:57:13
10341,17274,551,1,166,5,Perfect experience,2025-10-22 00:55:33
10342,17275,298,17,97,4,Very fast delivery,2024-10-08 05:51:53
10343,17276,1031,20,207,4,Food was delicious,2026-02-05 02:20:26
10344,17278,2953,13,206,5,Driver was polite,2025-03-29 11:58:50
10345,17279,1110,18,391,3,Food quality could be better,2025-03-02 03:57:23
10346,17280,2991,4,346,5,Excellent service,2026-01-15 15:48:22
10347,17282,122,6,142,3,Late delivery,2026-07-12 22:27:11
10348,17283,532,10,147,4,Excellent service,2024-09-19 11:29:48
10349,17284,2829,13,256,4,Excellent service,2024-08-14 03:49:01
10350,17285,959,14,382,5,Amazing restaurant,2024-10-25 05:33:54
10351,17286,2323,2,94,4,Highly recommended,2026-05-09 00:42:20
10352,17288,562,3,158,3,Cold food,2025-05-13 06:37:51
10353,17289,1986,10,103,5,Excellent service,2026-02-11 19:31:56
10354,17296,224,6,41,2,Late delivery,2025-03-25 18:30:38
10355,17297,1515,12,229,5,Fresh food,2025-07-18 09:00:19
10356,17298,1904,11,83,5,Perfect experience,2025-02-09 13:49:00
10357,17299,767,12,319,3,Not worth the price,2024-07-17 06:43:01
10358,17301,2298,1,126,4,Perfect experience,2025-12-03 07:20:18
10359,17302,822,13,174,4,Amazing restaurant,2025-11-19 14:55:05
10360,17304,698,5,161,5,Driver was polite,2026-05-13 18:29:25
10361,17305,1242,11,257,5,Very fast delivery,2024-12-09 22:19:46
10362,17306,424,7,323,4,Perfect experience,2025-03-26 08:08:10
10363,17307,882,17,276,5,Driver was polite,2026-04-03 13:40:19
10364,17308,1541,2,305,4,Driver was polite,2026-03-24 07:13:09
10365,17310,1906,20,93,5,Very fast delivery,2026-04-28 20:12:34
10366,17311,1886,18,46,3,Poor packaging,2024-09-05 00:46:23
10367,17312,1224,5,137,4,Excellent service,2025-07-12 17:19:11
10368,17313,1394,19,340,5,Fresh food,2026-06-12 21:55:03
10369,17315,1622,4,266,4,Excellent service,2026-05-14 15:26:55
10370,17318,756,20,235,5,Amazing restaurant,2026-05-31 18:49:00
10371,17321,1843,13,351,2,Wrong order,2026-03-31 21:30:05
10372,17323,1045,11,137,3,Poor packaging,2026-05-08 05:21:37
10373,17324,1063,12,283,5,Excellent service,2026-01-09 13:16:39
10374,17326,1361,20,213,2,Average experience,2024-11-17 04:03:54
10375,17327,1762,6,138,5,Fresh food,2025-10-09 19:22:58
10376,17330,2191,1,238,3,Average experience,2025-11-13 05:25:36
10377,17332,2312,16,318,2,Average experience,2025-05-07 21:30:42
10378,17334,2805,1,37,4,Very fast delivery,2025-08-19 15:00:01
10379,17336,2879,18,266,1,Driver was rude,2026-05-30 04:05:57
10380,17337,1373,13,355,4,Fresh food,2024-08-20 17:53:54
10381,17340,233,20,227,5,Amazing restaurant,2026-06-06 08:22:09
10382,17342,1730,12,109,4,Driver was polite,2025-07-04 06:58:45
10383,17344,2200,20,91,3,Cold food,2026-03-16 22:34:47
10384,17346,1289,7,285,5,Excellent service,2024-07-29 05:34:36
10385,17348,1796,19,369,5,Very fast delivery,2024-07-27 00:23:46
10386,17352,2877,2,399,5,Highly recommended,2024-11-13 17:53:30
10387,17353,802,5,339,5,Driver was polite,2025-10-05 20:44:57
10388,17354,975,13,214,3,Driver was rude,2024-12-20 07:18:07
10389,17355,1951,18,161,4,Food was delicious,2026-01-16 23:26:14
10390,17356,1465,20,93,4,Food was delicious,2025-09-24 13:51:36
10391,17357,208,9,107,1,Food quality could be better,2026-01-25 12:08:34
10392,17359,1289,1,147,4,Food was delicious,2025-08-06 09:55:06
10393,17360,1319,19,166,4,Excellent service,2026-06-28 18:05:48
10394,17361,1931,3,388,5,Highly recommended,2025-06-17 16:50:43
10395,17362,959,14,122,5,Excellent service,2024-08-03 07:38:36
10396,17367,2612,2,173,4,Perfect experience,2025-12-08 05:05:59
10397,17369,872,2,224,4,Driver was polite,2026-03-09 00:34:52
10398,17371,565,9,316,4,Fresh food,2024-08-01 03:59:11
10399,17372,1460,15,359,5,Driver was polite,2024-08-16 05:26:56
10400,17373,1474,17,49,4,Perfect experience,2025-04-23 00:26:45
10401,17374,643,10,374,1,Not worth the price,2024-07-19 14:22:50
10402,17375,1531,5,350,5,Food was delicious,2025-10-22 21:52:24
10403,17376,2520,8,226,4,Driver was polite,2026-07-03 23:09:09
10404,17378,2973,10,39,5,Excellent service,2026-06-26 07:09:28
10405,17379,1614,17,309,4,Fresh food,2025-02-10 05:26:43
10406,17381,777,13,47,4,Highly recommended,2026-02-27 23:57:18
10407,17382,1045,10,25,2,Late delivery,2025-05-31 06:44:27
10408,17383,370,4,79,5,Excellent service,2025-12-15 07:34:11
10409,17384,1790,14,394,5,Amazing restaurant,2026-05-14 03:10:19
10410,17386,859,18,4,5,Food was delicious,2026-06-22 15:31:11
10411,17387,2282,19,39,2,Not worth the price,2025-02-17 03:52:58
10412,17390,1647,4,31,5,Fresh food,2026-07-04 16:20:51
10413,17392,2356,17,236,2,Not worth the price,2024-12-26 17:47:16
10414,17394,1095,4,96,4,Perfect experience,2026-05-11 23:33:06
10415,17395,2400,13,119,3,Wrong order,2024-09-12 03:49:31
10416,17401,1350,20,116,5,Perfect experience,2025-11-18 19:07:43
10417,17402,1701,15,244,5,Food was delicious,2025-11-24 15:25:07
10418,17403,1567,3,130,4,Excellent service,2026-06-30 15:06:19
10419,17404,978,7,79,5,Driver was polite,2024-09-08 21:29:09
10420,17405,2403,13,162,4,Amazing restaurant,2025-03-21 15:04:13
10421,17408,2512,16,387,2,Average experience,2025-09-19 02:12:50
10422,17413,1210,15,41,4,Perfect experience,2026-03-11 01:44:41
10423,17414,2399,5,166,3,Cold food,2025-01-23 07:51:45
10424,17417,1430,5,246,5,Driver was polite,2025-02-13 07:37:31
10425,17419,571,20,284,5,Food was delicious,2024-08-26 04:31:26
10426,17420,1941,2,110,3,Not worth the price,2024-10-06 21:10:13
10427,17421,2260,1,336,3,Wrong order,2025-01-01 09:36:58
10428,17422,1714,8,350,4,Perfect experience,2025-11-07 10:36:20
10429,17423,2757,14,394,5,Highly recommended,2026-02-12 16:24:05
10430,17425,52,20,313,4,Food was delicious,2026-06-08 16:33:40
10431,17426,82,13,115,4,Very fast delivery,2025-08-24 04:04:28
10432,17427,1059,6,330,5,Amazing restaurant,2024-10-03 09:25:19
10433,17428,2864,20,131,5,Highly recommended,2025-05-19 04:03:49
10434,17429,749,10,129,5,Fresh food,2025-05-12 19:25:47
10435,17431,2857,15,248,4,Very fast delivery,2025-02-01 08:15:24
10436,17432,2027,4,326,3,Not worth the price,2025-02-25 06:21:46
10437,17433,364,7,51,2,Poor packaging,2025-01-20 11:29:52
10438,17435,1801,19,367,5,Fresh food,2024-12-01 18:55:38
10439,17437,1143,19,113,4,Perfect experience,2026-04-12 01:00:25
10440,17438,587,13,184,3,Food quality could be better,2025-11-23 00:02:48
10441,17439,2279,11,101,5,Amazing restaurant,2026-05-08 19:26:19
10442,17440,1052,12,112,5,Perfect experience,2024-11-21 14:19:29
10443,17441,1493,12,383,2,Wrong order,2026-06-19 12:01:32
10444,17442,1799,6,69,4,Perfect experience,2025-10-11 02:33:03
10445,17443,2363,8,136,2,Food quality could be better,2024-11-17 02:25:03
10446,17446,2973,1,129,4,Fresh food,2024-09-16 11:14:33
10447,17447,1032,6,248,3,Driver was rude,2024-10-18 22:41:33
10448,17448,1355,1,336,2,Average experience,2025-02-25 02:52:38
10449,17449,1544,7,286,4,Very fast delivery,2024-08-22 10:04:49
10450,17453,1135,12,366,5,Amazing restaurant,2025-10-03 08:27:29
10451,17454,2041,9,302,5,Fresh food,2026-03-02 11:20:56
10452,17455,248,9,191,4,Food was delicious,2025-01-05 11:27:03
10453,17458,470,11,400,3,Driver was rude,2026-06-18 15:42:53
10454,17459,1612,6,248,5,Amazing restaurant,2026-03-10 13:52:01
10455,17460,2928,3,134,4,Fresh food,2025-04-07 08:20:54
10456,17462,646,16,194,5,Excellent service,2025-10-28 23:45:48
10457,17463,582,1,271,2,Poor packaging,2026-04-08 21:56:45
10458,17464,1609,5,329,5,Highly recommended,2024-12-29 08:46:05
10459,17469,264,20,178,4,Driver was polite,2025-11-22 20:55:23
10460,17470,1365,11,203,5,Highly recommended,2024-09-16 12:18:35
10461,17471,1892,19,21,4,Fresh food,2026-01-17 00:54:48
10462,17472,1021,6,85,5,Perfect experience,2025-04-07 19:46:14
10463,17473,2957,5,34,4,Driver was polite,2025-02-19 20:40:43
10464,17474,1052,15,312,5,Very fast delivery,2024-08-23 12:32:53
10465,17475,2818,17,1,4,Perfect experience,2025-10-13 18:44:26
10466,17476,1868,15,69,3,Food quality could be better,2025-01-28 00:32:16
10467,17477,2771,19,42,3,Cold food,2025-11-10 14:54:11
10468,17479,1013,7,243,5,Driver was polite,2025-01-20 16:36:56
10469,17480,1845,3,362,5,Amazing restaurant,2024-07-17 22:06:31
10470,17481,2767,1,123,3,Driver was rude,2026-01-02 06:50:51
10471,17482,1832,7,367,5,Amazing restaurant,2025-09-02 01:29:03
10472,17484,963,5,391,5,Driver was polite,2026-05-02 00:57:06
10473,17485,2775,12,263,1,Not worth the price,2024-10-20 05:20:07
10474,17487,2575,18,336,3,Not worth the price,2026-01-08 01:04:46
10475,17489,1663,19,51,5,Very fast delivery,2024-08-22 20:58:25
10476,17491,2984,20,227,5,Excellent service,2025-01-05 18:28:13
10477,17494,803,7,386,4,Food was delicious,2026-04-04 13:13:26
10478,17495,2355,5,95,5,Perfect experience,2025-11-26 23:53:36
10479,17496,12,20,313,2,Poor packaging,2025-06-19 04:22:48
10480,17497,2331,6,109,3,Cold food,2024-10-08 02:50:36
10481,17498,2502,4,8,5,Excellent service,2025-11-03 22:51:51
10482,17499,1329,9,120,3,Poor packaging,2026-03-18 10:18:59
10483,17500,2665,11,135,4,Driver was polite,2025-03-18 22:15:52
10484,17501,1018,9,107,4,Food was delicious,2025-05-04 20:59:20
10485,17504,310,7,166,4,Very fast delivery,2026-03-30 19:48:19
10486,17508,740,10,160,4,Fresh food,2026-05-06 16:27:20
10487,17510,131,2,175,4,Driver was polite,2025-03-14 18:59:38
10488,17512,2598,12,188,2,Average experience,2026-03-28 15:15:55
10489,17515,2147,18,339,5,Perfect experience,2025-11-20 21:39:06
10490,17516,2123,7,129,4,Highly recommended,2025-07-13 22:15:48
10491,17517,2961,3,160,5,Driver was polite,2025-12-11 21:04:09
10492,17519,1945,11,290,5,Fresh food,2024-11-06 00:08:53
10493,17520,1697,8,103,4,Amazing restaurant,2025-08-15 10:11:01
10494,17521,2155,6,248,4,Food was delicious,2026-02-07 19:23:09
10495,17523,98,13,115,3,Driver was rude,2026-07-05 14:05:15
10496,17527,9,7,374,5,Very fast delivery,2026-06-07 05:58:53
10497,17528,151,19,226,4,Excellent service,2024-11-18 16:01:23
10498,17529,117,3,219,4,Food was delicious,2025-09-01 06:39:21
10499,17530,1429,5,199,4,Perfect experience,2025-06-18 01:35:09
10500,17531,1029,7,400,4,Amazing restaurant,2024-10-21 05:32:28
10501,17532,1267,6,283,5,Fresh food,2025-08-14 00:17:24
10502,17535,1366,12,146,5,Food was delicious,2025-11-04 16:10:02
10503,17536,2637,3,113,5,Excellent service,2026-05-09 18:22:45
10504,17539,2716,12,383,2,Late delivery,2024-09-27 14:58:42
10505,17540,1301,20,116,5,Perfect experience,2024-09-10 15:41:56
10506,17541,2647,17,127,5,Highly recommended,2025-04-03 18:41:16
10507,17542,222,15,19,1,Wrong order,2026-02-13 21:30:01
10508,17544,1112,20,327,2,Not worth the price,2024-12-26 19:43:44
10509,17545,2106,20,227,5,Very fast delivery,2025-04-15 11:01:24
10510,17548,2587,7,281,5,Very fast delivery,2026-04-09 03:21:38
10511,17550,1265,18,8,4,Excellent service,2025-08-14 14:56:59
10512,17551,2988,1,338,1,Wrong order,2024-12-02 08:02:59
10513,17553,1143,1,80,3,Average experience,2024-11-01 14:09:23
10514,17555,1543,6,19,4,Very fast delivery,2025-07-24 21:50:21
10515,17557,441,5,311,4,Food was delicious,2025-10-03 23:14:23
10516,17560,804,12,229,5,Perfect experience,2026-02-13 15:48:46
10517,17564,2969,20,162,5,Fresh food,2024-10-13 08:45:31
10518,17566,2773,11,286,5,Excellent service,2024-12-09 19:56:06
10519,17571,2398,13,38,5,Excellent service,2025-03-07 09:17:26
10520,17572,625,4,386,5,Driver was polite,2025-08-06 01:17:57
10521,17575,563,10,346,5,Perfect experience,2025-08-17 14:15:13
10522,17577,648,10,171,4,Excellent service,2026-03-05 19:04:17
10523,17579,2739,12,322,4,Food was delicious,2025-07-14 04:41:29
10524,17580,554,2,128,2,Late delivery,2026-05-30 03:57:35
10525,17581,2003,3,96,4,Amazing restaurant,2025-11-19 08:09:59
10526,17582,2684,2,195,3,Not worth the price,2025-01-18 22:10:16
10527,17583,1270,3,281,4,Excellent service,2024-10-31 14:19:55
10528,17585,2817,13,236,4,Excellent service,2025-12-30 12:50:15
10529,17586,2957,4,103,4,Excellent service,2025-12-23 00:42:42
10530,17587,310,1,113,5,Excellent service,2026-03-28 17:35:21
10531,17591,2913,7,51,2,Cold food,2026-01-15 17:31:38
10532,17592,1668,13,124,4,Highly recommended,2025-10-18 14:58:53
10533,17593,961,12,366,5,Excellent service,2025-05-18 06:09:09
10534,17594,397,13,174,5,Amazing restaurant,2025-06-08 00:09:26
10535,17595,422,14,394,5,Very fast delivery,2024-11-22 13:09:27
10536,17596,1778,13,132,5,Food was delicious,2024-11-11 21:15:40
10537,17598,2523,6,41,4,Amazing restaurant,2026-06-08 22:49:04
10538,17599,205,13,131,4,Food was delicious,2025-12-28 11:41:48
10539,17600,1559,11,350,4,Excellent service,2024-12-12 03:56:48
10540,17602,1299,14,382,4,Amazing restaurant,2025-10-24 03:15:19
10541,17603,2073,13,47,5,Fresh food,2025-03-07 03:53:18
10542,17604,452,5,200,4,Very fast delivery,2025-08-17 05:45:04
10543,17607,409,17,50,3,Average experience,2026-04-17 06:07:50
10544,17611,2725,1,95,4,Fresh food,2026-04-29 22:30:54
10545,17612,2168,9,352,4,Very fast delivery,2025-05-24 06:59:43
10546,17614,1471,13,91,3,Wrong order,2026-07-14 02:41:33
10547,17616,2486,12,18,5,Highly recommended,2025-01-19 16:38:00
10548,17617,1503,10,150,5,Fresh food,2026-06-04 21:25:19
10549,17618,2427,6,180,2,Not worth the price,2025-05-18 18:19:54
10550,17621,2939,9,387,4,Driver was polite,2026-04-24 18:56:07
10551,17624,2838,19,183,4,Fresh food,2026-01-30 22:46:08
10552,17625,665,15,87,3,Driver was rude,2024-10-05 14:15:06
10553,17626,2313,20,162,5,Amazing restaurant,2025-03-25 12:44:53
10554,17627,683,14,122,1,Food quality could be better,2024-10-01 01:15:06
10555,17628,689,17,174,3,Cold food,2025-04-10 09:45:02
10556,17629,2285,16,302,5,Very fast delivery,2026-02-19 17:18:04
10557,17634,2642,9,120,5,Food was delicious,2026-06-22 13:25:46
10558,17635,2236,1,153,5,Amazing restaurant,2025-05-15 03:09:19
10559,17636,48,12,283,2,Poor packaging,2026-01-27 12:03:54
10560,17637,2165,20,133,2,Wrong order,2025-04-08 16:28:02
10561,17642,936,8,135,5,Perfect experience,2024-07-24 04:49:40
10562,17643,600,13,169,3,Not worth the price,2025-11-16 13:57:52
10563,17644,2941,18,152,4,Excellent service,2025-09-17 15:03:32
10564,17645,1108,5,158,3,Poor packaging,2026-01-13 16:39:59
10565,17648,2935,14,382,5,Excellent service,2026-06-12 09:37:26
10566,17650,1997,15,180,4,Very fast delivery,2025-11-02 21:52:26
10567,17655,496,4,34,5,Excellent service,2025-10-21 06:15:16
10568,17656,1003,13,115,4,Amazing restaurant,2026-07-09 03:43:30
10569,17658,1517,14,382,3,Food quality could be better,2025-04-14 03:46:00
10570,17659,259,3,388,5,Amazing restaurant,2025-10-15 14:39:51
10571,17661,963,4,350,4,Food was delicious,2025-11-20 06:45:53
10572,17663,1396,10,153,5,Food was delicious,2025-05-27 23:12:48
10573,17664,1881,12,322,4,Excellent service,2025-06-27 13:16:13
10574,17666,2119,18,346,5,Driver was polite,2026-06-15 18:42:24
10575,17669,1981,19,362,5,Perfect experience,2026-03-02 02:46:42
10576,17672,1464,1,329,5,Driver was polite,2025-10-11 06:34:58
10577,17673,263,4,7,5,Excellent service,2025-04-08 04:31:36
10578,17676,322,12,112,5,Food was delicious,2025-08-13 04:18:09
10579,17680,509,3,329,5,Fresh food,2026-02-27 16:01:28
10580,17682,1477,11,71,4,Perfect experience,2024-12-08 13:18:54
10581,17683,712,5,83,5,Fresh food,2024-11-10 11:13:15
10582,17685,1270,19,99,5,Very fast delivery,2025-04-16 19:45:46
10583,17687,858,9,220,5,Fresh food,2025-06-23 18:55:25
10584,17690,2829,20,376,5,Amazing restaurant,2024-07-28 16:25:12
10585,17691,440,14,394,3,Poor packaging,2025-10-02 02:18:51
10586,17692,1045,8,285,4,Perfect experience,2025-04-05 01:59:21
10587,17693,222,12,248,4,Very fast delivery,2025-08-10 16:51:34
10588,17697,600,20,141,3,Driver was rude,2025-06-06 00:14:27
10589,17699,1588,20,233,4,Food was delicious,2024-10-18 02:44:55
10590,17700,667,4,153,5,Perfect experience,2025-05-05 16:55:31
10591,17701,2135,1,334,5,Driver was polite,2025-11-04 13:01:12
10592,17702,2152,17,93,4,Perfect experience,2026-06-08 17:17:47
10593,17703,1815,5,289,4,Amazing restaurant,2025-02-02 20:27:15
10594,17704,2141,20,115,5,Food was delicious,2026-06-20 13:43:30
10595,17705,2873,18,123,4,Very fast delivery,2026-01-08 12:07:19
10596,17707,60,5,246,5,Very fast delivery,2025-03-04 09:21:26
10597,17708,429,13,355,4,Driver was polite,2025-02-20 00:36:10
10598,17709,25,4,51,4,Highly recommended,2025-09-14 10:30:25
10599,17712,601,12,354,3,Food quality could be better,2025-08-23 09:02:11
10600,17713,1952,2,61,4,Fresh food,2025-12-13 22:01:49
10601,17714,2797,4,65,3,Not worth the price,2025-12-04 04:50:08
10602,17715,455,3,101,4,Very fast delivery,2025-04-07 04:36:40
10603,17717,2575,4,39,4,Food was delicious,2025-06-26 00:38:14
10604,17720,1104,9,387,4,Fresh food,2026-05-16 18:22:53
10605,17721,1830,1,333,5,Highly recommended,2025-08-17 05:56:36
10606,17722,2138,12,368,5,Perfect experience,2025-03-24 10:44:26
10607,17723,709,1,149,3,Food quality could be better,2025-07-02 13:17:18
10608,17724,656,18,339,5,Very fast delivery,2025-04-25 07:52:04
10609,17727,2514,7,161,5,Amazing restaurant,2025-02-20 11:27:35
10610,17728,680,20,233,4,Perfect experience,2025-07-28 06:48:09
10611,17730,2633,17,345,5,Food was delicious,2026-03-07 10:10:09
10612,17731,2720,2,128,3,Not worth the price,2025-12-27 05:38:25
10613,17732,581,13,178,5,Fresh food,2025-05-25 04:16:23
10614,17733,1769,18,204,3,Wrong order,2025-07-29 02:50:21
10615,17734,2531,13,372,1,Wrong order,2025-01-11 01:02:52
10616,17735,2587,19,274,3,Driver was rude,2024-11-20 14:41:14
10617,17737,2186,6,315,5,Excellent service,2026-01-07 14:42:51
10618,17738,748,10,118,1,Late delivery,2026-02-19 13:43:04
10619,17742,2312,16,318,4,Highly recommended,2025-02-22 06:24:38
10620,17743,2852,7,130,5,Fresh food,2025-06-23 09:00:46
10621,17744,785,5,334,3,Food quality could be better,2024-09-26 06:34:30
10622,17745,1704,3,150,2,Average experience,2024-10-13 20:26:07
10623,17747,1771,6,319,3,Driver was rude,2024-08-13 17:55:55
10624,17748,858,16,352,5,Amazing restaurant,2025-04-13 11:53:15
10625,17750,296,14,394,4,Fresh food,2024-11-03 04:27:14
10626,17751,1449,4,113,2,Poor packaging,2024-08-24 21:40:25
10627,17752,2003,5,79,5,Highly recommended,2025-10-06 13:00:47
10628,17753,1110,4,153,5,Driver was polite,2025-07-05 01:02:19
10629,17755,2370,17,157,5,Highly recommended,2025-06-17 11:16:21
10630,17756,987,7,51,4,Fresh food,2025-06-20 20:03:50
10631,17757,1812,17,265,5,Amazing restaurant,2025-07-22 03:43:33
10632,17759,854,6,295,5,Very fast delivery,2026-04-18 10:14:36
10633,17761,1849,4,4,4,Food was delicious,2025-01-24 03:17:14
10634,17762,346,13,313,1,Driver was rude,2025-04-10 10:07:59
10635,17765,2502,3,179,5,Very fast delivery,2026-06-08 14:30:24
10636,17767,291,18,105,5,Highly recommended,2025-09-01 00:39:06
10637,17769,608,11,39,4,Excellent service,2025-12-07 08:55:36
10638,17771,1283,20,114,5,Food was delicious,2025-05-16 16:00:14
10639,17772,441,5,7,5,Highly recommended,2025-08-10 16:29:56
10640,17775,679,20,2,3,Not worth the price,2025-08-14 04:13:50
10641,17778,601,15,3,5,Highly recommended,2025-06-28 18:40:31
10642,17779,403,17,310,5,Food was delicious,2026-03-28 13:29:05
10643,17781,353,19,369,5,Very fast delivery,2026-01-18 15:06:08
10644,17782,2780,5,153,5,Fresh food,2026-06-11 15:49:28
10645,17783,2167,17,310,2,Cold food,2026-05-26 21:50:29
10646,17784,1657,7,23,1,Average experience,2025-10-12 20:39:58
10647,17786,1242,3,101,4,Food was delicious,2025-11-14 13:33:49
10648,17787,1002,6,41,2,Driver was rude,2025-08-25 21:36:18
10649,17788,2163,4,71,2,Late delivery,2026-06-04 02:17:22
10650,17789,1920,12,85,4,Very fast delivery,2025-07-22 00:45:07
10651,17790,2114,13,93,5,Amazing restaurant,2025-02-13 02:10:44
10652,17794,1407,2,94,3,Poor packaging,2024-09-14 11:40:19
10653,17795,1372,5,250,3,Cold food,2025-07-17 04:50:10
10654,17796,1894,1,360,4,Fresh food,2024-12-24 17:41:41
10655,17797,1477,3,391,4,Driver was polite,2025-07-12 15:41:29
10656,17798,1165,15,324,5,Excellent service,2024-11-26 18:36:28
10657,17799,754,7,285,4,Highly recommended,2025-08-21 11:52:06
10658,17800,2349,6,354,4,Highly recommended,2024-10-14 09:26:51
10659,17801,2162,8,99,5,Highly recommended,2025-03-13 04:40:28
10660,17802,1864,17,141,5,Amazing restaurant,2025-06-10 21:26:19
10661,17803,1481,1,335,5,Very fast delivery,2026-03-29 01:19:17
10662,17804,2228,12,163,5,Excellent service,2025-08-26 11:07:27
10663,17808,2679,4,105,5,Perfect experience,2025-08-04 18:42:06
10664,17809,1001,7,267,4,Driver was polite,2025-12-03 14:25:25
10665,17810,1315,1,266,1,Average experience,2024-09-18 08:24:48
10666,17811,2322,19,199,5,Very fast delivery,2026-04-16 05:19:01
10667,17812,2091,18,134,5,Very fast delivery,2024-11-11 22:17:19
10668,17813,2652,11,37,4,Perfect experience,2025-01-12 01:20:00
10669,17814,574,2,399,4,Highly recommended,2026-01-03 16:56:46
10670,17815,2354,13,185,4,Amazing restaurant,2026-05-24 22:15:11
10671,17818,1093,7,42,5,Very fast delivery,2024-11-15 19:58:06
10672,17820,2530,6,368,4,Very fast delivery,2024-10-22 05:06:19
10673,17821,2082,6,263,3,Driver was rude,2026-02-23 14:42:15
10674,17824,2596,11,336,5,Highly recommended,2025-12-23 00:50:00
10675,17827,424,18,226,4,Very fast delivery,2026-02-05 09:39:39
10676,17828,2120,19,200,2,Driver was rude,2026-03-05 00:40:31
10677,17829,2609,17,259,4,Fresh food,2025-11-19 14:22:14
10678,17830,1158,12,202,3,Poor packaging,2024-10-25 07:43:05
10679,17832,2498,20,127,5,Perfect experience,2026-06-02 21:03:54
10680,17833,2926,10,339,5,Excellent service,2026-06-19 14:20:45
10681,17834,2284,18,358,5,Excellent service,2025-07-09 11:46:46
10682,17836,190,3,160,3,Driver was rude,2026-06-11 16:43:49
10683,17837,1189,6,109,5,Highly recommended,2025-07-11 18:40:27
10684,17838,1244,14,394,4,Excellent service,2025-07-10 16:23:37
10685,17839,304,19,137,5,Very fast delivery,2026-02-20 12:21:57
10686,17840,1710,17,93,5,Fresh food,2026-07-06 14:41:43
10687,17843,1680,7,209,5,Very fast delivery,2026-01-01 13:28:24
10688,17844,2176,17,310,5,Driver was polite,2025-02-10 06:43:50
10689,17845,2582,10,126,5,Driver was polite,2025-01-17 20:50:07
10690,17848,927,14,394,2,Poor packaging,2026-01-26 11:11:15
10691,17849,455,18,326,5,Food was delicious,2025-06-26 02:41:49
10692,17852,615,20,178,2,Food quality could be better,2024-09-24 19:41:14
10693,17853,1819,2,305,5,Amazing restaurant,2025-08-19 02:28:35
10694,17854,2847,6,142,5,Amazing restaurant,2025-05-26 09:38:36
10695,17855,1653,4,219,3,Food quality could be better,2024-12-17 09:25:55
10696,17858,265,3,320,5,Highly recommended,2026-01-05 15:10:22
10697,17859,1457,18,145,4,Perfect experience,2025-03-23 06:57:37
10698,17862,190,5,358,3,Not worth the price,2025-01-15 03:42:27
10699,17863,2505,5,23,3,Late delivery,2026-04-07 13:02:16
10700,17865,581,13,313,4,Driver was polite,2025-05-20 23:37:17
10701,17868,825,4,164,5,Driver was polite,2025-05-31 07:22:58
10702,17869,2316,20,30,5,Driver was polite,2026-05-08 22:54:12
10703,17870,62,11,272,4,Driver was polite,2024-10-17 08:53:14
10704,17872,1765,20,284,4,Excellent service,2025-08-14 15:50:04
10705,17874,356,8,95,5,Fresh food,2025-08-02 21:07:25
10706,17875,91,12,48,4,Excellent service,2026-01-23 22:27:15
10707,17878,1168,1,16,5,Fresh food,2025-04-15 10:11:26
10708,17880,2349,6,315,5,Food was delicious,2025-01-27 20:14:48
10709,17881,518,16,302,2,Driver was rude,2026-04-16 18:58:01
10710,17882,872,2,195,2,Not worth the price,2024-10-30 12:51:23
10711,17883,951,17,114,2,Not worth the price,2025-05-04 13:18:15
10712,17884,1940,20,310,4,Fresh food,2026-02-25 13:21:05
10713,17886,780,15,337,5,Perfect experience,2026-04-21 13:29:53
10714,17887,2249,13,245,5,Highly recommended,2025-09-04 00:11:36
10715,17888,1421,19,46,5,Perfect experience,2024-12-10 22:21:16
10716,17889,1781,2,242,3,Not worth the price,2026-03-30 06:30:40
10717,17890,2264,12,41,5,Very fast delivery,2024-08-13 07:10:12
10718,17891,443,8,28,4,Perfect experience,2024-10-16 17:55:07
10719,17893,1534,12,146,1,Poor packaging,2025-10-16 04:21:19
10720,17895,1395,11,171,5,Fresh food,2025-10-10 05:50:40
10721,17898,2325,9,32,5,Very fast delivery,2025-02-07 07:04:11
10722,17899,2041,9,32,5,Fresh food,2026-04-02 17:14:26
10723,17901,589,17,50,5,Driver was polite,2024-07-20 02:14:45
10724,17902,2159,10,71,3,Wrong order,2025-03-26 12:49:34
10725,17903,2067,1,365,5,Fresh food,2024-09-30 14:23:07
10726,17904,1114,2,61,4,Perfect experience,2025-02-12 05:44:06
10727,17905,2646,2,128,3,Wrong order,2025-08-17 02:06:17
10728,17906,1177,6,312,4,Very fast delivery,2025-09-10 21:31:18
10729,17907,406,19,204,5,Highly recommended,2024-12-10 19:05:03
10730,17909,508,6,244,4,Excellent service,2026-01-20 03:30:41
10731,17910,1616,15,43,4,Driver was polite,2025-10-07 09:06:30
10732,17911,2620,6,248,4,Very fast delivery,2025-04-30 11:44:49
10733,17912,1528,5,272,5,Perfect experience,2025-01-09 00:00:32
10734,17913,778,2,242,5,Perfect experience,2024-09-03 07:47:39
10735,17914,1156,4,201,3,Food quality could be better,2025-09-09 22:49:51
10736,17915,859,19,343,5,Driver was polite,2024-11-05 09:13:28
10737,17917,125,17,151,5,Perfect experience,2026-01-13 22:40:42
10738,17918,2983,17,345,5,Excellent service,2025-12-07 00:44:55
10739,17919,1812,17,345,5,Food was delicious,2026-07-14 06:30:18
10740,17922,325,12,275,5,Perfect experience,2025-12-14 08:17:28
10741,17925,908,6,354,5,Amazing restaurant,2024-12-07 14:46:58
10742,17927,2679,7,129,4,Very fast delivery,2026-05-09 17:42:45
10743,17928,899,14,394,5,Amazing restaurant,2025-08-25 03:52:11
10744,17929,2783,5,391,4,Perfect experience,2025-04-19 01:51:56
10745,17931,1840,3,74,4,Fresh food,2025-09-15 03:46:25
10746,17932,600,13,124,5,Food was delicious,2025-04-05 22:23:02
10747,17935,1551,20,114,5,Driver was polite,2024-07-29 15:27:27
10748,17936,1360,12,368,5,Highly recommended,2026-05-03 09:41:05
10749,17937,820,18,252,4,Highly recommended,2026-07-03 14:43:18
10750,17938,35,15,41,4,Food was delicious,2025-08-13 19:13:39
10751,17940,2270,9,32,4,Amazing restaurant,2025-07-23 11:02:08
10752,17941,2528,15,315,5,Perfect experience,2025-05-12 06:43:54
10753,17943,426,12,41,5,Food was delicious,2026-01-16 02:24:57
10754,17949,479,8,358,4,Fresh food,2024-10-15 07:32:38
10755,17950,1265,19,271,4,Excellent service,2025-04-30 11:55:59
10756,17951,2317,4,336,3,Late delivery,2024-11-30 07:57:01
10757,17952,1742,3,126,2,Driver was rude,2025-11-28 00:10:46
10758,17955,1827,2,57,5,Amazing restaurant,2025-07-20 01:01:50
10759,17957,873,15,366,5,Very fast delivery,2025-03-05 00:26:51
10760,17958,146,2,98,4,Perfect experience,2025-06-01 19:40:52
10761,17959,1830,3,129,5,Driver was polite,2026-06-03 12:22:01
10762,17962,1580,9,196,4,Amazing restaurant,2025-08-13 23:56:19
10763,17963,2279,10,253,4,Fresh food,2024-12-27 13:02:07
10764,17965,2279,7,323,5,Driver was polite,2025-11-15 11:20:59
10765,17968,2257,6,322,3,Not worth the price,2026-01-27 22:16:02
10766,17970,632,17,30,4,Food was delicious,2026-02-06 14:50:26
10767,17971,171,17,218,5,Driver was polite,2025-04-05 10:03:24
10768,17974,1891,13,151,4,Highly recommended,2026-06-22 08:14:00
10769,17975,1439,18,137,4,Perfect experience,2025-07-24 02:30:40
10770,17977,2067,1,51,4,Amazing restaurant,2025-05-14 14:35:09
10771,17978,2843,2,223,4,Very fast delivery,2025-07-11 19:32:33
10772,17980,406,4,369,5,Perfect experience,2025-02-08 23:43:56
10773,17983,2089,15,159,3,Late delivery,2026-03-04 12:28:38
10774,17986,1129,17,97,5,Excellent service,2025-07-09 19:04:16
10775,17987,1056,15,59,4,Very fast delivery,2024-12-22 09:38:31
10776,17989,2091,5,314,5,Food was delicious,2026-04-24 11:52:57
10777,17990,2923,16,378,4,Food was delicious,2025-08-27 09:32:54
10778,17992,1412,2,61,3,Cold food,2025-05-26 00:49:08
10779,17993,1600,4,400,4,Driver was polite,2025-08-13 13:12:21
10780,17994,2825,1,230,5,Driver was polite,2026-06-20 11:25:52
10781,17999,2140,12,260,3,Wrong order,2024-07-22 10:49:00
10782,18000,2597,8,101,5,Food was delicious,2024-10-21 19:49:25
10783,18001,2032,3,136,4,Food was delicious,2025-02-18 01:26:17
10784,18003,2011,2,61,4,Driver was polite,2024-08-26 06:29:39
10785,18004,2851,17,133,2,Late delivery,2024-09-18 14:13:22
10786,18007,253,7,286,4,Highly recommended,2024-10-22 05:37:05
10787,18008,1237,1,118,4,Amazing restaurant,2024-11-24 16:07:29
10788,18010,2207,4,135,3,Food quality could be better,2025-08-15 08:52:41
10789,18011,2783,1,362,5,Perfect experience,2024-08-12 11:17:50
10790,18016,1733,20,35,3,Poor packaging,2026-05-02 12:44:22
10791,18017,314,19,150,4,Fresh food,2025-04-30 12:17:49
10792,18019,1669,18,333,5,Amazing restaurant,2025-11-15 02:05:06
10793,18023,963,7,314,4,Highly recommended,2025-06-02 02:26:56
10794,18024,616,8,65,4,Highly recommended,2024-11-24 09:24:54
10795,18026,1976,4,71,4,Food was delicious,2025-01-26 11:44:19
10796,18027,2018,20,50,4,Perfect experience,2025-07-16 01:06:40
10797,18028,2681,20,115,5,Driver was polite,2026-01-12 00:19:04
10798,18029,1946,18,272,4,Highly recommended,2025-10-03 09:58:03
10799,18032,1462,3,335,4,Fresh food,2026-02-13 08:07:52
10800,18033,926,12,180,5,Food was delicious,2024-07-23 00:05:48
10801,18034,2433,20,127,5,Excellent service,2025-02-15 07:53:07
10802,18036,1581,20,30,4,Driver was polite,2025-10-07 02:15:04
10803,18037,301,12,109,3,Cold food,2026-03-19 18:32:52
10804,18039,971,6,138,2,Poor packaging,2025-11-15 12:12:31
10805,18040,2691,4,290,5,Fresh food,2026-01-28 18:44:59
10806,18041,1439,4,314,3,Food quality could be better,2025-09-25 01:53:06
10807,18042,653,17,345,5,Highly recommended,2025-08-18 08:47:08
10808,18043,2657,13,265,2,Poor packaging,2026-07-09 19:39:03
10809,18045,695,4,290,5,Food was delicious,2024-10-06 23:32:49
10810,18047,567,10,118,4,Food was delicious,2026-06-24 06:11:15
10811,18048,2117,13,206,5,Amazing restaurant,2024-11-30 22:59:45
10812,18049,948,8,338,3,Wrong order,2026-02-25 11:02:09
10813,18050,2462,11,271,4,Amazing restaurant,2026-05-14 14:00:06
10814,18051,2510,6,188,5,Driver was polite,2025-10-31 09:45:19
10815,18053,1786,15,81,5,Highly recommended,2024-11-06 12:29:05
10816,18058,2621,11,360,4,Food was delicious,2025-10-14 02:18:06
10817,18059,257,20,351,4,Excellent service,2025-05-17 10:14:31
10818,18061,2537,6,375,4,Driver was polite,2025-12-04 21:21:55
10819,18062,689,13,116,5,Driver was polite,2026-03-17 02:24:16
10820,18063,2583,1,320,3,Poor packaging,2025-06-22 15:55:28
10821,18065,1303,5,16,1,Cold food,2024-08-15 17:17:59
10822,18067,411,15,54,5,Highly recommended,2025-01-20 04:02:34
10823,18068,1402,6,40,4,Highly recommended,2026-06-21 16:06:03
10824,18069,362,19,335,4,Highly recommended,2026-05-28 06:29:48
10825,18072,519,7,79,5,Excellent service,2025-03-04 15:44:25
10826,18074,1585,6,81,3,Not worth the price,2026-03-26 04:53:17
10827,18075,24,15,324,5,Fresh food,2024-12-31 09:20:20
10828,18077,275,6,3,5,Fresh food,2025-05-11 05:42:15
10829,18080,2793,19,246,2,Wrong order,2025-06-27 01:57:09
10830,18083,296,14,122,2,Wrong order,2026-04-15 05:33:21
10831,18085,1446,9,291,3,Cold food,2026-04-14 00:20:23
10832,18086,91,12,176,3,Late delivery,2026-05-29 01:09:25
10833,18089,2597,19,320,5,Excellent service,2025-04-06 11:40:51
10834,18090,287,17,47,5,Driver was polite,2025-07-18 09:53:20
10835,18093,10,12,163,4,Driver was polite,2025-12-20 23:09:06
10836,18094,1348,20,310,5,Fresh food,2025-12-06 02:37:05
10837,18095,2707,16,13,3,Average experience,2025-04-09 16:15:13
10838,18097,776,17,116,5,Food was delicious,2026-04-27 23:57:45
10839,18098,1779,17,327,5,Excellent service,2026-05-17 16:33:36
10840,18099,1820,1,272,5,Excellent service,2025-07-11 18:50:03
10841,18103,2513,8,28,4,Excellent service,2025-10-21 11:53:22
10842,18104,1471,17,276,5,Fresh food,2025-02-20 09:28:05
10843,18105,258,17,376,5,Amazing restaurant,2025-11-15 01:17:30
10844,18107,2118,2,173,5,Amazing restaurant,2025-12-31 06:31:17
10845,18109,189,12,87,4,Amazing restaurant,2025-01-14 04:26:08
10846,18111,565,9,318,1,Driver was rude,2026-04-12 05:35:12
10847,18113,2830,13,184,5,Perfect experience,2026-04-15 07:48:59
10848,18114,1706,18,386,5,Very fast delivery,2025-09-12 13:51:38
10849,18116,722,6,295,5,Perfect experience,2025-01-08 13:47:17
10850,18118,1730,12,40,2,Poor packaging,2026-05-08 04:41:58
10851,18119,1558,12,328,5,Food was delicious,2024-09-13 09:30:56
10852,18120,2999,3,251,4,Driver was polite,2025-01-16 14:25:09
10853,18125,1396,1,381,4,Excellent service,2024-08-08 04:40:14
10854,18127,947,17,361,4,Fresh food,2025-08-03 02:03:42
10855,18128,379,1,340,5,Very fast delivery,2025-09-20 22:18:39
10856,18129,2743,10,336,5,Highly recommended,2024-10-21 01:39:21
10857,18132,2133,6,282,4,Driver was polite,2026-04-13 12:01:02
10858,18134,1262,17,284,3,Driver was rude,2025-01-07 14:46:55
10859,18135,1364,17,310,3,Poor packaging,2024-12-11 11:23:18
10860,18136,95,2,66,4,Fresh food,2026-06-11 21:15:10
10861,18137,2225,9,32,4,Perfect experience,2025-11-05 17:52:07
10862,18140,2174,10,8,5,Amazing restaurant,2026-05-28 00:12:19
10863,18143,1680,1,289,4,Fresh food,2026-03-20 12:02:19
10864,18144,2380,13,30,2,Food quality could be better,2025-04-20 02:42:33
10865,18148,1420,12,188,4,Perfect experience,2025-02-02 14:49:27
10866,18149,2333,1,71,5,Highly recommended,2025-12-27 10:19:09
10867,18150,718,2,175,4,Excellent service,2024-10-21 08:41:18
10868,18152,2916,15,337,4,Highly recommended,2026-03-07 23:40:42
10869,18155,207,17,86,1,Poor packaging,2026-01-14 20:28:01
10870,18156,635,9,13,2,Wrong order,2024-10-16 05:33:36
10871,18157,232,7,130,4,Excellent service,2024-10-28 21:37:19
10872,18158,2054,20,49,3,Cold food,2026-04-02 20:30:31
10873,18159,314,10,25,4,Amazing restaurant,2025-08-22 21:58:22
10874,18160,809,6,87,5,Food was delicious,2025-01-10 01:03:28
10875,18162,274,4,320,5,Excellent service,2025-07-20 19:37:29
10876,18163,1239,12,85,4,Fresh food,2025-11-26 22:52:53
10877,18165,1315,7,400,5,Very fast delivery,2025-06-21 14:14:19
10878,18168,582,11,267,4,Very fast delivery,2025-09-23 18:46:21
10879,18172,2648,18,51,4,Highly recommended,2024-11-02 18:26:37
10880,18173,308,2,128,5,Food was delicious,2024-09-04 06:35:14
10881,18175,651,1,29,5,Food was delicious,2025-05-24 17:25:09
10882,18176,3,19,96,5,Excellent service,2026-05-24 11:02:24
10883,18177,1383,13,2,5,Fresh food,2026-04-24 15:38:00
10884,18180,1305,5,323,3,Poor packaging,2025-01-24 04:50:19
10885,18182,1033,15,366,3,Cold food,2026-04-13 12:03:14
10886,18183,1671,3,314,5,Amazing restaurant,2025-06-19 03:36:32
10887,18184,1195,13,47,5,Food was delicious,2025-08-31 06:40:43
10888,18187,35,6,180,3,Not worth the price,2025-05-17 07:39:32
10889,18188,519,18,314,1,Late delivery,2024-07-29 01:47:54
10890,18192,63,20,125,5,Very fast delivery,2024-12-09 21:19:31
10891,18194,2553,20,235,4,Amazing restaurant,2025-04-27 18:34:34
10892,18197,593,13,157,5,Perfect experience,2026-02-15 16:47:12
10893,18199,2610,10,152,3,Average experience,2024-12-10 16:45:59
10894,18201,1385,11,203,5,Fresh food,2025-08-18 03:58:56
10895,18203,2282,3,150,2,Average experience,2024-10-19 14:37:40
10896,18206,577,6,3,5,Fresh food,2026-06-21 12:23:23
10897,18208,2170,10,266,5,Fresh food,2026-01-21 23:34:25
10898,18209,1738,13,121,4,Driver was polite,2025-02-07 18:20:39
10899,18210,973,13,97,4,Perfect experience,2025-01-07 15:04:04
10900,18211,840,19,37,4,Excellent service,2025-01-08 03:44:21
10901,18213,449,8,23,5,Food was delicious,2024-09-09 22:31:18
10902,18215,215,8,285,4,Food was delicious,2025-08-18 19:58:55
10903,18217,1589,20,35,5,Amazing restaurant,2024-07-31 22:44:15
10904,18218,26,19,400,5,Driver was polite,2024-10-03 15:43:39
10905,18220,2873,19,200,5,Excellent service,2024-09-08 09:46:08
10906,18221,2988,1,145,1,Cold food,2025-06-07 04:59:29
10907,18223,409,17,213,5,Very fast delivery,2024-11-09 05:57:06
10908,18225,2737,7,42,4,Very fast delivery,2024-11-12 01:57:06
10909,18226,2090,12,112,3,Not worth the price,2024-10-23 07:00:21
10910,18227,2404,20,132,3,Driver was rude,2024-09-21 05:19:53
10911,18228,405,4,362,3,Not worth the price,2025-11-09 20:21:08
10912,18229,1330,8,369,5,Driver was polite,2025-01-10 00:54:37
10913,18230,2693,13,184,5,Highly recommended,2025-10-08 16:44:15
10914,18231,1261,13,38,4,Excellent service,2026-01-07 01:59:45
10915,18232,624,9,353,3,Driver was rude,2025-10-04 14:17:42
10916,18235,224,6,354,3,Average experience,2024-10-16 13:38:11
10917,18236,1083,6,19,4,Driver was polite,2026-01-27 17:59:20
10918,18239,2787,17,124,5,Perfect experience,2025-02-06 04:08:51
10919,18244,1195,17,50,4,Food was delicious,2025-07-17 04:47:40
10920,18246,2389,4,250,2,Driver was rude,2025-05-05 07:03:18
10921,18249,238,19,343,5,Excellent service,2024-12-10 01:30:09
10922,18250,345,20,313,5,Excellent service,2024-08-12 02:36:58
10923,18252,435,20,207,5,Very fast delivery,2026-01-20 15:12:19
10924,18255,2853,20,269,2,Cold food,2025-12-14 10:22:33
10925,18259,888,3,209,5,Amazing restaurant,2025-04-18 16:42:39
10926,18262,755,12,189,4,Very fast delivery,2025-05-25 16:30:18
10927,18263,1420,6,189,3,Average experience,2024-07-24 19:08:42
10928,18265,815,1,350,5,Perfect experience,2025-04-10 09:10:02
10929,18268,388,11,79,5,Perfect experience,2025-12-16 05:25:33
10930,18269,736,5,200,4,Very fast delivery,2026-03-07 16:17:40
10931,18271,84,4,95,5,Very fast delivery,2026-03-27 07:57:37
10932,18273,213,5,164,5,Driver was polite,2024-09-09 16:31:36
10933,18274,792,8,267,3,Wrong order,2024-09-20 00:45:21
10934,18276,441,8,21,4,Perfect experience,2025-03-24 02:09:15
10935,18277,1199,12,138,3,Driver was rude,2025-11-20 07:40:47
10936,18278,649,7,336,4,Highly recommended,2024-11-03 05:16:12
10937,18280,2750,13,218,5,Perfect experience,2026-06-30 04:16:06
10938,18281,645,9,13,5,Driver was polite,2025-01-02 23:21:27
10939,18282,2888,17,276,5,Fresh food,2024-09-15 21:03:27
10940,18283,1125,17,206,4,Food was delicious,2026-07-13 08:39:36
10941,18284,2056,19,333,5,Fresh food,2026-05-30 05:21:35
10942,18285,1005,15,69,3,Wrong order,2024-09-04 16:15:43
10943,18286,2988,7,261,5,Fresh food,2024-10-13 11:05:28
10944,18287,1199,15,322,5,Highly recommended,2026-05-25 16:21:12
10945,18290,1749,10,90,5,Excellent service,2025-03-17 21:31:18
10946,18294,874,8,336,3,Food quality could be better,2026-03-15 17:26:46
10947,18295,2924,14,382,5,Excellent service,2025-09-19 18:13:00
10948,18296,964,1,325,5,Perfect experience,2026-02-06 23:46:29
10949,18297,1936,18,325,5,Excellent service,2026-06-24 17:30:37
10950,18298,1555,13,307,2,Driver was rude,2025-06-27 11:20:40
10951,18299,1206,1,135,3,Food quality could be better,2024-11-22 05:00:32
10952,18300,981,13,157,4,Driver was polite,2026-03-18 14:43:26
10953,18301,391,7,243,4,Very fast delivery,2025-04-29 15:21:11
10954,18304,638,20,47,5,Fresh food,2025-11-09 15:17:39
10955,18306,649,10,8,3,Driver was rude,2025-04-30 00:12:29
10956,18307,1507,8,29,3,Not worth the price,2024-11-12 22:06:11
10957,18308,1123,3,343,2,Average experience,2024-12-16 13:36:13
10958,18309,2440,12,146,5,Perfect experience,2025-09-16 06:53:41
10959,18310,12,17,169,2,Wrong order,2024-09-07 00:19:54
10960,18312,2361,16,353,3,Food quality could be better,2024-07-15 21:27:44
10961,18313,270,3,289,5,Driver was polite,2026-04-07 19:10:37
10962,18316,888,4,99,4,Driver was polite,2024-11-14 08:18:40
10963,18317,1185,6,229,5,Fresh food,2025-09-05 15:22:30
10964,18319,2722,3,365,4,Driver was polite,2025-04-17 04:20:21
10965,18320,1467,18,290,4,Amazing restaurant,2024-07-25 14:42:05
10966,18321,1219,8,203,5,Driver was polite,2025-04-26 10:17:05
10967,18322,1072,19,362,4,Perfect experience,2026-07-09 04:05:15
10968,18323,756,17,284,4,Fresh food,2026-04-12 12:04:56
10969,18324,1270,3,200,5,Excellent service,2025-05-17 11:47:19
10970,18327,2991,8,257,4,Fresh food,2025-06-21 16:14:08
10971,18333,2680,8,257,4,Amazing restaurant,2024-12-18 22:57:05
10972,18334,664,9,378,1,Average experience,2026-04-21 21:35:55
10973,18336,2588,9,341,1,Late delivery,2025-04-28 19:26:27
10974,18337,2022,5,113,4,Highly recommended,2025-05-23 04:09:55
10975,18338,1253,11,320,5,Food was delicious,2026-05-12 16:11:32
10976,18341,1001,19,336,5,Amazing restaurant,2025-02-28 10:03:16
10977,18342,755,12,244,4,Perfect experience,2024-07-25 22:55:44
10978,18343,1062,11,262,4,Driver was polite,2024-12-25 21:12:56
10979,18345,2180,5,183,5,Highly recommended,2024-10-01 03:14:14
10980,18347,112,15,232,5,Food was delicious,2024-09-13 19:21:53
10981,18348,39,16,318,3,Poor packaging,2025-11-29 21:20:30
10982,18349,1898,2,221,5,Fresh food,2024-08-06 09:20:37
10983,18355,165,17,245,4,Fresh food,2026-02-24 10:47:35
10984,18358,2897,12,299,5,Very fast delivery,2026-07-12 05:15:17
10985,18364,807,9,12,5,Excellent service,2024-09-29 00:59:29
10986,18365,1252,2,399,5,Perfect experience,2025-11-29 12:23:45
10987,18366,2294,9,194,5,Food was delicious,2025-02-10 04:16:38
10988,18368,1054,20,372,4,Driver was polite,2025-09-06 09:05:12
10989,18369,1189,15,315,3,Food quality could be better,2025-09-14 07:50:52
10990,18371,1045,7,71,5,Driver was polite,2026-01-27 03:14:32
10991,18372,2386,12,359,1,Driver was rude,2026-03-08 09:03:45
10992,18374,2384,13,218,4,Perfect experience,2025-12-01 04:47:38
10993,18376,1431,14,122,5,Fresh food,2024-11-27 21:30:29
10994,18377,1592,7,28,5,Fresh food,2026-04-27 08:11:16
10995,18380,2250,19,286,5,Very fast delivery,2025-02-04 18:22:36
10996,18385,1321,10,210,4,Perfect experience,2026-07-07 09:03:25
10997,18386,1779,20,185,5,Highly recommended,2026-03-27 21:53:25
10998,18387,14,7,31,4,Food was delicious,2025-10-01 07:50:30
10999,18388,1464,8,126,5,Fresh food,2025-09-17 00:15:09
11000,18390,1833,7,226,5,Highly recommended,2025-03-08 02:36:29
11001,18391,790,9,291,4,Very fast delivery,2024-08-21 08:07:20
11002,18392,908,15,299,4,Driver was polite,2024-08-10 02:12:23
11003,18394,2733,18,179,4,Food was delicious,2025-08-30 23:58:21
11004,18395,2412,7,326,4,Perfect experience,2025-09-07 10:05:27
11005,18396,2569,11,274,4,Very fast delivery,2026-07-15 18:06:31
11006,18397,289,6,43,5,Driver was polite,2025-10-29 13:32:20
11007,18398,755,15,356,4,Amazing restaurant,2025-07-02 13:41:13
11008,18400,432,19,37,4,Fresh food,2026-04-01 00:12:54
11009,18403,2151,2,66,5,Highly recommended,2025-01-16 13:53:08
11010,18405,2360,15,3,5,Food was delicious,2024-08-23 15:20:59
11011,18407,1676,5,149,5,Driver was polite,2026-02-13 13:13:39
11012,18408,642,15,142,4,Highly recommended,2024-10-27 23:08:13
11013,18410,2722,11,347,4,Excellent service,2024-08-22 03:20:46
11014,18412,1301,20,50,5,Amazing restaurant,2024-09-02 21:11:53
11015,18413,1018,16,13,3,Food quality could be better,2025-03-14 03:11:54
11016,18415,29,2,110,4,Amazing restaurant,2024-09-03 09:36:12
11017,18416,2938,8,203,3,Late delivery,2025-11-26 18:04:21
11018,18417,1273,9,387,3,Late delivery,2026-05-06 05:15:16
11019,18418,1456,7,219,5,Perfect experience,2024-11-05 14:20:26
11020,18420,1075,15,312,4,Driver was polite,2025-04-03 14:25:37
11021,18423,1890,2,255,5,Very fast delivery,2024-10-03 23:11:48
11022,18424,2897,6,54,5,Food was delicious,2024-09-07 23:56:05
11023,18426,608,10,158,4,Food was delicious,2024-12-30 02:55:49
11024,18427,2847,12,337,3,Food quality could be better,2024-11-11 08:15:36
11025,18429,1647,5,84,3,Wrong order,2025-04-07 04:14:29
11026,18430,2488,2,305,3,Average experience,2025-04-24 15:20:33
11027,18432,2533,14,122,5,Amazing restaurant,2026-05-11 16:10:05
11028,18433,2557,2,364,4,Excellent service,2025-07-02 10:06:56
11029,18435,1953,18,95,3,Average experience,2024-12-08 01:30:40
11030,18436,1514,15,188,5,Very fast delivery,2024-12-23 09:06:07
11031,18437,460,16,13,5,Amazing restaurant,2025-05-25 02:09:35
11032,18438,76,20,93,3,Food quality could be better,2025-11-22 04:09:05
11033,18439,551,19,210,4,Food was delicious,2024-07-17 08:33:57
11034,18440,2077,8,204,3,Poor packaging,2024-10-24 06:20:54
11035,18441,431,10,168,5,Very fast delivery,2026-06-03 04:22:03
11036,18443,2661,20,287,5,Food was delicious,2025-01-07 00:48:23
11037,18444,1053,12,159,5,Perfect experience,2024-07-22 02:21:46
11038,18446,1825,8,145,5,Very fast delivery,2025-01-05 17:56:29
11039,18447,2489,16,191,5,Very fast delivery,2025-10-01 03:34:00
11040,18448,723,13,287,5,Perfect experience,2026-03-31 16:02:03
11041,18449,2735,9,191,3,Driver was rude,2026-03-28 16:35:21
11042,18450,938,15,43,4,Food was delicious,2025-06-19 05:59:27
11043,18454,836,5,199,4,Food was delicious,2026-01-05 08:44:10
11044,18457,127,4,21,2,Cold food,2025-05-04 16:17:48
11045,18458,2081,10,266,3,Food quality could be better,2025-06-20 18:26:17
11046,18459,873,15,248,4,Food was delicious,2025-11-03 04:11:05
11047,18460,2138,12,112,5,Fresh food,2026-04-18 16:14:12
11048,18461,1509,5,31,5,Amazing restaurant,2024-12-10 20:14:58
11049,18464,428,16,392,4,Perfect experience,2025-12-23 22:01:37
11050,18467,2650,2,92,4,Excellent service,2024-09-18 07:33:39
11051,18471,2345,18,145,5,Driver was polite,2024-12-27 14:00:53
11052,18472,2852,8,147,4,Perfect experience,2025-10-19 01:26:19
11053,18473,215,8,183,4,Highly recommended,2026-03-24 19:08:20
11054,18474,2910,7,281,5,Food was delicious,2025-08-09 10:39:32
11055,18475,2609,20,116,5,Highly recommended,2025-12-02 06:07:08
11056,18476,625,1,23,5,Fresh food,2026-06-19 04:49:38
11057,18477,449,4,7,5,Fresh food,2025-05-19 05:57:24
11058,18479,538,20,390,4,Food was delicious,2025-12-22 17:56:50
11059,18480,726,7,262,5,Amazing restaurant,2026-01-29 14:46:29
11060,18485,2456,7,130,2,Cold food,2025-02-19 10:56:13
11061,18486,1201,12,263,5,Excellent service,2025-04-24 03:11:50
11062,18488,2468,11,391,5,Food was delicious,2026-01-19 11:35:00
11063,18490,1753,4,274,5,Highly recommended,2024-11-05 07:24:17
11064,18494,1242,11,24,5,Amazing restaurant,2025-09-22 19:11:52
11065,18498,1101,2,364,3,Average experience,2025-07-18 04:51:53
11066,18500,101,19,80,5,Highly recommended,2024-10-23 15:00:24
11067,18504,1029,4,8,5,Fresh food,2024-08-05 14:28:36
11068,18505,1166,15,176,5,Amazing restaurant,2025-03-02 01:46:18
11069,18506,1764,4,153,3,Poor packaging,2025-03-12 20:24:01
11070,18507,2240,20,211,5,Fresh food,2024-09-22 05:27:46
11071,18509,2035,4,201,5,Amazing restaurant,2025-03-24 17:12:44
11072,18511,989,5,39,2,Cold food,2025-05-02 14:14:27
11073,18512,356,8,103,5,Food was delicious,2026-04-26 05:28:44
11074,18514,925,3,29,1,Not worth the price,2024-10-23 07:20:42
11075,18515,1474,13,303,5,Fresh food,2026-02-22 06:24:54
11076,18516,2045,6,231,4,Very fast delivery,2024-08-31 11:23:20
11077,18517,1663,4,83,3,Wrong order,2025-02-15 19:14:52
11078,18518,2256,6,146,5,Driver was polite,2024-08-20 09:26:38
11079,18520,2827,17,218,3,Average experience,2026-04-21 10:03:09
11080,18521,1694,20,102,5,Perfect experience,2025-01-24 23:23:34
11081,18522,1106,20,397,5,Highly recommended,2024-11-30 10:35:50
11082,18523,710,13,376,3,Food quality could be better,2025-12-23 16:31:26
11083,18525,145,11,252,5,Fresh food,2024-12-25 12:02:44
11084,18526,294,2,92,5,Food was delicious,2026-04-27 19:21:31
11085,18527,84,3,290,5,Fresh food,2024-11-29 23:03:08
11086,18530,938,6,138,4,Food was delicious,2025-05-02 10:42:42
11087,18531,2562,20,114,5,Very fast delivery,2026-02-21 14:44:41
11088,18533,2469,17,310,5,Excellent service,2024-09-23 10:56:41
11089,18534,73,2,221,4,Very fast delivery,2024-12-28 08:07:07
11090,18535,2437,17,169,4,Very fast delivery,2026-02-22 12:23:47
11091,18536,934,4,350,5,Excellent service,2026-01-24 01:17:01
11092,18538,1672,15,248,3,Driver was rude,2025-04-01 14:58:57
11093,18539,1095,7,99,5,Perfect experience,2026-02-01 00:00:34
11094,18541,1996,12,282,4,Perfect experience,2025-11-22 13:00:39
11095,18542,960,13,236,5,Driver was polite,2025-04-29 02:21:03
11096,18544,1398,20,256,5,Food was delicious,2025-12-16 21:58:27
11097,18546,805,6,109,5,Amazing restaurant,2026-01-16 21:03:43
11098,18547,1514,12,109,5,Fresh food,2024-12-12 04:01:40
11099,18548,1475,4,323,1,Not worth the price,2025-11-22 23:44:41
11100,18550,1132,20,214,1,Food quality could be better,2025-03-17 07:06:21
11101,18552,2363,18,338,3,Cold food,2026-01-06 13:29:37
11102,18553,1372,1,145,4,Food was delicious,2025-02-26 10:53:01
11103,18554,1161,20,303,5,Highly recommended,2024-11-26 06:44:19
11104,18556,361,18,286,5,Very fast delivery,2026-05-26 21:45:40
11105,18558,1017,9,352,3,Late delivery,2025-08-02 22:47:39
11106,18559,988,15,263,5,Excellent service,2026-03-16 18:13:13
11107,18560,998,9,353,4,Excellent service,2024-09-19 12:16:27
11108,18561,1975,18,369,5,Excellent service,2026-03-26 13:32:07
11109,18563,1173,8,272,5,Driver was polite,2026-03-29 19:00:57
11110,18566,2623,15,319,4,Amazing restaurant,2024-12-05 18:21:28
11111,18567,2915,12,356,5,Excellent service,2025-06-04 23:27:15
11112,18569,540,15,43,4,Fresh food,2025-09-16 01:56:43
11113,18570,1629,13,372,4,Excellent service,2025-07-03 13:27:33
11114,18571,974,20,141,4,Amazing restaurant,2026-05-21 02:35:06
11115,18573,1108,8,400,5,Very fast delivery,2024-11-11 12:04:10
11116,18574,2997,19,230,3,Wrong order,2025-01-07 11:05:28
11117,18576,347,3,129,5,Excellent service,2025-09-13 14:30:35
11118,18578,1551,17,351,4,Very fast delivery,2025-07-25 21:07:47
11119,18580,1974,12,244,5,Highly recommended,2025-09-05 04:20:33
11120,18581,2375,18,204,5,Driver was polite,2024-09-28 04:29:32
11121,18583,521,12,312,5,Food was delicious,2024-09-07 02:42:51
11122,18586,637,5,96,4,Driver was polite,2024-11-18 22:31:10
11123,18588,2749,8,274,3,Average experience,2025-11-11 19:46:58
11124,18591,1549,18,209,5,Highly recommended,2026-03-08 13:16:01
11125,18592,273,9,12,4,Food was delicious,2026-04-12 04:07:19
11126,18597,2240,20,239,2,Wrong order,2026-03-15 16:59:20
11127,18598,2674,3,90,4,Fresh food,2024-10-17 18:18:08
11128,18599,2772,5,34,4,Fresh food,2026-05-20 01:10:05
11129,18600,341,2,364,4,Fresh food,2025-10-23 10:21:53
11130,18601,2504,16,107,4,Highly recommended,2025-05-30 18:13:52
11131,18602,2206,20,372,1,Driver was rude,2025-03-07 20:06:41
11132,18605,655,11,90,5,Perfect experience,2025-03-15 03:35:00
11133,18606,2974,15,59,4,Fresh food,2025-08-23 02:11:07
11134,18607,1663,18,251,4,Excellent service,2026-03-06 22:42:32
11135,18609,1109,13,169,5,Driver was polite,2026-04-23 07:21:05
11136,18611,521,15,275,3,Wrong order,2026-03-05 00:50:16
11137,18612,2482,4,336,5,Perfect experience,2025-10-24 21:58:01
11138,18614,86,10,200,4,Food was delicious,2025-05-14 06:09:46
11139,18615,2186,12,337,5,Highly recommended,2026-03-23 02:10:52
11140,18618,2405,1,23,4,Fresh food,2025-03-21 01:43:50
11141,18619,2120,1,113,1,Food quality could be better,2026-03-22 06:53:10
11142,18620,264,17,307,3,Not worth the price,2025-07-09 05:00:26
11143,18621,642,12,283,5,Very fast delivery,2026-05-05 05:28:47
11144,18622,2533,14,382,5,Highly recommended,2025-07-04 07:09:25
11145,18624,2954,4,46,3,Late delivery,2025-08-27 01:07:57
11146,18627,2022,10,71,4,Excellent service,2026-06-12 13:20:06
11147,18628,1193,11,113,3,Not worth the price,2025-06-23 15:23:47
11148,18631,439,1,400,4,Driver was polite,2025-04-02 03:27:52
11149,18633,191,17,121,5,Excellent service,2025-03-07 22:32:40
11150,18636,284,20,172,4,Highly recommended,2026-02-19 23:42:17
11151,18637,534,2,288,4,Food was delicious,2025-11-25 10:57:44
11152,18645,872,2,255,3,Not worth the price,2026-06-26 01:19:14
11153,18648,403,17,211,4,Food was delicious,2026-02-09 21:46:59
11154,18649,992,7,199,1,Late delivery,2025-06-30 19:04:09
11155,18650,2402,2,173,2,Poor packaging,2024-12-09 23:34:51
11156,18652,787,16,72,5,Driver was polite,2025-06-14 16:47:21
11157,18653,1755,8,323,4,Driver was polite,2025-10-31 06:00:59
11158,18656,374,7,171,3,Food quality could be better,2025-11-01 18:38:55
11159,18659,7,19,261,4,Food was delicious,2025-09-25 01:14:03
11160,18661,1941,2,57,4,Excellent service,2026-01-31 14:16:41
11161,18664,2867,20,236,5,Food was delicious,2024-08-03 13:43:12
11162,18665,646,9,380,5,Perfect experience,2026-04-14 02:50:08
11163,18666,2123,4,37,4,Food was delicious,2025-02-28 01:32:08
11164,18669,2720,2,17,5,Very fast delivery,2024-11-24 21:30:08
11165,18670,1507,19,250,5,Driver was polite,2025-04-10 09:56:50
11166,18671,392,19,367,5,Food was delicious,2025-09-22 18:56:03
11167,18673,2544,15,231,5,Driver was polite,2024-08-25 05:10:47
11168,18674,689,13,127,4,Food was delicious,2026-02-08 06:57:14
11169,18675,2838,19,145,2,Driver was rude,2026-06-17 15:10:09
11170,18676,308,2,255,5,Food was delicious,2025-05-07 02:52:31
11171,18677,680,20,22,5,Perfect experience,2025-01-17 22:08:36
11172,18678,2034,20,309,5,Perfect experience,2024-12-25 12:30:11
11173,18682,991,10,164,4,Fresh food,2025-03-25 17:43:52
11174,18683,2515,18,23,5,Excellent service,2026-02-25 13:26:19
11175,18684,938,12,295,3,Wrong order,2026-02-10 15:57:15
11176,18686,2630,5,25,5,Fresh food,2025-10-02 06:26:57
11177,18687,2423,11,329,5,Perfect experience,2024-11-19 04:15:45
11178,18688,2218,6,317,3,Average experience,2025-03-31 23:50:41
11179,18689,2478,18,367,3,Wrong order,2026-06-25 22:09:27
11180,18691,1206,5,381,5,Amazing restaurant,2026-05-11 22:44:27
11181,18693,1133,2,61,5,Food was delicious,2025-09-07 00:50:02
11182,18694,1202,14,394,4,Perfect experience,2025-10-28 23:12:52
11183,18695,639,19,246,5,Driver was polite,2025-01-09 13:03:40
11184,18696,1192,18,210,4,Very fast delivery,2025-10-05 13:07:58
11185,18698,714,5,400,4,Highly recommended,2025-02-26 15:21:11
11186,18699,2288,11,136,5,Very fast delivery,2025-08-10 08:15:16
11187,18700,1816,20,50,3,Cold food,2024-12-17 04:34:16
11188,18702,2123,1,101,3,Not worth the price,2025-04-24 00:32:02
11189,18703,2491,10,179,2,Wrong order,2024-09-10 22:03:00
11190,18704,2849,10,261,5,Perfect experience,2024-08-20 15:27:11
11191,18705,2581,20,276,4,Highly recommended,2024-07-17 11:46:12
11192,18706,2088,18,71,2,Late delivery,2026-04-03 08:11:13
11193,18708,1047,1,16,4,Highly recommended,2026-03-13 01:23:32
11194,18709,2979,19,219,5,Perfect experience,2026-07-03 21:00:00
11195,18710,586,15,244,5,Driver was polite,2026-01-10 19:12:25
11196,18713,867,1,136,5,Amazing restaurant,2026-04-14 17:53:47
11197,18714,2954,5,400,4,Excellent service,2026-03-10 18:30:02
11198,18715,1425,5,7,3,Late delivery,2025-07-09 00:46:31
11199,18716,2,20,206,3,Food quality could be better,2024-10-08 11:15:27
11200,18717,222,6,48,4,Amazing restaurant,2024-09-13 23:19:37
11201,18718,1943,7,16,5,Highly recommended,2025-09-22 21:16:42
11202,18722,2328,2,195,5,Excellent service,2025-05-16 01:18:19
11203,18723,2175,12,81,5,Fresh food,2025-08-31 09:53:09
11204,18726,671,14,394,2,Cold food,2024-07-27 04:35:26
11205,18733,811,17,190,5,Amazing restaurant,2024-08-23 21:36:31
11206,18734,261,15,87,5,Driver was polite,2025-09-16 16:30:46
11207,18736,522,4,374,4,Fresh food,2024-11-29 17:46:15
11208,18739,1249,20,233,4,Driver was polite,2026-05-29 21:53:56
11209,18742,1565,8,336,3,Not worth the price,2024-11-03 16:58:08
11210,18743,964,11,251,2,Cold food,2024-12-12 18:13:25
11211,18746,1936,19,21,5,Highly recommended,2026-04-15 14:46:07
11212,18747,1974,6,54,5,Excellent service,2026-06-21 03:27:15
11213,18749,305,18,391,5,Highly recommended,2025-01-13 13:07:02
11214,18750,1066,16,316,5,Perfect experience,2025-02-02 21:12:18
11215,18751,2285,16,12,3,Not worth the price,2025-08-02 09:32:04
11216,18752,1950,11,365,3,Food quality could be better,2025-07-24 21:14:20
11217,18753,392,11,113,2,Average experience,2025-01-01 17:43:34
11218,18754,1697,8,266,2,Food quality could be better,2026-05-15 22:30:10
11219,18755,479,19,343,4,Perfect experience,2026-01-20 12:33:13
11220,18756,1460,6,231,4,Perfect experience,2025-11-07 15:26:00
11221,18757,979,17,307,5,Perfect experience,2025-04-26 06:54:44
11222,18758,2180,19,95,5,Food was delicious,2026-03-01 02:39:25
11223,18762,2630,4,23,5,Very fast delivery,2025-09-16 11:59:49
11224,18766,1900,13,214,5,Food was delicious,2024-08-25 04:42:17
11225,18769,1309,17,211,4,Excellent service,2025-12-29 16:11:10
11226,18770,1239,12,54,4,Highly recommended,2026-01-24 05:43:49
11227,18771,1663,5,16,5,Fresh food,2025-02-18 01:02:19
11228,18772,1014,15,112,2,Cold food,2025-02-05 15:55:43
11229,18775,1285,17,172,4,Food was delicious,2026-01-29 02:03:06
11230,18776,661,6,366,5,Driver was polite,2025-03-11 07:55:19
11231,18778,1463,10,16,2,Cold food,2025-07-18 15:13:19
11232,18779,2376,3,400,5,Amazing restaurant,2024-11-17 03:09:39
11233,18781,1778,13,372,5,Driver was polite,2025-08-08 23:19:02
11234,18782,162,9,13,4,Excellent service,2024-10-30 06:59:37
11235,18783,302,4,360,5,Fresh food,2025-01-05 23:19:09
11236,18785,970,20,269,4,Amazing restaurant,2025-04-06 23:43:43
11237,18786,949,10,343,5,Perfect experience,2024-09-08 09:44:58
11238,18788,1020,13,355,4,Perfect experience,2025-07-08 05:19:24
11239,18789,2704,7,339,5,Perfect experience,2025-10-03 21:56:05
11240,18790,1910,14,394,5,Highly recommended,2026-07-13 18:34:42
11241,18791,1581,20,11,1,Late delivery,2024-08-24 14:23:08
11242,18792,2359,2,181,4,Very fast delivery,2026-06-01 15:35:09
11243,18793,2251,18,204,3,Late delivery,2026-06-12 16:26:20
11244,18796,1059,12,282,3,Average experience,2026-07-11 22:28:33
11245,18798,1521,10,388,2,Average experience,2026-02-18 21:36:44
11246,18799,346,20,15,5,Highly recommended,2025-08-25 09:00:43
11247,18800,810,8,261,3,Wrong order,2025-03-18 18:51:59
11248,18803,1510,6,41,4,Highly recommended,2025-02-16 01:43:09
11249,18806,2915,15,354,3,Driver was rude,2025-06-09 17:22:34
11250,18808,1325,5,80,3,Cold food,2024-09-24 01:02:22
11251,18809,135,4,261,4,Excellent service,2025-02-09 01:18:30
11252,18810,2167,20,259,5,Food was delicious,2024-07-29 21:39:13
11253,18812,2485,13,303,4,Very fast delivery,2026-04-03 14:44:53
11254,18813,2567,13,345,3,Average experience,2025-01-02 16:15:26
11255,18814,1627,12,260,3,Late delivery,2026-03-12 04:31:11
11256,18815,1510,15,231,4,Driver was polite,2025-08-20 21:51:48
11257,18817,1095,7,90,5,Perfect experience,2025-05-28 02:59:35
11258,18819,1140,17,174,5,Amazing restaurant,2026-01-16 08:17:26
11259,18820,93,9,234,4,Excellent service,2025-06-10 15:36:38
11260,18822,1419,13,397,3,Late delivery,2026-03-08 03:45:50
11261,18823,715,19,203,2,Poor packaging,2025-05-25 18:41:41
11262,18824,921,7,274,5,Fresh food,2025-06-19 22:19:09
11263,18825,2370,13,313,5,Food was delicious,2026-01-16 17:10:51
11264,18826,1804,5,314,5,Highly recommended,2026-03-21 20:48:01
11265,18827,1016,8,118,5,Driver was polite,2025-04-08 05:59:18
11266,18828,1298,17,169,4,Food was delicious,2025-11-18 03:30:12
11267,18829,873,6,299,5,Food was delicious,2025-03-10 14:53:05
11268,18830,968,10,257,5,Fresh food,2025-03-24 03:11:28
11269,18831,1154,2,53,5,Driver was polite,2026-04-16 02:27:28
11270,18832,42,12,328,1,Driver was rude,2025-06-18 23:13:06
11271,18837,949,4,34,3,Cold food,2025-05-22 10:01:04
11272,18840,2807,3,347,4,Amazing restaurant,2024-12-24 17:49:20
11273,18841,1913,4,261,5,Amazing restaurant,2025-07-05 04:31:49
11274,18842,2731,17,157,3,Average experience,2026-04-20 07:12:04
11275,18844,2433,13,151,5,Very fast delivery,2025-05-16 03:15:55
11276,18845,2999,19,183,4,Fresh food,2024-09-12 06:46:42
11277,18846,2741,5,257,5,Food was delicious,2026-05-29 17:52:03
11278,18849,2206,20,91,5,Food was delicious,2025-08-08 15:56:36
11279,18852,957,13,15,4,Fresh food,2025-12-31 00:33:07
11280,18854,1371,6,319,5,Fresh food,2025-07-03 11:53:20
11281,18857,1481,3,339,4,Amazing restaurant,2024-08-24 17:31:16
11282,18859,1141,12,260,5,Perfect experience,2025-05-22 01:28:14
11283,18860,1382,11,250,5,Amazing restaurant,2025-01-12 08:06:08
11284,18863,812,8,147,5,Fresh food,2026-07-10 04:26:02
11285,18864,1960,3,136,5,Highly recommended,2024-10-15 03:43:51
11286,18865,1601,1,137,4,Perfect experience,2025-06-09 12:00:33
11287,18866,231,17,102,4,Highly recommended,2024-11-22 11:42:09
11288,18868,386,20,172,5,Driver was polite,2024-10-05 16:01:35
11289,18871,1378,7,311,4,Excellent service,2025-09-10 01:47:24
11290,18872,1449,7,329,2,Late delivery,2025-08-25 03:20:45
11291,18873,2943,6,248,3,Wrong order,2025-09-10 02:08:54
11292,18874,861,20,206,5,Driver was polite,2026-02-01 00:13:45
11293,18875,1892,4,369,5,Food was delicious,2024-11-05 14:32:25
11294,18876,2366,20,327,2,Not worth the price,2025-05-05 00:30:31
11295,18877,2363,1,83,3,Poor packaging,2025-11-02 04:28:48
11296,18878,695,3,267,4,Very fast delivery,2026-01-11 09:38:50
11297,18879,1746,13,30,4,Highly recommended,2025-10-23 14:16:15
11298,18881,1097,1,42,5,Fresh food,2025-11-09 18:03:26
11299,18883,625,5,329,4,Fresh food,2024-08-13 04:01:54
11300,18884,709,18,51,5,Food was delicious,2025-04-03 16:30:04
11301,18886,922,2,53,5,Excellent service,2026-04-22 07:31:55
11302,18887,1142,16,380,4,Excellent service,2024-09-26 17:14:51
11303,18891,1581,17,355,5,Very fast delivery,2025-06-16 09:48:54
11304,18893,2873,8,281,5,Highly recommended,2024-08-14 16:39:34
11305,18897,2047,16,12,4,Very fast delivery,2025-10-31 15:07:35
11306,18898,586,12,263,5,Very fast delivery,2024-12-03 13:25:04
11307,18900,1801,11,164,1,Driver was rude,2026-03-01 15:41:22
11308,18901,205,17,15,2,Food quality could be better,2026-05-08 07:48:22
11309,18902,259,18,160,4,Amazing restaurant,2025-03-22 14:53:02
11310,18904,2429,20,390,5,Very fast delivery,2024-07-26 11:11:56
11311,18905,2025,17,211,4,Food was delicious,2026-03-24 10:49:45
11312,18908,565,16,234,3,Average experience,2024-07-30 19:56:31
11313,18909,2589,5,391,4,Fresh food,2025-10-26 17:06:59
11314,18910,667,8,179,3,Poor packaging,2026-07-04 09:04:06
11315,18911,2842,9,380,4,Perfect experience,2025-02-24 16:57:42
11316,18913,1367,11,16,4,Fresh food,2026-05-08 13:12:01
11317,18916,730,2,195,5,Fresh food,2025-08-02 08:30:06
11318,18918,1246,6,202,3,Driver was rude,2026-07-07 05:45:25
11319,18923,1000,11,199,5,Amazing restaurant,2025-09-25 09:47:53
11320,18925,2147,7,147,5,Fresh food,2025-12-04 21:27:58
11321,18928,2207,11,338,4,Perfect experience,2025-06-25 06:09:55
11322,18930,2402,2,288,5,Amazing restaurant,2025-09-09 00:49:41
11323,18931,1230,5,261,4,Perfect experience,2025-02-05 10:41:49
11324,18933,2669,14,382,3,Late delivery,2025-09-26 03:40:10
11325,18934,2899,17,235,2,Food quality could be better,2026-04-22 07:49:48
11326,18937,803,8,103,3,Driver was rude,2026-04-26 10:24:23
11327,18938,1759,20,376,4,Excellent service,2026-05-07 02:52:25
11328,18939,1441,13,49,4,Perfect experience,2025-04-26 07:12:55
11329,18940,53,13,269,2,Late delivery,2026-04-11 23:14:24
11330,18941,2389,11,200,5,Food was delicious,2025-05-18 21:51:56
11331,18943,2697,12,109,4,Fresh food,2025-01-10 16:44:49
11332,18951,2757,14,394,4,Amazing restaurant,2025-06-16 20:20:29
11333,18952,1013,1,166,5,Excellent service,2024-09-23 18:36:53
11334,18953,2152,13,361,5,Fresh food,2025-06-28 06:34:58
11335,18954,1091,18,271,4,Highly recommended,2025-06-25 02:46:17
11336,18956,496,18,230,1,Wrong order,2025-07-28 11:50:34
11337,18957,2638,11,340,5,Excellent service,2025-04-21 21:19:55
11338,18958,1871,19,39,4,Very fast delivery,2026-01-08 19:38:12
11339,18960,938,6,375,5,Very fast delivery,2026-01-18 10:13:51
11340,18964,2818,20,10,3,Driver was rude,2025-01-24 07:47:59
11341,18965,491,18,246,1,Average experience,2026-05-31 12:04:55
11342,18968,882,20,256,5,Excellent service,2025-08-28 10:16:49
11343,18969,2415,15,375,2,Late delivery,2025-07-10 16:44:41
11344,18970,1290,18,358,4,Perfect experience,2026-04-27 06:45:02
11345,18971,2865,8,150,5,Excellent service,2024-08-17 07:13:53
11346,18974,653,20,207,4,Amazing restaurant,2024-11-14 11:45:02
11347,18976,1180,6,312,5,Excellent service,2025-04-09 12:45:57
11348,18977,1317,18,362,2,Wrong order,2025-12-04 20:51:26
11349,18978,2493,2,57,5,Perfect experience,2026-02-13 17:10:32
11350,18979,1615,7,243,5,Excellent service,2025-09-29 14:34:05
11351,18984,1696,3,71,4,Perfect experience,2026-02-28 07:15:27
11352,18987,2253,14,394,3,Food quality could be better,2025-11-17 21:19:03
11353,18988,2891,2,66,4,Fresh food,2025-10-31 06:38:23
11354,18990,2075,6,275,5,Amazing restaurant,2024-08-03 02:45:57
11355,18991,403,20,276,5,Amazing restaurant,2024-10-19 13:10:44
11356,18992,1608,2,306,4,Very fast delivery,2024-10-21 09:31:38
11357,18993,506,13,47,2,Not worth the price,2025-06-11 02:47:33
11358,18994,530,18,23,5,Excellent service,2026-02-01 21:17:40
11359,18995,2565,5,65,5,Amazing restaurant,2026-01-14 10:09:23
11360,18997,1886,1,343,4,Very fast delivery,2026-04-22 15:59:58
11361,19000,1492,20,211,3,Food quality could be better,2026-03-22 20:45:45
11362,19004,2358,2,57,5,Very fast delivery,2025-08-28 13:01:12
11363,19006,1416,20,114,4,Amazing restaurant,2025-10-05 09:12:55
11364,19007,170,18,153,1,Late delivery,2024-07-30 08:23:27
11365,19008,1671,11,200,5,Very fast delivery,2025-03-18 19:26:42
11366,19009,1025,19,147,5,Very fast delivery,2025-10-20 04:16:37
11367,19011,79,7,286,5,Very fast delivery,2024-09-09 14:31:04
11368,19012,1025,19,289,3,Wrong order,2024-10-30 00:44:52
11369,19013,1734,20,124,5,Perfect experience,2026-07-01 21:07:02
11370,19020,47,13,141,3,Not worth the price,2024-08-15 21:04:47
11371,19022,1401,20,185,5,Perfect experience,2025-10-02 12:14:21
11372,19026,2196,20,245,2,Late delivery,2025-11-13 05:17:56
11373,19028,1333,20,184,4,Amazing restaurant,2026-03-11 09:00:08
11374,19029,1609,18,219,3,Cold food,2025-04-27 13:26:51
11375,19030,1848,13,50,5,Amazing restaurant,2025-04-08 22:12:05
11376,19032,689,17,121,5,Driver was polite,2024-10-07 23:54:03
11377,19035,1661,8,266,4,Very fast delivery,2026-03-15 20:24:46
11378,19037,1434,5,150,5,Food was delicious,2026-01-29 03:34:45
11379,19039,2306,17,121,5,Perfect experience,2025-12-28 06:31:43
11380,19041,993,4,350,4,Fresh food,2025-02-27 06:45:56
11381,19042,822,17,11,4,Food was delicious,2025-04-29 07:56:39
11382,19045,2452,12,40,4,Very fast delivery,2026-02-09 15:50:48
11383,19046,1384,11,346,4,Perfect experience,2025-01-06 15:17:34
11384,19047,524,16,353,5,Amazing restaurant,2025-05-12 00:53:17
11385,19048,2156,7,339,4,Amazing restaurant,2025-11-08 12:19:01
11386,19050,2254,14,382,2,Wrong order,2024-10-01 02:08:21
11387,19052,1144,6,146,1,Driver was rude,2026-03-10 05:59:09
11388,19053,405,1,39,4,Driver was polite,2024-07-19 06:53:20
11389,19054,371,18,250,5,Fresh food,2024-07-26 10:02:37
11390,19056,1522,14,122,5,Amazing restaurant,2024-08-28 18:26:22
11391,19058,2312,16,302,5,Perfect experience,2026-01-02 11:34:55
11392,19059,740,19,21,3,Not worth the price,2025-08-17 21:57:29
11393,19061,233,20,303,2,Not worth the price,2025-11-08 18:48:09
11394,19062,694,11,209,5,Excellent service,2026-02-18 20:36:45
11395,19063,354,11,360,3,Not worth the price,2026-05-09 13:34:17
11396,19064,420,16,120,4,Fresh food,2026-03-21 11:59:59
11397,19065,1933,8,149,5,Amazing restaurant,2026-01-17 01:21:57
11398,19066,1287,15,3,5,Food was delicious,2024-08-18 22:12:43
11399,19067,2795,20,125,5,Highly recommended,2025-02-11 17:17:40
11400,19068,2243,9,234,4,Highly recommended,2024-09-09 06:59:11
11401,19069,1367,1,261,5,Very fast delivery,2025-07-23 14:47:58
11402,19070,371,4,261,5,Highly recommended,2025-02-09 20:57:09
11403,19071,852,17,259,5,Very fast delivery,2025-03-30 19:24:20
11404,19072,2861,20,174,5,Very fast delivery,2026-03-10 09:24:16
11405,19075,1297,15,295,5,Amazing restaurant,2026-07-08 03:35:05
11406,19076,568,9,234,5,Very fast delivery,2025-07-08 02:55:42
11407,19077,2496,6,248,4,Fresh food,2024-09-07 20:23:37
11408,19081,1728,1,118,4,Fresh food,2025-10-09 21:58:51
11409,19082,1077,18,203,4,Highly recommended,2025-11-07 11:52:09
11410,19084,554,2,53,3,Late delivery,2024-09-24 20:36:26
11411,19085,358,10,51,5,Driver was polite,2025-02-03 12:12:06
11412,19087,2714,12,3,3,Not worth the price,2025-07-27 15:43:53
11413,19088,2837,10,29,5,Perfect experience,2025-09-02 04:16:26
11414,19089,2648,7,339,5,Perfect experience,2025-10-01 00:46:46
11415,19090,884,7,323,5,Amazing restaurant,2024-08-31 17:09:36
11416,19092,2113,13,182,5,Fresh food,2025-09-02 06:17:10
11417,19093,1347,8,46,5,Fresh food,2026-01-27 21:20:07
11418,19094,288,15,59,3,Average experience,2025-07-07 02:58:01
11419,19095,1401,13,214,3,Late delivery,2024-12-08 10:56:21
11420,19097,1034,15,295,2,Cold food,2025-10-24 14:47:26
11421,19098,2699,15,43,3,Wrong order,2024-09-13 23:11:27
11422,19099,1810,18,8,4,Very fast delivery,2026-05-05 23:36:49
11423,19100,186,20,309,3,Not worth the price,2025-05-06 03:45:59
11424,19101,1210,6,180,5,Driver was polite,2025-10-16 20:29:04
11425,19102,2960,2,195,4,Amazing restaurant,2025-05-05 03:02:32
11426,19105,58,15,231,3,Average experience,2025-11-15 15:10:24
11427,19109,1815,7,129,4,Very fast delivery,2024-10-02 12:17:27
11428,19112,1926,9,220,2,Cold food,2025-01-19 20:20:06
11429,19113,2298,1,46,5,Food was delicious,2025-07-29 10:18:48
11430,19115,1639,13,236,5,Fresh food,2024-12-02 19:28:23
11431,19116,170,8,238,5,Perfect experience,2025-06-07 06:58:08
11432,19117,1060,20,303,3,Driver was rude,2025-08-25 16:45:54
11433,19118,164,3,113,5,Highly recommended,2026-01-25 13:59:33
11434,19125,1620,1,8,5,Driver was polite,2025-06-28 09:43:50
11435,19127,2455,16,318,3,Late delivery,2026-03-05 03:49:29
11436,19128,1791,19,285,5,Highly recommended,2024-11-07 08:54:20
11437,19131,1643,16,72,4,Amazing restaurant,2024-08-03 12:01:43
11438,19132,1183,13,119,3,Average experience,2025-12-01 19:02:22
11439,19133,2231,9,380,4,Amazing restaurant,2024-09-09 13:38:38
11440,19135,1121,19,39,5,Perfect experience,2025-07-10 15:57:53
11441,19137,1909,10,36,5,Driver was polite,2025-01-26 19:06:26
11442,19138,2057,14,382,5,Perfect experience,2025-06-29 16:28:49
11443,19139,1940,13,182,3,Late delivery,2025-02-07 01:14:07
11444,19140,592,2,98,5,Perfect experience,2025-05-09 21:57:54
11445,19141,543,7,230,5,Food was delicious,2024-09-04 02:42:24
11446,19143,22,20,11,4,Driver was polite,2025-03-09 23:11:55
11447,19144,2589,7,367,3,Late delivery,2024-11-24 11:33:05
11448,19145,1574,12,383,3,Late delivery,2025-05-11 15:42:27
11449,19146,2314,4,253,4,Very fast delivery,2025-10-19 08:41:06
11450,19147,1160,16,352,5,Highly recommended,2025-01-03 09:46:30
11451,19148,2738,3,251,3,Food quality could be better,2025-07-14 06:08:13
11452,19150,1003,17,2,5,Food was delicious,2025-12-12 15:32:41
11453,19153,1347,5,8,4,Driver was polite,2024-08-18 13:58:06
11454,19154,1740,17,172,4,Highly recommended,2025-04-08 01:44:40
11455,19155,402,19,209,5,Amazing restaurant,2025-05-06 17:40:08
11456,19158,398,11,28,5,Excellent service,2025-03-25 11:21:50
11457,19163,2213,20,307,5,Perfect experience,2026-02-17 17:35:20
11458,19165,241,12,202,5,Food was delicious,2024-07-22 17:28:50
11459,19167,2485,13,287,2,Cold food,2024-12-10 11:59:10
11460,19169,2000,10,336,4,Highly recommended,2026-05-20 01:20:03
11461,19173,2662,20,91,4,Perfect experience,2024-10-03 19:27:47
11462,19175,1014,6,359,3,Driver was rude,2025-06-02 10:01:10
11463,19176,2208,10,37,3,Poor packaging,2026-03-06 20:14:19
11464,19177,1740,17,116,4,Driver was polite,2025-05-28 04:40:22
11465,19180,354,4,349,4,Driver was polite,2024-11-06 10:16:50
11466,19183,2613,18,103,5,Driver was polite,2026-04-23 21:28:17
11467,19184,2888,13,115,3,Cold food,2025-01-04 13:23:25
11468,19185,949,7,149,4,Excellent service,2026-04-17 03:32:46
11469,19186,614,12,229,2,Wrong order,2024-08-21 04:26:47
11470,19187,1524,13,30,4,Fresh food,2026-06-29 05:12:37
11471,19190,1205,6,299,1,Poor packaging,2026-07-10 13:47:06
11472,19191,1844,4,150,4,Driver was polite,2026-02-04 23:07:05
11473,19192,1085,9,191,4,Excellent service,2024-12-18 07:52:36
11474,19193,2616,19,201,5,Excellent service,2025-07-14 09:48:16
11475,19194,1907,5,274,3,Poor packaging,2024-09-23 19:12:02
11476,19196,131,2,296,4,Very fast delivery,2025-05-21 19:29:35
11477,19198,538,20,307,5,Amazing restaurant,2025-12-31 16:12:56
11478,19200,1727,16,378,5,Food was delicious,2025-01-16 22:06:49
11479,19201,2575,7,118,4,Food was delicious,2026-02-17 19:06:05
11480,19203,1518,3,42,5,Highly recommended,2024-12-07 09:18:01
11481,19204,2722,19,271,4,Very fast delivery,2024-11-01 15:29:56
11482,19205,2309,17,184,4,Fresh food,2025-02-12 07:31:36
11483,19206,2104,13,269,5,Driver was polite,2025-08-20 11:23:31
11484,19207,896,9,220,5,Very fast delivery,2024-11-24 13:47:02
11485,19208,261,15,165,4,Driver was polite,2024-09-21 09:09:27
11486,19209,346,13,2,5,Excellent service,2026-07-08 08:01:49
11487,19210,943,5,37,3,Food quality could be better,2025-10-23 18:08:33
11488,19211,1152,15,275,5,Food was delicious,2024-09-03 05:39:08
11489,19212,265,5,199,4,Excellent service,2025-08-23 14:56:17
11490,19213,552,19,74,4,Very fast delivery,2025-03-13 09:16:31
11491,19214,2586,2,173,4,Food was delicious,2026-01-11 12:19:32
11492,19215,773,15,146,5,Very fast delivery,2025-04-04 23:31:42
11493,19218,519,8,37,5,Food was delicious,2026-03-20 09:27:08
11494,19219,950,20,22,5,Amazing restaurant,2024-10-23 04:14:10
11495,19220,488,2,53,5,Highly recommended,2026-01-12 12:11:24
11496,19222,2519,12,180,5,Very fast delivery,2025-01-06 18:55:47
11497,19224,1769,7,42,3,Cold food,2025-03-31 05:37:04
11498,19225,1652,2,228,5,Food was delicious,2024-10-17 23:06:05
11499,19226,667,18,320,4,Very fast delivery,2025-07-12 07:16:42
11500,19227,427,14,122,5,Perfect experience,2026-02-04 02:40:59
11501,19228,1636,20,372,5,Highly recommended,2025-05-21 00:08:34
11502,19229,2924,14,122,5,Perfect experience,2026-06-15 19:01:48
11503,19230,1508,13,50,4,Amazing restaurant,2025-04-06 20:18:27
11504,19232,422,14,394,4,Excellent service,2024-08-10 12:32:57
11505,19233,582,3,338,5,Perfect experience,2025-02-01 15:56:05
11506,19234,2066,4,105,4,Fresh food,2026-02-14 05:39:53
11507,19236,1960,5,99,5,Excellent service,2024-10-29 16:52:43
11508,19237,307,13,93,3,Poor packaging,2025-12-26 08:55:52
11509,19241,2512,9,120,2,Average experience,2025-03-05 17:22:54
11510,19243,2615,15,322,5,Amazing restaurant,2026-04-10 03:58:02
11511,19244,193,8,286,5,Food was delicious,2026-02-18 12:02:40
11512,19245,1610,5,164,5,Driver was polite,2025-04-23 13:54:53
11513,19246,1871,3,349,2,Poor packaging,2026-06-07 03:07:03
11514,19248,2381,6,299,5,Driver was polite,2024-09-09 08:16:45
11515,19250,2488,2,288,2,Late delivery,2024-09-07 18:11:51
11516,19251,329,20,355,1,Poor packaging,2025-03-27 21:27:55
11517,19255,1831,3,203,5,Highly recommended,2026-03-22 13:05:35
11518,19256,1225,1,358,4,Very fast delivery,2025-10-22 12:04:10
11519,19259,1073,4,16,2,Driver was rude,2025-09-09 08:56:32
11520,19261,2192,11,325,5,Highly recommended,2026-06-18 02:49:28
11521,19262,1662,10,118,4,Perfect experience,2026-01-16 06:00:34
11522,19263,1297,6,244,4,Driver was polite,2026-05-26 09:45:05
11523,19264,171,20,236,4,Excellent service,2026-03-22 03:45:41
11524,19266,2288,5,161,4,Driver was polite,2025-12-04 22:38:08
11525,19267,2652,10,90,5,Highly recommended,2026-06-11 01:40:02
11526,19268,1508,17,284,4,Food was delicious,2025-07-11 05:05:15
11527,19271,2321,6,81,4,Perfect experience,2026-05-15 02:43:18
11528,19273,1665,6,109,5,Amazing restaurant,2025-09-15 18:54:21
11529,19275,111,17,124,3,Average experience,2025-05-10 07:17:22
11530,19277,2787,20,307,4,Excellent service,2024-10-31 08:07:19
11531,19279,2601,15,87,3,Poor packaging,2025-11-01 19:41:07
11532,19280,2664,5,4,5,Fresh food,2024-07-22 01:21:32
11533,19281,1819,2,306,4,Driver was polite,2026-01-22 16:15:32
11534,19282,1794,15,112,2,Late delivery,2024-07-16 06:47:31
11535,19283,686,2,173,4,Highly recommended,2024-11-30 07:00:02
11536,19288,2941,19,281,5,Amazing restaurant,2025-05-03 23:27:22
11537,19291,2041,9,387,5,Food was delicious,2024-09-20 05:10:13
11538,19294,515,1,71,3,Late delivery,2024-10-12 19:20:13
11539,19295,507,7,340,3,Poor packaging,2026-02-12 22:04:36
11540,19298,2684,2,364,2,Driver was rude,2025-09-26 12:24:28
11541,19299,1752,15,202,5,Fresh food,2026-05-21 08:37:31
11542,19300,919,13,218,5,Driver was polite,2025-11-08 19:15:34
11543,19301,1197,8,250,3,Late delivery,2025-03-29 14:02:07
11544,19302,1382,3,149,5,Excellent service,2026-05-15 13:44:43
11545,19303,172,9,291,3,Late delivery,2024-08-31 12:19:17
11546,19304,309,2,255,3,Poor packaging,2025-03-29 10:49:48
11547,19306,2208,1,262,4,Very fast delivery,2024-11-27 04:46:55
11548,19307,1664,18,362,3,Average experience,2025-11-08 09:10:59
11549,19308,1527,17,121,4,Food was delicious,2024-10-13 12:43:11
11550,19309,1171,12,304,4,Highly recommended,2025-06-22 17:23:52
11551,19310,2564,17,50,5,Perfect experience,2026-06-04 07:11:35
11552,19311,291,11,210,2,Wrong order,2025-10-31 07:48:55
11553,19312,738,6,248,2,Average experience,2025-02-28 09:11:25
11554,19315,109,20,206,3,Late delivery,2024-08-02 23:45:29
11555,19316,270,18,200,2,Driver was rude,2026-05-18 11:36:46
11556,19319,2384,20,106,2,Poor packaging,2024-08-23 22:12:47
11557,19321,1651,15,315,4,Driver was polite,2026-04-30 07:33:27
11558,19324,1782,3,103,4,Food was delicious,2026-01-29 18:13:30
11559,19325,2103,20,307,5,Fresh food,2025-09-04 20:11:55
11560,19326,2444,15,260,4,Fresh food,2025-05-22 21:56:23
11561,19330,2850,2,306,3,Average experience,2025-12-14 10:09:33
11562,19332,831,6,176,5,Perfect experience,2026-03-25 01:18:54
11563,19333,2289,20,119,5,Driver was polite,2026-06-20 11:06:18
11564,19336,2881,4,253,5,Driver was polite,2026-05-15 11:04:56
11565,19337,1827,2,306,5,Excellent service,2026-06-06 12:22:28
11566,19340,1234,17,233,4,Fresh food,2026-03-13 12:27:26
11567,19341,216,10,339,4,Driver was polite,2025-10-16 19:33:13
11568,19342,1546,6,59,5,Highly recommended,2024-07-21 18:01:57
11569,19343,2727,17,119,5,Perfect experience,2025-10-07 22:49:58
11570,19344,231,13,93,1,Not worth the price,2026-07-14 11:38:53
11571,19345,256,17,178,3,Average experience,2025-02-09 15:45:20
11572,19346,2404,17,2,5,Excellent service,2026-01-29 12:36:29
11573,19348,1353,18,147,5,Driver was polite,2024-10-16 14:04:15
11574,19349,1030,15,244,5,Perfect experience,2025-01-03 15:50:15
11575,19350,2426,4,369,3,Wrong order,2024-08-31 05:10:10
11576,19352,1322,20,345,3,Average experience,2025-01-19 12:18:19
11577,19354,1751,2,53,5,Excellent service,2025-06-28 20:33:57
11578,19355,139,10,123,4,Amazing restaurant,2025-05-13 02:24:12
11579,19357,2504,9,13,2,Poor packaging,2024-10-30 13:56:57
11580,19358,1799,6,54,5,Food was delicious,2026-03-13 01:04:14
11581,19359,2680,4,285,5,Driver was polite,2025-11-06 10:04:15
11582,19360,1231,19,314,3,Poor packaging,2024-07-30 17:50:02
11583,19361,192,4,37,5,Amazing restaurant,2025-08-20 09:50:45
11584,19362,2396,6,54,2,Driver was rude,2024-12-12 01:33:15
11585,19363,1484,2,173,5,Highly recommended,2025-11-12 06:04:42
11586,19368,853,20,245,5,Driver was polite,2024-09-22 09:57:19
11587,19370,2481,2,57,3,Food quality could be better,2026-01-20 02:40:30
11588,19371,1931,8,99,4,Fresh food,2025-05-31 09:59:14
11589,19373,1105,10,129,5,Highly recommended,2025-12-02 03:03:17
11590,19374,1158,6,85,5,Driver was polite,2024-11-02 21:50:56
11591,19376,2076,10,23,5,Food was delicious,2024-09-23 07:41:07
11592,19377,1720,18,325,5,Perfect experience,2026-02-01 03:59:23
11593,19378,2884,8,95,5,Food was delicious,2025-08-14 15:16:59
11594,19379,1954,2,242,5,Highly recommended,2026-01-22 07:10:19
11595,19380,1768,2,175,5,Very fast delivery,2025-01-02 10:16:37
11596,19381,2433,17,376,4,Excellent service,2025-03-16 20:57:13
11597,19383,2312,16,72,5,Excellent service,2025-12-02 04:18:45
11598,19384,1663,7,83,4,Fresh food,2025-10-13 00:37:18
11599,19385,101,11,166,4,Highly recommended,2025-01-09 13:38:44
11600,19386,2026,4,29,3,Driver was rude,2025-02-24 21:49:49
11601,19388,69,5,266,3,Food quality could be better,2026-04-11 12:45:29
11602,19389,155,17,361,5,Perfect experience,2025-02-18 15:49:52
11603,19390,1715,15,368,5,Highly recommended,2025-10-13 21:10:02
11604,19391,2911,2,242,3,Cold food,2026-02-15 02:47:26
11605,19394,40,12,18,5,Excellent service,2025-07-17 09:28:58
11606,19395,564,11,243,5,Perfect experience,2025-12-31 15:26:07
11607,19397,627,14,122,4,Very fast delivery,2024-09-08 01:42:58
11608,19398,766,1,166,2,Not worth the price,2026-02-23 18:51:35
11609,19400,2382,11,8,2,Late delivery,2025-01-10 08:05:53
11610,19401,2825,4,400,4,Perfect experience,2026-06-20 23:44:51
11611,19403,1544,3,158,2,Poor packaging,2026-05-22 05:12:04
11612,19404,1622,4,400,1,Wrong order,2026-01-06 19:52:59
11613,19407,1851,2,53,4,Amazing restaurant,2024-10-27 06:37:44
11614,19408,1180,12,317,5,Very fast delivery,2024-07-24 08:09:06
11615,19409,1433,11,103,2,Cold food,2025-09-01 04:26:56
11616,19412,903,2,175,5,Highly recommended,2026-07-09 15:40:28
11617,19413,1846,11,161,1,Wrong order,2025-04-18 18:17:01
11618,19416,2142,6,163,5,Amazing restaurant,2025-01-26 23:00:49
11619,19417,329,17,106,5,Perfect experience,2025-12-14 08:40:32
11620,19418,1894,11,201,3,Not worth the price,2026-01-23 21:05:58
11621,19420,649,3,46,3,Cold food,2025-06-28 19:24:34
11622,19421,2088,10,118,5,Driver was polite,2026-01-10 14:27:38
11623,19422,2286,10,171,5,Highly recommended,2026-04-10 16:55:04
11624,19423,810,19,289,5,Fresh food,2026-04-26 08:01:58
11625,19424,2423,7,8,4,Excellent service,2024-08-07 22:14:37
11626,19426,2351,5,200,3,Late delivery,2025-12-14 05:15:44
11627,19428,2122,20,133,5,Driver was polite,2025-01-04 07:58:41
11628,19431,1355,4,24,2,Average experience,2025-12-15 17:56:59
11629,19433,853,17,157,5,Very fast delivery,2025-04-23 01:45:17
11630,19435,1661,5,103,2,Wrong order,2024-07-22 14:47:23
11631,19436,2936,2,94,5,Driver was polite,2025-03-29 03:46:08
11632,19437,2186,6,142,3,Food quality could be better,2025-01-07 03:38:27
11633,19438,1905,16,378,5,Food was delicious,2025-04-18 22:45:34
11634,19439,2875,16,111,5,Highly recommended,2026-07-15 19:52:24
11635,19444,408,17,207,4,Driver was polite,2024-10-07 05:13:49
11636,19445,2347,16,387,5,Amazing restaurant,2025-02-22 02:43:21
11637,19446,2109,1,320,3,Cold food,2025-06-20 00:57:17
11638,19447,2563,4,329,5,Amazing restaurant,2026-01-21 16:57:21
11639,19448,784,9,291,5,Highly recommended,2025-06-26 19:17:54
11640,19449,988,12,48,5,Fresh food,2024-11-30 15:56:11
11641,19451,2061,10,166,5,Excellent service,2025-09-02 23:13:44
11642,19453,2038,15,322,5,Driver was polite,2024-11-13 18:26:07
11643,19456,602,6,176,5,Fresh food,2025-06-22 18:20:09
11644,19457,2710,20,355,5,Fresh food,2026-02-22 18:37:34
11645,19460,1710,17,131,5,Highly recommended,2025-03-04 04:00:11
11646,19463,1025,11,74,5,Food was delicious,2026-04-16 06:34:40
11647,19464,1844,7,183,5,Highly recommended,2025-05-01 13:36:24
11648,19466,2880,18,350,5,Driver was polite,2024-10-21 01:07:55
11649,19468,251,12,59,4,Driver was polite,2025-06-03 23:58:40
11650,19471,2197,20,22,2,Cold food,2026-01-08 10:06:12
11651,19472,1020,20,151,4,Perfect experience,2025-02-02 00:55:51
11652,19473,838,20,115,4,Highly recommended,2026-05-27 06:22:49
11653,19475,1778,17,233,4,Driver was polite,2025-05-20 12:49:36
11654,19477,2235,3,29,5,Excellent service,2024-07-19 05:34:32
11655,19479,1323,19,113,4,Excellent service,2026-01-24 00:43:25
11656,19480,549,17,178,3,Cold food,2026-03-20 01:44:01
11657,19482,537,8,360,5,Perfect experience,2026-05-11 17:32:08
11658,19483,1352,17,259,4,Excellent service,2025-09-21 18:40:54
11659,19484,1653,18,201,5,Amazing restaurant,2025-04-13 20:01:17
11660,19485,867,10,261,5,Perfect experience,2024-11-04 10:03:55
11661,19486,2938,7,147,5,Driver was polite,2026-02-22 15:12:40
11662,19487,1485,18,334,4,Highly recommended,2024-09-24 20:15:53
11663,19488,924,5,274,5,Food was delicious,2025-10-30 18:46:23
11664,19491,1140,20,22,5,Very fast delivery,2024-12-10 10:17:29
11665,19492,2418,11,339,5,Very fast delivery,2024-08-10 22:10:00
11666,19494,2486,12,188,1,Wrong order,2025-07-25 12:55:24
11667,19497,680,13,227,3,Not worth the price,2026-05-30 12:33:35
11668,19503,1007,19,250,5,Fresh food,2025-09-09 20:55:12
11669,19504,186,20,30,5,Fresh food,2026-04-02 17:49:21
11670,19506,525,12,229,2,Late delivery,2025-03-12 05:26:48
11671,19507,1384,8,51,5,Food was delicious,2026-02-05 02:26:57
11672,19509,584,18,51,2,Average experience,2025-05-28 22:24:52
11673,19510,22,20,207,5,Food was delicious,2024-07-18 15:24:41
11674,19511,2214,13,284,4,Very fast delivery,2025-03-17 07:17:56
11675,19512,1364,20,214,5,Amazing restaurant,2024-12-08 06:38:51
11676,19514,1366,12,244,4,Excellent service,2026-01-23 17:22:04
11677,19515,2330,20,235,5,Highly recommended,2026-04-09 23:08:49
11678,19518,1119,1,253,5,Amazing restaurant,2025-12-27 03:07:43
11679,19519,2805,1,150,5,Excellent service,2026-03-27 11:02:10
11680,19520,594,4,219,4,Perfect experience,2025-06-15 08:59:11
11681,19522,1484,2,288,3,Cold food,2025-10-20 05:25:08
11682,19525,2669,14,122,2,Average experience,2025-06-04 20:07:17
11683,19526,401,12,366,3,Average experience,2024-11-17 02:57:59
11684,19528,2472,11,123,5,Food was delicious,2025-03-30 03:32:56
11685,19530,85,6,375,4,Amazing restaurant,2025-10-18 16:30:03
11686,19531,1999,4,36,5,Food was delicious,2026-02-13 17:52:38
11687,19534,613,11,46,3,Late delivery,2026-01-16 17:02:03
11688,19535,2055,18,199,3,Late delivery,2025-06-18 23:36:52
11689,19537,711,14,382,5,Highly recommended,2025-08-23 05:00:20
11690,19540,1636,13,390,5,Food was delicious,2024-10-08 20:08:23
11691,19541,2877,2,17,5,Driver was polite,2024-10-01 17:55:41
11692,19542,1616,15,299,5,Excellent service,2026-07-06 07:00:05
11693,19544,2441,10,381,3,Not worth the price,2026-05-28 08:38:48
11694,19546,2939,9,387,3,Late delivery,2025-05-27 09:07:47
11695,19548,2996,6,317,5,Very fast delivery,2026-02-13 15:38:59
11696,19549,1415,11,346,3,Poor packaging,2025-09-26 20:08:20
11697,19550,762,4,65,4,Fresh food,2026-04-21 21:00:12
11698,19553,1118,4,101,5,Amazing restaurant,2024-09-19 03:40:39
11699,19554,1020,17,11,5,Amazing restaurant,2025-08-30 15:08:42
11700,19555,403,20,11,5,Fresh food,2025-01-05 09:53:46
11701,19556,275,12,229,4,Highly recommended,2024-11-22 02:03:50
11702,19557,1111,13,47,4,Driver was polite,2025-09-28 08:47:51
11703,19561,1778,20,269,4,Very fast delivery,2025-04-26 03:57:10
11704,19563,1766,9,341,4,Fresh food,2024-12-12 01:19:00
11705,19565,374,10,105,1,Late delivery,2026-04-05 17:28:39
11706,19567,983,4,79,4,Very fast delivery,2025-04-24 20:41:08
11707,19568,1965,20,35,3,Late delivery,2025-04-05 22:17:33
11708,19570,1620,8,289,5,Excellent service,2026-02-28 14:35:45
11709,19571,1685,19,289,1,Cold food,2025-05-11 16:57:44
11710,19572,2435,13,116,1,Food quality could be better,2025-06-08 14:01:34
11711,19576,1029,10,7,5,Very fast delivery,2024-08-19 10:43:14
11712,19577,1668,13,327,3,Poor packaging,2025-03-27 16:29:35
11713,19578,1342,15,319,3,Food quality could be better,2025-05-18 00:14:58
11714,19581,2267,9,120,4,Perfect experience,2026-05-07 23:26:48
11715,19582,2622,5,285,4,Amazing restaurant,2026-04-25 01:30:58
11716,19584,1064,18,320,2,Late delivery,2026-05-28 20:24:46
11717,19585,2053,11,346,5,Excellent service,2025-03-15 08:57:01
11718,19586,2330,17,206,4,Very fast delivery,2025-03-14 07:23:36
11719,19587,640,1,80,4,Excellent service,2024-12-08 22:34:00
11720,19588,2216,2,195,5,Fresh food,2025-11-29 04:46:54
11721,19589,1926,9,380,4,Perfect experience,2025-09-20 04:50:29
11722,19590,1401,20,47,2,Not worth the price,2025-04-30 13:35:30
11723,19591,19,2,306,5,Perfect experience,2025-09-13 12:56:39
11724,19592,2203,20,265,5,Excellent service,2024-07-17 04:39:17
11725,19593,459,13,310,4,Driver was polite,2024-09-28 06:31:19
11726,19600,2921,8,289,4,Very fast delivery,2025-04-28 07:17:34
11727,19603,904,20,213,1,Average experience,2025-01-28 17:34:22
11728,19605,1589,17,38,2,Driver was rude,2025-03-14 07:24:37
11729,19606,359,6,366,5,Excellent service,2025-10-17 18:02:36
11730,19608,1484,2,61,4,Driver was polite,2025-04-25 08:00:15
11731,19609,52,17,93,5,Food was delicious,2025-10-28 11:36:14
11732,19610,1582,20,372,4,Highly recommended,2025-03-10 22:22:00
11733,19611,1318,8,160,5,Very fast delivery,2025-03-17 12:54:10
11734,19613,1092,16,316,4,Amazing restaurant,2024-09-29 18:49:33
11735,19616,1608,2,242,5,Excellent service,2026-02-02 18:12:55
11736,19617,1749,4,369,4,Excellent service,2024-10-17 17:34:45
11737,19618,706,8,329,5,Fresh food,2025-12-08 16:39:44
11738,19619,2229,4,171,5,Food was delicious,2026-03-23 14:55:53
11739,19620,2806,17,345,4,Fresh food,2024-12-21 13:25:47
11740,19621,712,3,164,4,Food was delicious,2025-03-18 16:33:55
11741,19623,2658,5,145,5,Very fast delivery,2025-04-25 03:37:45
11742,19624,136,5,83,2,Food quality could be better,2025-05-12 00:16:33
11743,19627,35,12,356,3,Not worth the price,2025-06-11 02:35:07
11744,19630,1611,12,322,5,Fresh food,2024-10-25 19:46:27
11745,19631,1130,7,388,5,Amazing restaurant,2026-01-17 21:11:17
11746,19632,1261,17,127,1,Wrong order,2025-06-11 12:55:03
11747,19633,1533,19,290,5,Amazing restaurant,2026-03-03 21:11:00
11748,19634,2094,10,150,5,Perfect experience,2026-02-14 07:37:49
11749,19636,171,20,115,5,Very fast delivery,2026-04-16 15:11:42
11750,19638,2134,6,295,2,Driver was rude,2025-11-09 03:51:02
11751,19639,798,14,394,5,Food was delicious,2025-12-18 15:52:40
11752,19640,1611,15,263,5,Highly recommended,2026-03-18 21:54:19
11753,19642,1303,8,25,5,Driver was polite,2024-10-13 20:59:59
11754,19643,2495,5,153,5,Amazing restaurant,2025-10-06 12:48:01
11755,19644,1374,2,224,2,Late delivery,2025-12-27 11:05:37
11756,19645,1872,17,1,5,Food was delicious,2025-07-26 04:20:21
11757,19647,1429,10,36,5,Driver was polite,2026-01-26 15:41:22
11758,19648,2395,17,235,4,Excellent service,2025-12-18 07:31:06
11759,19649,1217,6,312,4,Driver was polite,2025-09-30 12:09:36
11760,19650,46,3,90,4,Driver was polite,2025-10-07 08:39:18
11761,19652,959,14,394,3,Late delivery,2024-08-26 12:02:45
11762,19653,1796,8,274,5,Very fast delivery,2024-11-02 00:55:18
11763,19654,2392,14,394,4,Perfect experience,2026-01-24 23:39:53
11764,19655,1912,1,83,5,Very fast delivery,2026-05-14 02:13:58
11765,19657,1587,3,7,3,Average experience,2025-04-15 10:00:52
11766,19661,2388,2,228,5,Very fast delivery,2025-09-20 16:22:17
11767,19665,1156,19,79,1,Poor packaging,2024-08-19 09:41:20
11768,19666,254,20,178,5,Fresh food,2024-09-09 06:43:56
11769,19667,1996,15,54,2,Poor packaging,2025-08-22 14:15:14
11770,19668,2714,12,18,5,Excellent service,2025-03-10 11:31:58
11771,19673,1178,20,50,4,Excellent service,2025-05-02 11:13:24
11772,19674,1246,6,356,4,Very fast delivery,2026-03-26 01:28:59
11773,19676,2106,17,185,5,Excellent service,2024-08-12 10:29:42
11774,19678,2000,18,343,4,Fresh food,2025-09-02 05:37:03
11775,19679,2521,10,326,4,Perfect experience,2024-12-31 08:37:10
11776,19681,2084,19,311,3,Poor packaging,2025-02-15 10:48:02
11777,19685,456,18,36,4,Excellent service,2024-11-11 19:10:11
11778,19686,939,17,239,5,Highly recommended,2025-06-03 08:43:08
11779,19689,2203,17,11,4,Very fast delivery,2024-07-24 13:21:21
11780,19690,590,3,365,3,Wrong order,2025-08-27 02:13:27
11781,19691,67,7,289,4,Driver was polite,2026-07-09 05:04:34
11782,19699,2171,17,1,3,Average experience,2026-04-17 13:25:40
11783,19700,1438,11,238,4,Amazing restaurant,2025-03-04 20:30:05
11784,19702,488,2,364,5,Highly recommended,2026-06-30 09:13:26
11785,19703,195,3,37,1,Driver was rude,2024-10-01 11:54:29
11786,19704,421,5,262,4,Perfect experience,2026-04-08 21:36:29
11787,19705,2257,15,202,4,Very fast delivery,2026-01-21 09:35:15
11788,19706,166,5,251,4,Fresh food,2025-08-29 03:55:56
11789,19707,686,2,17,5,Excellent service,2025-01-05 06:19:52
11790,19708,2930,19,251,3,Not worth the price,2025-03-30 10:40:40
11791,19709,2936,2,223,5,Food was delicious,2024-09-05 15:21:29
11792,19710,872,2,61,5,Very fast delivery,2026-05-05 19:49:17
11793,19713,1294,16,194,5,Food was delicious,2026-06-29 10:14:39
11794,19715,2925,8,250,5,Highly recommended,2024-12-05 07:47:28
11795,19718,2042,14,394,3,Late delivery,2024-08-04 07:00:24
11796,19719,1662,3,339,2,Food quality could be better,2025-06-28 10:52:14
11797,19720,2556,20,284,5,Very fast delivery,2025-10-08 01:51:34
11798,19725,1508,13,157,4,Very fast delivery,2025-02-10 09:13:51
11799,19730,1567,7,323,1,Food quality could be better,2025-04-02 00:23:13
11800,19732,1770,15,232,5,Very fast delivery,2025-02-16 03:22:41
11801,19734,2277,17,174,5,Fresh food,2024-09-16 19:15:27
11802,19735,1011,5,251,2,Not worth the price,2026-01-29 13:06:20
11803,19737,2,13,22,4,Very fast delivery,2024-09-27 15:38:20
11804,19738,145,3,24,4,Highly recommended,2026-06-09 23:16:39
11805,19739,1535,9,13,3,Late delivery,2025-02-10 19:14:08
11806,19740,2321,12,229,2,Food quality could be better,2026-01-20 22:32:59
11807,19741,410,4,286,3,Late delivery,2025-04-01 07:37:27
11808,19743,2016,15,299,3,Average experience,2026-03-09 07:20:11
11809,19744,2274,20,91,4,Food was delicious,2024-08-07 21:32:53
11810,19745,2566,2,195,5,Food was delicious,2025-12-19 02:27:20
11811,19747,176,13,49,5,Amazing restaurant,2024-07-22 06:18:25
11812,19748,1610,4,136,4,Amazing restaurant,2024-11-08 00:00:48
11813,19749,1353,1,21,1,Poor packaging,2025-10-20 01:03:38
11814,19751,1480,14,122,2,Average experience,2026-02-14 08:01:43
11815,19753,2912,7,369,4,Highly recommended,2025-05-30 13:56:34
11816,19754,1650,11,323,5,Perfect experience,2025-05-23 16:50:42
11817,19757,2827,13,125,3,Not worth the price,2025-08-12 13:43:21
11818,19762,1628,20,211,3,Cold food,2025-06-28 22:22:01
11819,19764,1773,8,160,5,Perfect experience,2024-10-13 23:58:15
11820,19765,583,2,98,5,Excellent service,2024-09-13 22:26:42
11821,19769,1996,12,356,4,Fresh food,2025-07-30 06:59:38
11822,19770,79,1,135,3,Wrong order,2025-05-15 08:42:15
11823,19771,977,1,243,4,Excellent service,2025-06-19 23:39:12
11824,19773,1191,1,126,5,Amazing restaurant,2025-02-27 00:34:44
11825,19774,1473,16,318,4,Fresh food,2024-08-25 01:59:59
11826,19775,2981,13,397,4,Excellent service,2024-08-19 23:24:17
11827,19776,2328,2,128,3,Average experience,2025-06-09 06:36:59
11828,19778,1309,20,38,5,Fresh food,2025-05-04 21:21:07
11829,19779,1892,1,103,5,Fresh food,2025-09-14 00:52:10
11830,19781,2165,20,172,5,Perfect experience,2025-11-20 16:22:04
11831,19784,2317,5,381,5,Amazing restaurant,2025-02-27 12:12:47
11832,19785,1760,13,91,4,Very fast delivery,2024-12-15 20:19:31
11833,19787,1129,13,47,4,Excellent service,2025-01-12 05:03:08
11834,19788,900,2,224,1,Driver was rude,2024-12-17 09:33:53
11835,19790,1551,13,355,3,Cold food,2025-07-20 00:29:23
11836,19791,2265,3,374,5,Food was delicious,2026-01-25 21:32:36
11837,19792,2240,13,22,4,Driver was polite,2025-07-06 14:15:01
11838,19794,395,9,318,3,Not worth the price,2025-07-08 21:21:05
11839,19795,2941,18,271,5,Driver was polite,2026-03-27 19:42:13
11840,19798,823,4,90,3,Average experience,2025-04-03 23:36:04
11841,19799,232,11,272,3,Cold food,2025-03-08 05:35:40
11842,19802,2806,17,207,5,Excellent service,2025-06-13 11:16:06
11843,19804,2813,15,48,5,Perfect experience,2025-01-21 18:31:31
11844,19805,1551,20,132,5,Highly recommended,2024-10-29 04:25:46
11845,19806,710,20,284,1,Driver was rude,2024-09-07 11:24:28
11846,19808,440,14,122,5,Food was delicious,2025-05-07 01:23:18
11847,19809,379,8,289,4,Perfect experience,2025-01-06 20:19:36
11848,19810,2908,10,28,4,Driver was polite,2025-03-31 02:40:39
11849,19817,2713,8,226,5,Excellent service,2024-10-07 03:10:57
11850,19819,1974,6,260,5,Driver was polite,2025-11-18 22:38:50
11851,19821,2844,17,355,4,Food was delicious,2026-02-04 18:14:11
11852,19822,109,13,245,3,Poor packaging,2025-05-06 05:33:53
11853,19824,284,17,169,5,Amazing restaurant,2024-10-29 08:54:41
11854,19825,2852,4,39,5,Highly recommended,2025-10-11 05:14:13
11855,19827,299,17,119,3,Food quality could be better,2026-06-21 19:04:06
11856,19828,129,15,59,2,Cold food,2024-12-05 00:16:02
11857,19831,336,11,149,3,Driver was rude,2025-06-17 13:04:24
11858,19832,2820,8,381,5,Amazing restaurant,2025-02-26 18:24:43
11859,19834,2644,17,182,4,Food was delicious,2026-05-02 17:54:57
11860,19835,133,6,263,5,Fresh food,2025-05-12 19:22:37
11861,19836,1460,12,319,5,Food was delicious,2024-11-16 17:23:29
11862,19838,992,4,160,5,Fresh food,2024-11-14 08:52:05
11863,19840,248,9,191,5,Driver was polite,2026-02-19 19:59:47
11864,19841,727,7,152,3,Average experience,2025-07-12 18:55:57
11865,19845,455,8,25,1,Late delivery,2025-01-19 08:55:47
11866,19850,149,10,101,5,Fresh food,2026-06-12 03:43:48
11867,19851,1509,8,168,2,Late delivery,2025-05-10 16:28:28
11868,19852,423,18,246,5,Driver was polite,2025-09-14 00:46:34
11869,19853,1926,16,392,3,Late delivery,2025-05-07 12:32:05
11870,19860,1366,6,244,2,Not worth the price,2024-07-25 09:48:07
11871,19861,97,4,46,4,Driver was polite,2026-02-12 12:06:55
11872,19862,875,4,96,5,Fresh food,2025-03-31 18:41:58
11873,19863,2330,13,22,3,Wrong order,2024-12-20 07:51:16
11874,19866,428,9,72,1,Poor packaging,2024-11-24 19:12:00
11875,19870,1941,2,128,5,Highly recommended,2025-03-23 19:39:53
11876,19871,974,17,303,5,Fresh food,2025-09-23 11:53:54
11877,19872,2901,3,243,4,Perfect experience,2025-05-27 08:26:22
11878,19873,1951,8,101,4,Perfect experience,2024-09-25 16:14:01
11879,19874,154,9,353,4,Very fast delivery,2025-05-28 03:39:59
11880,19875,2013,6,383,5,Very fast delivery,2024-08-31 16:14:03
11881,19878,2918,15,229,3,Not worth the price,2026-02-19 10:51:31
11882,19880,2912,11,335,4,Fresh food,2025-03-19 18:22:39
11883,19881,960,17,227,3,Average experience,2025-12-21 00:05:47
11884,19882,1255,18,8,5,Excellent service,2026-03-17 09:52:11
11885,19883,2481,2,195,5,Food was delicious,2026-06-29 05:17:44
11886,19884,2918,15,282,5,Food was delicious,2024-12-29 19:33:22
11887,19885,2640,16,353,3,Driver was rude,2026-07-12 20:55:38
11888,19887,246,15,244,5,Highly recommended,2025-05-08 21:01:15
11889,19888,524,9,32,4,Food was delicious,2025-06-11 14:22:51
11890,19891,731,20,47,4,Driver was polite,2026-01-09 18:09:08
11891,19892,1528,19,168,5,Food was delicious,2026-01-20 16:07:00
11892,19893,1973,2,255,4,Fresh food,2026-07-02 01:15:01
11893,19894,1399,6,59,5,Driver was polite,2024-09-29 18:25:43
11894,19897,1780,6,85,3,Wrong order,2024-08-05 22:00:44
11895,19898,46,18,230,5,Highly recommended,2026-06-26 03:30:33
11896,19899,1669,1,339,4,Food was delicious,2024-07-16 11:30:42
11897,19900,873,15,19,5,Driver was polite,2025-06-21 22:41:08
11898,19904,2361,9,107,5,Driver was polite,2025-12-12 15:16:40
11899,19907,1829,17,133,5,Perfect experience,2026-07-12 12:15:19
11900,19908,1265,11,126,5,Amazing restaurant,2025-08-04 10:29:04
11901,19914,1803,7,16,4,Very fast delivery,2025-08-31 20:05:54
11902,19916,898,12,282,5,Amazing restaurant,2025-01-02 01:51:12
11903,19918,1038,13,185,4,Food was delicious,2026-07-07 21:39:03
11904,19919,735,5,74,4,Driver was polite,2025-04-02 00:32:37
11905,19920,648,4,209,4,Very fast delivery,2025-10-04 03:00:02
11906,19922,2667,3,79,5,Perfect experience,2024-12-05 14:24:17
11907,19923,1870,12,229,4,Excellent service,2025-07-11 22:58:33
11908,19927,346,13,15,4,Perfect experience,2024-12-16 16:45:52
11909,19928,1253,4,281,4,Perfect experience,2025-07-03 16:08:40
11910,19929,2523,12,188,5,Food was delicious,2024-09-05 06:28:39
11911,19932,1783,9,318,5,Highly recommended,2025-05-28 08:45:07
11912,19933,2722,1,95,5,Fresh food,2025-07-06 01:23:30
11913,19934,1163,11,246,5,Highly recommended,2025-04-19 15:49:20
11914,19936,93,16,13,5,Perfect experience,2026-02-23 02:03:13
11915,19937,1321,3,145,5,Highly recommended,2024-07-21 00:15:43
11916,19939,1843,17,345,3,Late delivery,2025-08-06 20:24:31
11917,19940,388,8,362,4,Fresh food,2025-11-11 11:43:24
11918,19941,1433,18,95,4,Very fast delivery,2025-02-27 14:28:30
11919,19945,2828,2,181,5,Excellent service,2025-10-04 11:45:02
11920,19947,1731,18,136,4,Food was delicious,2025-05-17 10:06:30
11921,19948,2381,6,146,5,Fresh food,2026-01-09 09:49:17
11922,19950,1943,11,285,5,Perfect experience,2024-08-28 21:11:14
11923,19951,2871,15,85,5,Excellent service,2026-02-04 14:16:29
11924,19953,2574,17,184,5,Excellent service,2025-10-17 07:10:26
11925,19954,2750,20,211,4,Amazing restaurant,2025-04-05 22:26:36
11926,19955,1592,18,84,5,Fresh food,2024-10-09 17:43:57
11927,19956,1338,8,145,5,Very fast delivery,2026-05-26 23:04:37
11928,19958,1829,20,47,4,Fresh food,2025-03-15 21:35:36
11929,19959,2003,4,320,5,Very fast delivery,2024-10-01 13:57:32
11930,19960,120,16,32,3,Wrong order,2025-06-03 10:22:22
11931,19962,1687,8,130,2,Late delivery,2025-06-12 12:06:26
11932,19963,710,20,213,1,Late delivery,2024-09-11 00:11:28
11933,19965,2766,15,142,5,Perfect experience,2026-01-16 00:34:52
11934,19967,1648,7,334,4,Very fast delivery,2025-12-20 13:11:32
11935,19968,256,13,227,4,Excellent service,2025-08-06 06:04:22
11936,19969,779,16,353,4,Driver was polite,2026-05-02 03:51:01
11937,19971,2284,3,90,5,Highly recommended,2025-06-11 20:35:52
11938,19972,2959,20,284,5,Driver was polite,2025-05-08 18:43:33
11939,19973,2109,3,209,5,Perfect experience,2025-06-20 16:51:47
11940,19974,93,16,196,2,Poor packaging,2025-02-11 01:21:05
11941,19977,1986,7,46,5,Driver was polite,2025-06-13 01:56:24
11942,19978,2035,18,21,5,Very fast delivery,2026-05-18 14:29:21
11943,19979,2035,11,90,4,Amazing restaurant,2026-06-15 13:38:06
11944,19980,1933,8,329,5,Fresh food,2025-03-16 20:10:40
11945,19981,745,20,93,2,Food quality could be better,2025-10-07 22:39:17
11946,19983,65,4,250,5,Very fast delivery,2025-03-08 20:29:09
11947,19986,1265,18,289,2,Food quality could be better,2024-09-10 13:37:37
11948,19987,1356,19,381,5,Very fast delivery,2024-09-26 16:19:55
11949,19988,2720,2,306,4,Food was delicious,2025-02-18 21:15:42
11950,19991,33,6,283,4,Fresh food,2024-08-20 05:00:46
11951,19993,1763,15,315,5,Fresh food,2024-08-06 11:45:11
11952,19994,1764,10,29,5,Very fast delivery,2025-07-13 09:37:21
11953,19996,2213,20,115,4,Amazing restaurant,2025-01-29 22:23:29
11954,19997,8,6,312,5,Highly recommended,2026-01-10 13:31:53
11955,20000,78,3,266,3,Cold food,2024-08-05 13:17:40
11956,20006,1763,12,283,3,Wrong order,2024-11-23 23:07:33
11957,20007,153,7,350,5,Perfect experience,2025-10-11 19:06:02
11958,20008,2646,2,128,5,Perfect experience,2025-09-19 19:11:57
11959,20009,1294,16,380,4,Food was delicious,2025-04-22 08:19:20
11960,20010,2094,7,204,2,Not worth the price,2025-06-08 17:28:08
11961,20012,819,11,179,2,Not worth the price,2024-08-03 23:43:23
11962,20013,1815,4,329,4,Fresh food,2024-08-15 00:44:37
11963,20014,2017,2,173,4,Driver was polite,2025-09-22 05:35:33
11964,20016,853,13,245,5,Very fast delivery,2026-06-09 17:48:10
11965,20017,1165,12,87,5,Amazing restaurant,2026-01-15 03:42:54
11966,20019,1255,7,369,5,Driver was polite,2025-02-20 12:06:38
11967,20020,1509,10,250,4,Excellent service,2024-07-26 09:54:41
11968,20021,2081,1,290,2,Average experience,2026-07-07 05:56:48
11969,20022,565,16,32,5,Amazing restaurant,2025-01-25 01:48:34
11970,20024,130,13,35,5,Driver was polite,2025-11-13 22:48:47
11971,20027,1042,2,224,5,Perfect experience,2024-09-27 15:41:29
11972,20028,1854,2,296,5,Food was delicious,2025-01-12 12:40:57
11973,20029,609,5,183,5,Amazing restaurant,2024-08-08 08:39:59
11974,20031,2755,17,214,4,Highly recommended,2024-07-30 07:35:12
11975,20032,298,20,133,1,Food quality could be better,2025-09-02 01:01:54
11976,20033,1278,4,346,3,Average experience,2024-11-23 14:04:09
11977,20034,932,3,36,2,Cold food,2025-03-11 01:12:05
11978,20035,224,6,142,5,Perfect experience,2024-12-24 11:12:33
11979,20037,2254,14,382,3,Cold food,2025-05-12 12:11:23
11980,20038,97,1,391,5,Very fast delivery,2025-11-02 12:50:14
11981,20039,2045,12,330,4,Perfect experience,2026-03-18 19:36:45
11982,20040,1928,5,51,3,Cold food,2025-04-08 16:08:13
11983,20042,171,13,227,2,Average experience,2025-02-26 06:53:18
11984,20043,673,8,250,4,Fresh food,2025-05-29 08:45:37
11985,20044,563,5,153,5,Very fast delivery,2025-04-26 21:24:22
11986,20046,55,13,116,3,Wrong order,2025-05-02 19:35:32
11987,20047,50,20,102,5,Perfect experience,2024-08-28 18:06:49
11988,20048,736,19,391,5,Fresh food,2025-06-08 23:43:08
11989,20049,1401,20,235,5,Amazing restaurant,2026-03-17 04:53:30
11990,20050,674,13,206,5,Perfect experience,2025-02-18 08:25:21
11991,20051,2104,13,245,5,Excellent service,2026-06-25 01:58:31
11992,20052,1730,6,3,4,Perfect experience,2026-06-22 17:29:36
11993,20053,704,11,314,5,Very fast delivery,2024-08-16 18:48:51
11994,20056,1135,12,244,5,Very fast delivery,2026-03-09 17:51:18
11995,20057,1631,4,164,3,Driver was rude,2025-05-26 16:32:37
11996,20059,1896,5,39,5,Fresh food,2024-08-16 18:50:47
11997,20060,1960,18,137,5,Highly recommended,2025-12-13 16:03:59
11998,20061,619,12,81,5,Very fast delivery,2026-01-02 02:05:02
11999,20062,824,9,13,4,Amazing restaurant,2026-05-08 05:28:28
12000,20063,2616,1,166,2,Food quality could be better,2025-05-28 07:23:11
12001,20064,1457,11,80,5,Fresh food,2025-05-01 04:08:07
12002,20066,1977,13,174,5,Food was delicious,2025-12-10 20:42:19
12003,20067,2412,7,113,3,Late delivery,2025-12-07 03:37:17
12004,20068,2283,2,195,5,Highly recommended,2025-11-22 08:24:22
12005,20073,988,6,299,5,Perfect experience,2024-08-22 18:55:58
12006,20075,666,1,262,3,Food quality could be better,2025-03-16 02:37:47
12007,20077,242,16,194,1,Not worth the price,2024-08-21 19:05:32
12008,20080,2415,12,180,5,Excellent service,2025-09-25 18:32:31
12009,20081,1911,2,306,5,Driver was polite,2024-08-22 08:54:54
12010,20082,2965,19,171,5,Amazing restaurant,2024-11-11 22:27:04
12011,20084,1563,2,98,4,Food was delicious,2025-08-25 04:15:26
12012,20085,2514,19,320,5,Fresh food,2024-11-15 22:30:17
12013,20086,1256,15,142,1,Food quality could be better,2026-02-08 16:55:00
12014,20088,666,3,158,5,Highly recommended,2025-10-06 06:55:08
12015,20093,75,2,294,5,Perfect experience,2024-12-12 19:09:50
12016,20096,1672,15,282,5,Fresh food,2026-03-14 09:42:27
12017,20097,1552,2,92,5,Excellent service,2025-10-08 07:05:08
12018,20099,239,11,238,4,Perfect experience,2025-01-23 14:46:26
12019,20103,462,9,302,5,Perfect experience,2025-04-19 01:36:45
12020,20104,2491,3,262,4,Excellent service,2024-10-11 15:08:13
12021,20105,2771,1,79,4,Amazing restaurant,2025-10-23 23:25:02
12022,20107,2173,16,111,4,Highly recommended,2024-07-27 16:38:48
12023,20108,2940,2,195,2,Driver was rude,2025-10-09 08:01:05
12024,20109,2004,19,126,5,Excellent service,2025-09-10 04:33:46
12025,20110,463,14,394,3,Not worth the price,2024-12-21 13:44:13
12026,20111,2623,6,295,3,Not worth the price,2025-08-17 13:54:25
12027,20115,2491,4,84,3,Food quality could be better,2025-07-04 18:46:52
12028,20116,2518,2,57,4,Amazing restaurant,2025-07-17 21:59:48
12029,20117,595,9,72,4,Food was delicious,2025-12-06 00:25:38
12030,20119,2678,2,242,4,Fresh food,2024-09-12 09:41:38
12031,20120,2118,2,110,4,Driver was polite,2025-12-18 05:44:50
12032,20121,1391,6,383,4,Driver was polite,2026-05-15 19:29:44
12033,20122,926,6,85,5,Amazing restaurant,2025-11-01 11:21:49
12034,20123,601,6,263,3,Late delivery,2024-10-13 04:04:40
12035,20124,2105,9,352,5,Excellent service,2026-06-13 05:00:01
12036,20126,2615,12,146,2,Cold food,2026-02-27 22:03:51
12037,20127,946,16,120,5,Perfect experience,2025-09-11 13:41:14
12038,20129,1345,2,61,3,Wrong order,2025-09-15 13:24:19
12039,20131,2235,8,46,4,Very fast delivery,2026-05-14 21:08:25
12040,20133,69,18,105,2,Average experience,2024-12-22 07:28:16
12041,20134,378,3,250,3,Average experience,2025-07-29 22:15:56
12042,20135,2434,9,387,5,Very fast delivery,2025-08-09 02:34:51
12043,20136,2140,6,87,3,Average experience,2024-08-07 00:18:15
12044,20137,176,20,97,4,Food was delicious,2026-05-08 07:30:07
12045,20138,386,17,132,4,Amazing restaurant,2026-06-24 15:57:56
12046,20140,1114,2,288,4,Excellent service,2024-10-09 09:39:39
12047,20141,2161,9,12,4,Very fast delivery,2026-04-14 02:55:46
12048,20142,2166,18,358,2,Average experience,2025-05-03 12:06:15
12049,20144,2438,3,358,4,Highly recommended,2026-05-07 13:37:24
12050,20147,2501,2,94,5,Food was delicious,2025-05-22 21:37:51
12051,20148,2488,2,110,4,Perfect experience,2024-09-05 05:46:30
12052,20149,1441,13,124,5,Food was delicious,2024-08-13 07:41:36
12053,20150,1611,6,231,4,Amazing restaurant,2025-09-20 15:38:32
12054,20151,717,7,252,4,Perfect experience,2025-06-06 15:19:21
12055,20152,2147,8,333,2,Average experience,2025-07-04 18:58:54
12056,20154,765,13,259,3,Cold food,2025-08-30 01:36:31
12057,20156,1598,12,41,3,Wrong order,2024-11-05 11:41:28
12058,20157,2828,2,66,5,Fresh food,2024-12-31 11:10:06
12059,20158,415,17,327,5,Fresh food,2025-09-16 20:51:05
12060,20159,2899,20,169,5,Very fast delivery,2026-01-29 13:32:53
12061,20161,838,20,151,1,Food quality could be better,2024-12-01 19:22:59
12062,20164,131,2,294,4,Fresh food,2026-02-20 13:34:55
12063,20165,1466,19,83,5,Amazing restaurant,2026-03-20 09:14:05
12064,20168,698,1,129,5,Fresh food,2024-08-28 08:26:15
12065,20169,2265,7,39,5,Perfect experience,2025-12-26 11:34:56
12066,20170,1747,13,207,5,Excellent service,2026-03-06 14:01:34
12067,20171,1142,9,13,5,Driver was polite,2024-11-05 06:29:48
12068,20172,2128,10,349,5,Driver was polite,2025-09-27 03:49:24
12069,20174,981,20,227,5,Excellent service,2026-02-28 19:17:31
12070,20176,2346,16,341,3,Average experience,2025-02-22 22:45:42
12071,20178,2699,6,109,5,Fresh food,2026-03-18 13:35:52
12072,20179,1058,8,339,3,Not worth the price,2025-02-05 17:33:03
12073,20180,2814,16,107,4,Very fast delivery,2025-01-12 15:47:33
12074,20182,1831,19,79,5,Excellent service,2026-01-21 16:34:34
12075,20183,432,7,24,5,Perfect experience,2025-08-12 19:14:03
12076,20185,2707,16,196,5,Perfect experience,2025-09-20 09:11:52
12077,20187,1613,20,133,5,Food was delicious,2026-02-15 05:50:16
12078,20188,942,13,114,3,Late delivery,2024-08-02 07:25:11
12079,20190,2543,14,122,5,Highly recommended,2026-03-10 21:22:08
12080,20191,477,8,101,2,Driver was rude,2025-04-15 10:53:13
12081,20192,1880,2,242,3,Food quality could be better,2026-03-09 20:30:20
12082,20193,6,2,92,5,Food was delicious,2026-04-29 09:03:27
12083,20195,4,7,7,5,Food was delicious,2024-12-21 13:38:34
12084,20197,1288,2,305,5,Driver was polite,2024-11-03 15:15:56
12085,20198,387,18,251,5,Highly recommended,2024-08-05 12:36:36
12086,20200,2742,17,256,2,Wrong order,2025-03-02 08:56:57
12087,20201,1786,15,383,2,Late delivery,2025-08-07 17:25:26
12088,20204,2797,18,129,3,Late delivery,2025-05-09 01:07:11
12089,20208,343,13,206,4,Driver was polite,2026-07-13 09:41:52
12090,20209,297,3,24,5,Driver was polite,2025-07-02 01:56:59
12091,20211,2146,13,182,5,Food was delicious,2024-10-24 11:16:09
12092,20214,2626,17,86,5,Amazing restaurant,2024-07-25 00:08:28
12093,20215,253,7,285,5,Highly recommended,2026-03-14 12:51:39
12094,20216,2566,2,173,4,Fresh food,2026-05-09 23:42:56
12095,20218,2311,13,313,4,Excellent service,2025-01-31 08:24:32
12096,20219,465,7,126,3,Late delivery,2025-02-18 16:07:14
12097,20222,492,17,106,4,Driver was polite,2025-06-30 10:42:51
12098,20223,2633,20,116,4,Perfect experience,2025-11-08 22:37:25
12099,20225,2355,11,314,2,Not worth the price,2025-01-28 18:54:22
12100,20227,1419,20,313,5,Amazing restaurant,2025-02-16 14:31:17
12101,20228,1727,16,316,4,Excellent service,2026-01-05 13:58:14
12102,20229,1095,7,243,3,Late delivery,2025-06-07 03:42:07
12103,20230,2876,13,309,3,Not worth the price,2025-02-11 14:16:42
12104,20231,66,7,274,3,Driver was rude,2026-05-16 10:43:47
12105,20235,1700,17,125,5,Perfect experience,2026-02-18 08:09:18
12106,20236,1030,12,312,4,Amazing restaurant,2025-04-19 07:56:12
12107,20237,2144,18,46,5,Driver was polite,2026-02-11 16:49:19
12108,20238,372,18,320,3,Late delivery,2026-04-09 22:11:14
12109,20239,828,13,185,4,Highly recommended,2025-02-09 19:53:03
12110,20240,1342,6,324,5,Food was delicious,2026-01-28 00:14:47
12111,20241,2288,1,266,3,Wrong order,2025-04-02 08:37:37
12112,20242,1838,9,316,3,Driver was rude,2024-10-10 21:57:45
12113,20243,2972,19,350,3,Cold food,2026-03-13 19:45:15
12114,20244,2277,17,15,4,Excellent service,2025-03-09 20:12:48
12115,20245,1787,5,349,1,Average experience,2025-03-10 18:10:16
12116,20247,2790,15,231,5,Food was delicious,2024-12-23 00:52:06
12117,20251,928,2,92,3,Food quality could be better,2026-07-07 04:34:32
12118,20254,1660,11,314,5,Driver was polite,2025-08-03 03:06:54
12119,20255,2525,2,92,4,Perfect experience,2025-07-26 04:42:40
12120,20256,1437,20,390,1,Wrong order,2025-07-27 23:58:57
12121,20261,299,17,218,5,Very fast delivery,2024-12-10 12:49:32
12122,20262,516,7,105,1,Average experience,2026-04-15 16:05:19
12123,20263,2992,6,330,5,Food was delicious,2024-10-25 23:55:51
12124,20264,245,20,172,5,Highly recommended,2024-09-24 05:12:14
12125,20266,1417,7,266,4,Driver was polite,2024-11-09 10:05:21
12126,20267,322,15,159,4,Excellent service,2026-01-25 05:18:50
12127,20269,495,6,180,2,Not worth the price,2024-08-15 00:39:06
12128,20272,301,12,368,5,Fresh food,2026-04-03 09:20:02
12129,20273,2670,14,382,3,Food quality could be better,2025-03-15 20:31:01
12130,20275,1806,7,261,3,Cold food,2024-12-29 08:53:29
12131,20277,2738,5,179,5,Highly recommended,2025-03-13 04:20:50
12132,20278,827,4,362,3,Food quality could be better,2026-07-10 06:14:14
12133,20279,1881,15,295,4,Excellent service,2025-01-31 13:39:31
12134,20280,11,12,359,5,Amazing restaurant,2024-09-14 01:27:20
12135,20282,1413,17,114,5,Very fast delivery,2025-10-24 15:42:56
12136,20283,1083,12,146,3,Driver was rude,2025-09-04 09:12:40
12137,20284,1351,14,122,4,Excellent service,2024-07-23 06:04:49
12138,20285,2279,4,323,5,Highly recommended,2024-08-18 23:50:16
12139,20286,152,4,243,3,Average experience,2026-04-28 15:01:24
12140,20288,714,18,238,4,Amazing restaurant,2024-08-11 00:13:15
12141,20290,1816,17,11,4,Very fast delivery,2025-09-07 18:06:31
12142,20292,2323,2,288,1,Average experience,2026-05-04 16:58:22
12143,20293,2376,1,158,4,Food was delicious,2025-11-26 05:01:13
12144,20296,2821,14,122,5,Perfect experience,2025-07-11 07:40:59
12145,20297,1720,3,103,3,Poor packaging,2026-02-23 00:07:41
12146,20298,100,4,23,5,Highly recommended,2025-01-06 11:54:07
12147,20299,2986,11,28,4,Perfect experience,2026-01-26 11:29:38
12148,20300,675,14,382,3,Average experience,2025-12-29 20:34:07
12149,20301,2206,17,22,4,Excellent service,2024-08-26 22:51:54
12150,20302,1844,18,251,3,Poor packaging,2025-02-21 21:17:27
12151,20304,344,19,153,5,Food was delicious,2026-05-03 12:33:12
12152,20306,349,3,323,5,Food was delicious,2026-02-12 10:03:53
12153,20307,378,3,7,4,Excellent service,2026-02-06 00:03:27
12154,20309,1937,13,121,5,Amazing restaurant,2026-01-25 14:08:45
12155,20311,1150,10,36,5,Excellent service,2026-03-18 06:39:10
12156,20312,396,5,374,5,Excellent service,2025-08-28 22:49:36
12157,20316,2840,20,2,2,Driver was rude,2026-07-01 22:48:20
12158,20317,273,16,353,5,Amazing restaurant,2025-05-02 16:34:35
12159,20318,1753,3,42,5,Amazing restaurant,2026-04-13 08:32:46
12160,20319,1453,5,80,2,Late delivery,2026-03-29 17:32:06
12161,20320,2188,4,36,4,Fresh food,2025-02-07 05:57:51
12162,20322,1443,18,367,5,Fresh food,2025-07-14 19:52:42
12163,20323,1171,15,248,5,Very fast delivery,2026-02-01 21:42:22
12164,20325,2642,16,12,2,Not worth the price,2025-08-21 03:40:51
12165,20326,2270,9,120,3,Food quality could be better,2025-01-23 16:02:13
12166,20327,1306,18,243,4,Amazing restaurant,2025-05-01 09:02:51
12167,20328,2899,17,77,5,Driver was polite,2025-10-16 09:42:35
12168,20329,2806,17,206,5,Fresh food,2024-08-20 16:14:31
12169,20331,653,17,245,5,Very fast delivery,2025-08-30 23:19:01
12170,20332,1511,15,299,3,Food quality could be better,2026-02-10 11:39:07
12171,20334,1937,17,351,4,Fresh food,2025-04-02 12:07:22
12172,20337,1965,20,2,4,Fresh food,2026-05-28 18:14:13
12173,20339,602,12,315,4,Highly recommended,2025-05-11 17:31:15
12174,20340,1129,20,309,4,Fresh food,2025-07-29 06:38:40
12175,20341,866,1,325,4,Fresh food,2026-07-07 10:13:52
12176,20342,94,7,158,3,Not worth the price,2026-07-11 17:23:44
12177,20343,2923,9,387,5,Fresh food,2024-12-09 07:17:32
12178,20344,667,19,226,5,Fresh food,2025-10-23 07:30:42
12179,20346,2885,12,146,1,Poor packaging,2025-01-08 10:15:03
12180,20349,553,12,359,5,Food was delicious,2025-01-05 04:51:42
12181,20350,2240,17,114,4,Fresh food,2025-06-11 19:24:29
12182,20351,1610,18,272,3,Food quality could be better,2025-01-03 21:04:48
12183,20353,725,18,365,4,Perfect experience,2025-02-24 14:26:59
12184,20356,1753,10,400,3,Food quality could be better,2025-06-10 07:49:42
12185,20357,2589,8,25,5,Driver was polite,2024-08-08 11:28:16
12186,20360,1417,18,272,4,Excellent service,2025-08-18 20:50:19
12187,20365,2444,6,328,5,Highly recommended,2025-04-15 07:54:57
12188,20369,638,13,35,4,Highly recommended,2025-10-21 06:13:59
12189,20370,826,17,345,3,Food quality could be better,2026-02-23 06:27:32
12190,20376,2891,2,173,5,Driver was polite,2025-09-07 21:52:13
12191,20378,1788,18,339,5,Highly recommended,2025-11-22 08:25:07
12192,20379,1185,6,232,5,Excellent service,2024-09-10 21:45:57
12193,20380,220,2,53,3,Poor packaging,2025-07-09 03:42:31
12194,20381,2329,18,365,5,Driver was polite,2026-07-05 09:08:18
12195,20382,1285,20,351,5,Excellent service,2026-05-08 02:12:18
12196,20384,366,19,334,4,Food was delicious,2024-09-03 17:42:09
12197,20385,1778,17,206,3,Not worth the price,2024-08-31 15:45:28
12198,20386,2359,2,228,3,Not worth the price,2024-09-09 14:40:01
12199,20387,1365,10,257,5,Amazing restaurant,2026-04-28 10:19:54
12200,20388,2060,13,313,4,Very fast delivery,2026-06-25 09:29:40
12201,20390,1800,20,115,5,Very fast delivery,2024-08-31 09:13:55
12202,20391,2312,9,392,5,Fresh food,2024-11-27 15:01:04
12203,20392,864,2,61,5,Highly recommended,2026-02-12 08:39:52
12204,20393,2226,2,92,4,Very fast delivery,2026-06-27 14:30:43
12205,20395,737,1,201,5,Food was delicious,2024-10-07 15:33:08
12206,20397,1666,6,383,5,Highly recommended,2025-04-19 11:03:15
12207,20398,884,10,65,5,Highly recommended,2025-01-28 17:50:03
12208,20402,1071,3,349,5,Very fast delivery,2025-07-10 01:11:40
12209,20403,2831,6,48,3,Average experience,2024-10-10 04:57:37
12210,20404,2543,14,122,4,Highly recommended,2025-11-27 06:58:28
12211,20405,1463,19,246,3,Poor packaging,2024-09-07 20:52:00
12212,20407,2774,16,120,4,Highly recommended,2024-11-06 17:14:43
12213,20408,1850,11,360,3,Late delivery,2025-01-31 12:21:23
12214,20409,869,12,18,5,Very fast delivery,2025-11-12 18:14:14
12215,20411,1828,15,244,3,Driver was rude,2025-09-23 15:42:57
12216,20413,2533,14,394,3,Driver was rude,2025-03-22 09:30:02
12217,20414,563,18,266,5,Perfect experience,2026-04-05 22:36:14
12218,20415,852,17,174,5,Very fast delivery,2026-02-02 15:43:31
12219,20416,1914,12,231,4,Highly recommended,2026-01-04 11:20:49
12220,20417,1173,19,46,4,Perfect experience,2024-10-01 10:39:03
12221,20420,1426,20,102,3,Poor packaging,2025-05-25 20:30:32
12222,20421,856,2,224,5,Highly recommended,2025-02-04 21:21:21
12223,20422,1896,3,80,5,Very fast delivery,2026-06-19 20:20:37
12224,20423,1159,2,175,5,Highly recommended,2025-10-28 17:56:27
12225,20424,1288,2,128,5,Excellent service,2025-08-06 03:30:49
12226,20427,2863,2,224,5,Food was delicious,2025-01-29 08:38:13
12227,20429,1656,2,288,4,Perfect experience,2026-03-11 10:48:22
12228,20430,2103,17,218,5,Fresh food,2026-06-13 02:11:00
12229,20431,519,10,290,3,Wrong order,2026-05-22 14:02:54
12230,20432,1432,15,248,4,Excellent service,2025-05-28 10:59:38
12231,20433,2360,15,229,4,Food was delicious,2024-09-04 07:12:59
12232,20435,332,12,337,5,Excellent service,2025-04-01 12:43:06
12233,20436,1209,18,36,4,Amazing restaurant,2025-07-04 02:00:33
12234,20440,2635,1,137,5,Highly recommended,2025-12-15 07:52:11
12235,20444,2174,19,24,2,Cold food,2025-12-08 21:36:22
12236,20446,504,2,364,5,Excellent service,2025-12-11 22:40:59
12237,20447,718,2,110,3,Late delivery,2025-12-03 12:04:26
12238,20448,1433,7,238,5,Amazing restaurant,2025-10-22 04:06:10
12239,20449,1664,7,31,5,Perfect experience,2026-05-30 13:08:57
12240,20450,2283,2,92,4,Food was delicious,2026-01-25 16:23:11
12241,20452,2979,7,230,5,Very fast delivery,2025-06-18 04:46:01
12242,20453,1445,10,400,5,Amazing restaurant,2024-11-22 17:51:39
12243,20454,73,2,296,4,Excellent service,2025-04-25 06:51:58
12244,20455,581,13,190,5,Highly recommended,2025-10-08 21:58:13
12245,20457,2810,20,309,5,Highly recommended,2025-12-14 16:57:40
12246,20458,1872,13,213,4,Amazing restaurant,2025-06-05 20:31:00
12247,20460,2293,17,77,3,Poor packaging,2025-10-22 17:44:07
12248,20461,2435,13,178,2,Poor packaging,2025-07-27 05:21:36
12249,20463,349,3,46,5,Fresh food,2026-03-31 07:02:55
12250,20464,91,15,231,5,Driver was polite,2026-06-08 15:09:12
12251,20465,773,15,189,4,Fresh food,2024-12-27 07:15:06
12252,20468,874,11,118,3,Average experience,2025-09-23 10:39:42
12253,20472,2820,3,158,5,Amazing restaurant,2026-03-24 10:02:50
12254,20474,99,6,202,4,Food was delicious,2026-03-06 16:13:03
12255,20475,412,13,121,3,Cold food,2025-02-26 05:31:48
12256,20480,1918,20,206,4,Perfect experience,2025-09-04 12:35:54
12257,20481,1106,17,213,4,Fresh food,2026-06-05 06:41:53
12258,20482,2403,13,1,4,Very fast delivery,2026-03-16 13:56:19
12259,20484,2455,9,387,5,Excellent service,2025-03-03 09:28:55
12260,20485,585,11,386,5,Highly recommended,2026-01-04 09:01:01
12261,20486,2504,16,107,5,Highly recommended,2024-12-17 03:55:44
12262,20487,1752,15,54,2,Average experience,2025-02-05 21:34:28
12263,20488,1435,15,324,4,Driver was polite,2025-06-08 12:05:49
12264,20489,1784,3,150,3,Cold food,2026-05-10 00:14:33
12265,20490,2925,10,350,1,Not worth the price,2025-12-20 23:28:34
12266,20491,1954,2,223,4,Fresh food,2026-03-13 23:07:10
12267,20492,2042,14,382,4,Excellent service,2026-05-09 04:45:48
12268,20493,1583,19,339,3,Poor packaging,2024-08-16 11:41:27
12269,20495,26,18,37,5,Excellent service,2025-09-22 12:54:49
12270,20498,2530,12,368,4,Food was delicious,2024-10-08 09:35:17
12271,20499,1471,17,351,3,Late delivery,2025-08-06 02:59:36
12272,20501,849,20,284,4,Amazing restaurant,2025-10-18 12:22:55
12273,20502,369,2,94,4,Food was delicious,2026-05-17 18:54:02
12274,20503,1633,5,346,4,Excellent service,2024-12-08 01:48:30
12275,20507,583,2,173,3,Poor packaging,2025-07-31 10:49:55
12276,20509,1626,20,162,3,Cold food,2025-11-05 02:58:41
12277,20511,2361,16,352,4,Very fast delivery,2026-01-10 18:39:52
12278,20513,2444,12,202,4,Amazing restaurant,2025-11-10 18:43:51
12279,20514,2840,13,10,4,Excellent service,2025-10-19 23:11:17
12280,20515,1006,20,47,4,Driver was polite,2025-06-04 06:03:56
12281,20516,1946,8,161,5,Food was delicious,2025-04-18 08:13:59
12282,20517,766,18,238,4,Amazing restaurant,2025-02-17 07:54:46
12283,20518,678,7,209,5,Amazing restaurant,2025-02-15 21:47:34
12284,20520,2777,20,218,4,Food was delicious,2026-01-26 10:40:43
12285,20521,819,18,8,4,Food was delicious,2026-02-21 16:35:59
12286,20523,1163,18,113,4,Excellent service,2025-12-25 00:23:43
12287,20526,437,3,238,5,Excellent service,2025-10-31 03:42:04
12288,20527,1517,14,394,5,Driver was polite,2025-01-11 01:29:13
12289,20529,1969,17,169,3,Average experience,2025-02-21 09:33:10
12290,20530,1965,13,10,5,Very fast delivery,2025-06-03 04:43:12
12291,20531,1922,18,113,3,Food quality could be better,2026-02-03 16:52:35
12292,20532,1322,20,351,4,Fresh food,2024-08-26 22:06:46
12293,20534,1853,20,131,4,Food was delicious,2026-04-24 20:29:54
12294,20535,2613,8,164,3,Poor packaging,2025-10-12 03:25:26
12295,20537,14,19,147,5,Excellent service,2025-02-20 07:57:14
12296,20539,2412,10,84,3,Cold food,2024-09-07 20:34:50
12297,20540,1201,12,3,5,Driver was polite,2025-12-15 05:57:54
12298,20541,1190,14,122,4,Amazing restaurant,2026-04-15 19:42:05
12299,20542,2691,11,99,5,Fresh food,2025-07-09 02:01:00
12300,20544,1926,16,72,5,Very fast delivery,2024-10-27 11:01:51
12301,20547,163,15,312,5,Amazing restaurant,2024-11-08 10:02:47
12302,20549,1378,4,31,5,Very fast delivery,2025-02-24 19:08:27
12303,20550,2823,7,39,4,Driver was polite,2025-12-04 22:18:48
12304,20551,2108,6,159,2,Cold food,2025-02-18 14:53:49
12305,20552,1518,18,209,4,Perfect experience,2024-10-14 09:18:50
12306,20553,1803,11,209,5,Fresh food,2025-12-27 05:32:13
12307,20554,1967,11,126,5,Driver was polite,2024-10-30 05:18:12
12308,20558,1321,1,21,5,Fresh food,2024-09-26 19:32:05
12309,20559,1438,18,118,5,Driver was polite,2024-12-06 13:27:39
12310,20560,888,18,166,5,Food was delicious,2025-02-26 15:05:01
12311,20561,422,14,382,5,Amazing restaurant,2024-10-16 09:21:20
12312,20562,630,17,115,4,Fresh food,2024-10-24 06:29:43
12313,20564,1456,8,164,3,Poor packaging,2026-04-17 12:26:21
12314,20566,580,20,245,5,Food was delicious,2025-12-06 19:54:02
12315,20568,2917,4,103,5,Perfect experience,2025-07-31 15:37:08
12316,20571,1975,8,320,5,Fresh food,2025-02-04 12:06:42
12317,20576,1189,12,244,5,Amazing restaurant,2025-09-28 20:00:50
12318,20577,784,16,352,5,Perfect experience,2026-06-28 21:33:18
12319,20580,437,1,369,5,Amazing restaurant,2025-10-05 13:29:17
12320,20581,102,20,309,5,Excellent service,2025-12-05 00:04:20
12321,20582,2951,20,125,3,Food quality could be better,2025-12-02 15:56:04
12322,20585,208,9,107,5,Perfect experience,2025-02-17 03:52:59
12323,20588,1619,20,256,4,Perfect experience,2026-04-01 13:26:59
12324,20592,2812,6,85,4,Driver was polite,2026-06-02 23:15:09
12325,20594,413,15,112,4,Highly recommended,2025-02-11 06:36:00
12326,20595,2536,3,333,4,Food was delicious,2026-01-08 15:51:25
12327,20596,1587,11,365,3,Driver was rude,2024-10-09 00:54:44
12328,20598,2139,20,256,5,Food was delicious,2025-10-22 01:23:07
12329,20600,1571,16,107,1,Average experience,2026-04-24 23:04:18
12330,20602,2119,1,246,5,Excellent service,2025-03-27 12:28:43
12331,20603,2345,19,334,5,Very fast delivery,2024-08-24 08:41:04
12332,20604,2472,4,37,2,Wrong order,2026-05-07 20:36:46
12333,20606,1822,10,160,3,Average experience,2025-05-04 05:41:01
12334,20608,448,13,227,3,Driver was rude,2025-09-26 20:50:42
12335,20609,2769,13,351,4,Amazing restaurant,2025-05-15 01:27:53
12336,20611,1656,2,57,5,Fresh food,2024-10-01 04:09:57
12337,20613,2283,2,221,5,Perfect experience,2025-07-02 01:09:50
12338,20614,534,2,288,5,Fresh food,2026-07-06 10:17:53
12339,20615,1372,7,36,1,Driver was rude,2024-09-27 08:53:20
12340,20618,1608,2,61,3,Cold food,2026-03-19 13:36:44
12341,20619,1773,7,166,3,Poor packaging,2025-06-12 17:15:58
12342,20620,1760,17,206,2,Driver was rude,2024-09-20 20:19:14
12343,20621,2818,20,178,3,Late delivery,2025-11-20 12:14:57
12344,20622,1045,3,90,4,Driver was polite,2026-01-23 18:22:01
12345,20625,242,16,196,4,Amazing restaurant,2024-10-15 11:17:04
12346,20627,1908,12,81,5,Fresh food,2026-03-06 21:13:43
12347,20628,2955,6,315,4,Excellent service,2025-07-26 23:01:21
12348,20636,149,19,369,5,Highly recommended,2024-07-17 07:50:33
12349,20638,1378,18,369,5,Fresh food,2026-03-21 00:38:32
12350,20640,1549,1,24,5,Perfect experience,2024-08-12 12:17:13
12351,20641,216,5,336,4,Perfect experience,2025-11-19 04:58:20
12352,20642,2916,15,142,4,Driver was polite,2025-09-01 15:54:22
12353,20644,1354,1,314,4,Excellent service,2024-12-30 02:38:45
12354,20645,487,12,19,5,Excellent service,2025-03-23 13:01:13
12355,20646,302,1,83,3,Average experience,2025-09-11 00:18:30
12356,20647,701,8,51,5,Perfect experience,2024-12-27 11:17:44
12357,20648,1009,1,164,3,Cold food,2025-12-26 21:10:14
12358,20651,358,19,160,5,Perfect experience,2024-09-24 08:32:07
12359,20653,2211,8,137,5,Amazing restaurant,2025-02-04 18:59:23
12360,20654,2441,18,200,3,Poor packaging,2025-05-08 10:30:07
12361,20655,2661,17,102,4,Food was delicious,2026-01-08 04:20:24
12362,20656,2195,12,263,5,Amazing restaurant,2025-06-03 09:11:24
12363,20657,2874,15,283,5,Excellent service,2025-08-27 02:51:37
12364,20662,1363,20,174,3,Wrong order,2025-01-07 20:43:39
12365,20666,921,10,329,5,Perfect experience,2025-07-19 05:33:22
12366,20667,2312,16,220,5,Fresh food,2025-04-27 14:22:51
12367,20669,2754,12,248,5,Food was delicious,2026-06-05 02:48:10
12368,20672,275,6,330,3,Late delivery,2026-05-07 13:47:26
12369,20674,645,16,12,5,Perfect experience,2024-10-09 20:04:55
12370,20675,1489,8,219,5,Very fast delivery,2025-08-04 12:49:04
12371,20677,836,4,374,5,Driver was polite,2026-01-27 12:43:02
12372,20678,251,12,112,4,Excellent service,2025-08-04 11:20:52
12373,20679,522,1,219,3,Poor packaging,2025-06-25 23:23:53
12374,20680,2943,12,165,5,Driver was polite,2024-10-06 17:57:02
12375,20681,2676,19,238,4,Excellent service,2026-06-14 06:28:22
12376,20682,2531,13,207,5,Food was delicious,2025-07-31 06:46:29
12377,20684,2593,17,256,4,Perfect experience,2026-06-03 11:12:14
12378,20685,1705,1,135,5,Amazing restaurant,2025-12-14 21:37:07
12379,20687,1635,15,366,4,Fresh food,2026-06-27 21:51:12
12380,20688,2199,5,153,3,Late delivery,2026-06-08 11:38:46
12381,20689,369,2,296,5,Food was delicious,2025-06-23 17:04:50
12382,20690,124,17,162,2,Late delivery,2026-05-08 08:07:38
12383,20691,863,13,284,4,Highly recommended,2026-05-19 00:08:38
12384,20692,594,5,362,5,Food was delicious,2024-09-25 17:36:20
12385,20693,343,13,119,4,Driver was polite,2024-09-11 03:30:04
12386,20695,818,3,46,4,Fresh food,2024-08-24 19:30:47
12387,20696,1457,3,79,4,Amazing restaurant,2024-10-21 21:51:55
12388,20698,2628,19,329,3,Poor packaging,2026-06-18 14:09:08
12389,20699,1900,13,235,5,Amazing restaurant,2026-05-05 19:16:29
12390,20701,1185,12,337,4,Fresh food,2025-08-15 02:36:55
12391,20702,205,13,206,5,Fresh food,2025-07-15 11:50:38
12392,20703,1910,14,394,5,Perfect experience,2024-12-02 01:05:18
12393,20704,2068,2,305,5,Perfect experience,2025-11-29 02:34:12
12394,20705,708,2,57,4,Driver was polite,2026-06-09 13:30:30
12395,20706,1093,3,134,4,Fresh food,2024-12-10 05:44:37
12396,20709,1456,3,171,3,Food quality could be better,2025-06-03 23:13:11
12397,20711,486,11,360,4,Amazing restaurant,2025-12-17 18:28:50
12398,20712,2392,14,122,3,Late delivery,2026-05-29 03:07:28
12399,20715,1333,13,35,4,Perfect experience,2025-05-07 11:06:42
12400,20716,549,13,114,5,Driver was polite,2024-12-24 19:04:12
12401,20718,2415,6,232,5,Excellent service,2026-01-17 16:27:35
12402,20720,337,3,4,5,Perfect experience,2024-08-03 16:36:44
12403,20722,1179,13,256,5,Very fast delivery,2025-10-30 19:53:07
12404,20726,2230,2,255,4,Excellent service,2025-07-14 23:08:00
12405,20730,2860,4,39,5,Very fast delivery,2025-07-11 05:35:38
12406,20731,830,12,202,5,Amazing restaurant,2025-05-20 14:33:34
12407,20732,294,2,66,4,Very fast delivery,2026-03-31 22:03:49
12408,20734,987,11,338,5,Very fast delivery,2025-12-07 11:49:59
12409,20735,1776,16,194,4,Highly recommended,2025-05-29 22:08:24
12410,20736,1872,13,2,4,Amazing restaurant,2025-07-31 08:49:44
12411,20737,1170,20,269,2,Driver was rude,2024-07-30 12:17:28
12412,20738,194,10,329,5,Perfect experience,2025-01-20 23:14:12
12413,20739,1824,14,382,4,Excellent service,2025-09-18 19:39:24
12414,20740,1832,8,42,4,Highly recommended,2025-07-27 14:00:20
12415,20744,454,12,146,4,Excellent service,2026-02-10 20:39:16
12416,20745,14,19,160,4,Highly recommended,2024-12-17 14:11:12
12417,20747,1488,16,111,5,Food was delicious,2025-04-30 05:04:11
12418,20751,1013,3,320,5,Driver was polite,2025-08-02 22:17:53
12419,20752,2936,2,224,5,Food was delicious,2025-12-28 07:33:58
12420,20753,1457,1,343,5,Food was delicious,2025-02-04 01:24:18
12421,20758,633,16,220,1,Food quality could be better,2024-12-12 04:47:09
12422,20760,2955,12,146,4,Perfect experience,2025-08-28 08:58:46
12423,20761,1336,4,31,5,Highly recommended,2025-01-13 09:57:58
12424,20762,1062,18,161,3,Not worth the price,2026-05-21 20:31:02
12425,20763,1399,15,69,4,Amazing restaurant,2024-08-25 19:58:37
12426,20765,2404,13,345,3,Poor packaging,2025-02-05 08:00:39
12427,20766,2868,11,101,5,Very fast delivery,2026-01-05 19:12:20
12428,20768,728,13,151,5,Excellent service,2025-03-18 12:54:24
12429,20769,1156,19,336,5,Amazing restaurant,2025-02-03 19:52:35
12430,20772,1445,4,252,3,Late delivery,2025-01-12 14:12:14
12431,20774,457,7,386,4,Highly recommended,2024-12-28 04:23:29
12432,20775,1905,16,380,5,Highly recommended,2026-04-12 11:09:35
12433,20776,2349,12,54,4,Perfect experience,2025-12-26 19:27:11
12434,20777,753,2,57,5,Food was delicious,2024-09-28 05:43:08
12435,20778,759,11,358,5,Amazing restaurant,2025-08-06 23:43:21
12436,20780,983,10,166,4,Perfect experience,2025-02-02 04:33:34
12437,20781,2243,16,302,4,Excellent service,2025-06-23 05:55:27
12438,20783,1550,13,116,5,Perfect experience,2025-07-13 08:06:20
12439,20784,2189,20,190,5,Fresh food,2025-01-01 10:05:59
12440,20788,1210,15,43,4,Food was delicious,2025-08-08 17:50:32
12441,20790,1832,1,204,5,Excellent service,2024-08-27 14:33:55
12442,20791,1489,4,39,4,Driver was polite,2024-08-18 00:30:58
12443,20794,1226,1,4,2,Wrong order,2024-08-22 15:14:31
12444,20795,1398,17,2,4,Highly recommended,2024-09-20 06:00:13
12445,20796,1387,7,334,4,Highly recommended,2025-12-06 06:38:41
12446,20797,1064,3,290,3,Poor packaging,2025-03-05 17:37:44
12447,20798,2142,12,231,5,Driver was polite,2025-08-22 08:02:46
12448,20800,633,9,191,5,Perfect experience,2025-11-24 18:50:37
12449,20804,962,20,106,4,Food was delicious,2025-10-04 22:48:24
12450,20807,565,9,387,4,Driver was polite,2025-07-19 04:51:22
12451,20811,1777,16,291,3,Poor packaging,2025-07-06 04:13:57
12452,20815,1974,6,356,4,Amazing restaurant,2024-10-06 22:48:24
12453,20818,1840,19,365,5,Food was delicious,2025-08-11 21:41:08
12454,20820,212,17,214,5,Driver was polite,2025-11-13 11:41:08
12455,20821,199,9,318,4,Food was delicious,2024-08-20 14:51:06
12456,20823,2300,10,136,3,Driver was rude,2024-12-31 08:43:33
12457,20825,1122,19,28,5,Food was delicious,2026-02-27 04:04:17
12458,20826,2174,3,253,4,Very fast delivery,2026-03-08 14:11:33
12459,20829,1154,2,288,4,Highly recommended,2025-03-25 00:37:14
12460,20830,1256,12,109,5,Very fast delivery,2024-09-13 01:30:24
12461,20831,1805,5,21,3,Average experience,2025-06-30 03:02:22
12462,20833,1305,18,226,5,Excellent service,2025-05-03 20:48:26
12463,20834,345,20,190,5,Food was delicious,2026-04-17 17:18:12
12464,20835,2274,20,259,5,Highly recommended,2024-09-06 14:01:27
12465,20836,992,5,350,4,Very fast delivery,2025-05-08 07:20:50
12466,20837,2671,13,49,5,Highly recommended,2024-12-31 08:40:50
12467,20838,1786,15,202,4,Highly recommended,2025-02-03 03:48:32
12468,20839,447,17,91,5,Amazing restaurant,2025-04-29 12:02:10
12469,20840,2320,15,85,5,Perfect experience,2025-09-19 02:51:14
12470,20841,747,6,359,5,Driver was polite,2025-05-18 09:07:39
12471,20844,1944,6,188,1,Late delivery,2026-01-03 15:36:59
12472,20845,2434,9,191,5,Highly recommended,2026-06-21 04:21:32
12473,20848,359,12,244,3,Food quality could be better,2025-09-12 20:21:02
12474,20849,804,12,229,5,Very fast delivery,2024-11-15 02:39:21
12475,20850,1186,7,252,5,Highly recommended,2025-01-18 05:59:11
12476,20857,2142,6,368,2,Food quality could be better,2025-10-07 01:56:31
12477,20860,2735,16,378,4,Amazing restaurant,2025-12-10 16:03:53
12478,20861,889,7,335,5,Amazing restaurant,2024-11-13 20:22:25
12479,20864,1985,1,360,5,Driver was polite,2026-06-03 11:20:02
12480,20865,823,4,365,3,Late delivery,2025-07-28 05:34:42
12481,20866,2973,7,161,5,Amazing restaurant,2026-02-08 19:32:42
12482,20869,477,11,343,4,Driver was polite,2024-08-18 19:15:30
12483,20870,2498,20,121,1,Food quality could be better,2025-05-10 04:06:39
12484,20872,711,14,382,2,Average experience,2025-07-15 00:59:55
12485,20874,2030,5,164,2,Driver was rude,2026-03-14 09:19:57
12486,20877,1371,6,19,3,Food quality could be better,2024-07-31 00:28:55
12487,20878,237,10,161,3,Not worth the price,2024-11-20 15:01:11
12488,20880,1341,13,269,5,Very fast delivery,2025-03-24 01:55:36
12489,20882,2767,10,149,5,Amazing restaurant,2025-06-08 20:23:15
12490,20883,2554,20,310,5,Fresh food,2025-08-04 21:08:44
12491,20885,1773,3,326,3,Late delivery,2026-06-12 18:28:14
12492,20886,1697,11,209,4,Very fast delivery,2026-05-24 05:17:23
12493,20889,650,13,307,4,Highly recommended,2025-05-30 15:05:39
12494,20892,2950,4,149,3,Cold food,2024-07-20 03:26:32
12495,20893,1361,13,162,4,Fresh food,2025-06-27 13:57:20
12496,20894,1030,15,176,5,Perfect experience,2026-02-07 11:05:19
12497,20896,2968,1,130,5,Amazing restaurant,2024-09-30 16:35:27
12498,20898,1208,6,138,5,Amazing restaurant,2026-07-15 02:16:12
12499,20900,2688,11,39,5,Excellent service,2025-01-22 01:02:20
12500,20902,2864,17,361,3,Poor packaging,2026-03-20 14:01:02
12501,20903,508,15,356,4,Excellent service,2025-08-01 17:19:29
12502,20905,1137,7,129,4,Very fast delivery,2026-01-24 01:05:27
12503,20906,124,17,213,3,Wrong order,2024-12-07 11:27:29
12504,20909,210,17,38,4,Perfect experience,2025-06-12 03:12:42
12505,20910,78,10,358,3,Poor packaging,2024-08-26 11:41:51
12506,20911,691,9,353,5,Excellent service,2025-07-14 04:55:31
12507,20914,811,17,124,3,Wrong order,2024-11-06 09:03:40
12508,20915,502,12,189,4,Amazing restaurant,2024-10-16 21:38:50
12509,20916,1060,13,15,5,Very fast delivery,2024-12-07 09:37:12
12510,20917,73,2,175,2,Late delivery,2025-01-24 04:20:30
12511,20918,2887,17,47,5,Perfect experience,2024-09-22 08:19:22
12512,20926,15,10,219,4,Perfect experience,2024-08-01 22:54:35
12513,20928,2686,1,126,5,Perfect experience,2025-03-16 22:08:44
12514,20929,1353,19,290,4,Driver was polite,2025-03-26 15:01:39
12515,20932,1457,1,71,5,Fresh food,2025-01-23 07:28:08
12516,20934,592,2,221,5,Highly recommended,2024-10-14 11:14:47
12517,20935,1125,17,269,5,Fresh food,2025-03-13 08:12:53
12518,20936,149,7,391,5,Driver was polite,2025-09-05 09:53:18
12519,20938,1597,2,66,4,Driver was polite,2026-05-30 20:02:10
12520,20939,2943,15,180,1,Average experience,2025-08-26 12:58:38
12521,20940,133,15,375,5,Amazing restaurant,2024-12-13 23:17:28
12522,20941,2851,17,49,5,Excellent service,2025-09-24 04:59:02
12523,20944,29,2,296,2,Food quality could be better,2025-10-22 23:55:39
12524,20945,1283,17,162,4,Food was delicious,2026-04-20 02:55:38
12525,20947,1808,12,19,2,Driver was rude,2025-11-28 09:58:32
12526,20948,2942,13,310,3,Late delivery,2026-07-12 13:30:59
12527,20949,172,16,120,4,Very fast delivery,2025-01-14 14:33:09
12528,20952,2910,5,80,5,Driver was polite,2026-06-20 00:26:23
12529,20953,685,20,132,5,Very fast delivery,2026-06-24 15:12:02
12530,20954,412,20,182,4,Food was delicious,2026-03-04 08:17:24
12531,20955,1536,6,188,4,Fresh food,2026-01-22 22:38:12
12532,20956,2607,17,162,4,Perfect experience,2024-09-14 23:06:00
12533,20959,76,20,239,4,Perfect experience,2026-05-31 03:12:32
12534,20963,1072,5,400,5,Driver was polite,2026-02-13 23:48:44
12535,20967,2498,17,327,5,Driver was polite,2025-04-06 01:48:52
12536,20968,1749,10,150,1,Food quality could be better,2025-05-25 11:48:08
12537,20969,813,11,166,3,Poor packaging,2026-02-12 12:35:23
12538,20970,869,12,231,5,Driver was polite,2024-12-20 23:27:05
12539,20972,1822,5,346,5,Amazing restaurant,2025-05-07 14:50:12
12540,20973,694,1,199,4,Excellent service,2025-03-01 00:02:09
12541,20975,1218,15,81,4,Food was delicious,2025-09-02 20:23:02
12542,20976,1752,15,359,2,Average experience,2026-04-10 02:29:11
12543,20977,454,15,81,4,Driver was polite,2026-05-29 08:46:17
12544,20978,2867,20,38,1,Average experience,2026-07-06 19:51:41
12545,20979,16,5,65,4,Excellent service,2025-09-23 07:07:23
12546,20980,2357,12,112,3,Food quality could be better,2026-05-29 06:03:56
12547,20981,787,16,316,4,Excellent service,2024-10-16 17:00:25
12548,20986,1210,12,165,5,Driver was polite,2025-07-03 06:35:58
12549,20987,909,11,274,4,Excellent service,2026-01-13 02:12:13
12550,20988,2364,14,382,2,Average experience,2024-10-04 20:57:41
12551,20990,1474,17,169,3,Late delivery,2025-04-21 17:02:33
12552,20991,1547,1,272,5,Excellent service,2025-06-25 19:28:39
12553,20993,613,10,80,3,Average experience,2024-08-09 07:12:58
12554,20995,1083,12,317,4,Driver was polite,2025-08-26 09:01:38
12555,20996,2655,15,163,3,Average experience,2025-09-28 08:08:01
12556,20998,463,14,382,2,Average experience,2026-04-20 16:53:27
12557,21000,2731,13,97,2,Cold food,2025-11-23 15:17:04
12558,21002,827,18,95,5,Highly recommended,2024-08-28 02:15:48
12559,21004,113,11,343,5,Fresh food,2025-04-15 12:25:18
12560,21007,2583,1,147,3,Food quality could be better,2025-05-11 03:35:42
12561,21008,2874,6,328,4,Very fast delivery,2025-05-13 13:54:54
12562,21009,1829,20,151,3,Wrong order,2024-09-12 10:05:15
12563,21010,1343,10,274,4,Excellent service,2026-04-27 18:34:32
12564,21012,815,7,329,5,Driver was polite,2025-01-24 14:50:24
12565,21013,958,20,30,5,Fresh food,2025-07-04 14:45:13
12566,21014,393,20,397,2,Not worth the price,2024-11-21 23:58:57
12567,21015,1334,19,274,2,Driver was rude,2025-06-03 19:58:12
12568,21016,2516,5,274,5,Driver was polite,2025-04-14 07:17:08
12569,21017,2960,2,364,5,Perfect experience,2026-05-25 09:31:24
12570,21019,1820,3,96,5,Perfect experience,2025-03-28 13:26:17
12571,21020,2826,8,71,4,Very fast delivery,2025-03-07 15:15:21
12572,21021,1286,3,129,4,Food was delicious,2026-05-11 06:40:58
12573,21022,2739,12,244,4,Very fast delivery,2026-02-19 10:11:49
12574,21023,2259,2,306,4,Amazing restaurant,2025-11-27 12:48:46
12575,21027,2026,11,31,4,Fresh food,2026-06-19 14:33:05
12576,21029,348,10,346,3,Food quality could be better,2026-03-16 21:07:20
12577,21030,41,12,48,5,Fresh food,2025-12-30 11:49:01
12578,21031,2559,12,188,5,Fresh food,2025-10-15 04:15:37
12579,21035,239,4,145,5,Fresh food,2026-01-07 20:23:42
12580,21036,576,15,59,4,Amazing restaurant,2025-07-24 03:00:07
12581,21037,624,16,220,4,Amazing restaurant,2024-12-13 11:17:03
12582,21038,2897,15,383,4,Very fast delivery,2025-01-23 04:07:12
12583,21039,1338,10,226,4,Very fast delivery,2025-08-21 14:59:54
12584,21040,1211,4,149,4,Fresh food,2025-06-29 18:06:50
12585,21042,2438,18,149,4,Excellent service,2024-07-28 17:40:56
12586,21043,2871,6,165,4,Fresh food,2026-03-11 13:12:29
12587,21044,1543,12,87,5,Excellent service,2026-04-16 19:48:07
12588,21047,2930,18,339,3,Late delivery,2025-10-26 06:11:41
12589,21050,101,1,388,5,Driver was polite,2024-12-23 03:33:19
12590,21051,1456,8,347,5,Driver was polite,2025-10-07 17:09:10
12591,21052,2429,13,38,1,Food quality could be better,2025-09-15 13:38:49
12592,21053,2762,10,271,3,Food quality could be better,2025-08-09 11:40:40
12593,21054,2907,9,392,5,Highly recommended,2025-03-13 20:05:25
12594,21056,1112,20,102,3,Late delivery,2024-12-09 10:27:54
12595,21058,1196,11,243,3,Late delivery,2024-10-27 17:13:57
12596,21060,1432,15,163,5,Food was delicious,2025-07-08 06:27:37
12597,21061,944,12,146,4,Perfect experience,2026-04-03 15:51:59
12598,21063,1294,16,194,5,Amazing restaurant,2025-07-06 09:48:34
12599,21064,2231,9,341,5,Highly recommended,2024-08-26 02:30:24
12600,21065,2759,2,242,5,Fresh food,2025-03-03 01:05:06
12601,21066,2905,7,164,4,Driver was polite,2024-09-05 22:07:07
12602,21068,2631,17,259,5,Highly recommended,2025-10-15 12:09:38
12603,21071,1013,3,289,3,Driver was rude,2025-08-03 13:57:50
12604,21072,2338,13,185,5,Driver was polite,2025-09-07 15:47:25
12605,21073,2639,10,360,5,Perfect experience,2026-05-23 12:42:14
12606,21074,1047,11,320,5,Highly recommended,2025-07-12 17:27:55
12607,21077,1894,11,347,2,Average experience,2024-10-16 13:12:13
12608,21080,1538,10,96,4,Very fast delivery,2024-12-15 01:36:45
12609,21082,1076,12,375,4,Amazing restaurant,2025-04-13 05:31:27
12610,21083,1338,18,267,5,Food was delicious,2025-09-05 06:42:40
12611,21084,2348,6,319,4,Very fast delivery,2024-12-05 11:07:29
12612,21086,1335,16,387,5,Perfect experience,2025-03-29 08:47:10
12613,21087,2374,12,18,5,Very fast delivery,2025-06-08 08:23:20
12614,21088,1381,2,66,5,Amazing restaurant,2025-12-12 13:51:30
12615,21089,2904,4,25,4,Fresh food,2025-07-11 06:42:29
12616,21092,33,12,18,5,Perfect experience,2025-12-27 09:47:42
12617,21093,1480,14,394,4,Food was delicious,2025-08-14 23:58:50
12618,21094,1112,13,190,4,Highly recommended,2024-10-21 01:37:14
12619,21096,183,6,3,5,Driver was polite,2025-06-19 07:14:05
12620,21097,762,3,4,2,Average experience,2024-08-11 07:55:31
12621,21100,1877,15,59,5,Amazing restaurant,2026-05-02 19:39:11
12622,21101,2113,13,15,3,Food quality could be better,2024-07-22 05:49:34
12623,21102,933,19,362,4,Food was delicious,2024-10-04 19:04:12
12624,21104,123,10,266,4,Excellent service,2025-04-17 06:02:10
12625,21105,1871,7,323,5,Highly recommended,2025-11-24 02:52:30
12626,21106,1596,2,61,4,Food was delicious,2026-07-15 15:17:31
12627,21107,2862,6,260,5,Highly recommended,2024-09-15 09:14:19
12628,21109,97,5,347,1,Driver was rude,2025-08-28 00:57:25
12629,21111,1002,15,41,5,Perfect experience,2025-03-21 23:25:23
12630,21112,387,10,199,3,Late delivery,2024-11-26 20:53:13
12631,21113,2388,2,306,5,Driver was polite,2026-06-14 19:05:06
12632,21114,1405,2,173,5,Perfect experience,2025-03-24 20:30:47
12633,21116,436,7,358,3,Food quality could be better,2026-01-19 01:00:19
12634,21118,46,19,153,5,Fresh food,2024-12-22 15:41:48
12635,21119,1088,4,219,5,Amazing restaurant,2025-10-27 07:57:33
12636,21121,2356,20,321,2,Food quality could be better,2025-06-22 18:19:45
12637,21122,643,7,391,5,Perfect experience,2025-04-13 13:51:12
12638,21124,1544,10,257,5,Perfect experience,2025-07-21 12:07:41
12639,21125,2404,13,121,5,Excellent service,2024-11-09 19:34:31
12640,21126,1428,12,319,3,Poor packaging,2025-10-04 18:49:58
12641,21131,1685,10,358,5,Fresh food,2026-05-19 03:14:13
12642,21133,2780,18,134,5,Food was delicious,2024-08-19 03:40:29
12643,21136,2606,2,399,4,Very fast delivery,2026-01-09 10:46:54
12644,21137,534,2,223,3,Poor packaging,2024-08-05 12:05:50
12645,21139,1734,20,131,4,Food was delicious,2025-11-18 10:04:20
12646,21140,85,6,295,3,Late delivery,2026-01-23 23:47:37
12647,21141,2599,12,317,4,Driver was polite,2024-11-27 11:39:12
12648,21143,388,1,290,3,Food quality could be better,2026-03-06 20:35:13
12649,21147,666,11,25,5,Perfect experience,2026-02-21 19:45:18
12650,21148,2183,9,234,1,Not worth the price,2025-12-20 23:28:34
12651,21151,1351,14,122,4,Excellent service,2025-07-09 20:22:47
12652,21153,508,6,54,5,Driver was polite,2025-09-29 09:51:03
12653,21154,1282,18,358,4,Food was delicious,2025-11-27 05:30:07
12654,21155,1975,1,261,5,Fresh food,2025-08-19 01:51:52
12655,21156,2331,15,282,5,Excellent service,2026-02-04 05:09:21
12656,21157,2904,4,153,4,Perfect experience,2025-09-16 21:01:26
12657,21158,1477,1,267,4,Perfect experience,2024-08-07 19:11:53
12658,21159,2890,4,83,4,Fresh food,2026-04-04 22:50:12
12659,21160,1852,17,131,4,Food was delicious,2026-07-14 11:01:50
12660,21164,646,16,13,5,Very fast delivery,2024-07-26 16:24:42
12661,21167,2901,4,166,4,Highly recommended,2025-03-31 19:43:30
12662,21168,369,2,224,3,Driver was rude,2025-10-01 22:46:35
12663,21169,1632,14,394,5,Perfect experience,2024-10-28 09:16:50
12664,21171,1627,6,109,5,Amazing restaurant,2024-09-18 07:06:03
12665,21172,1650,1,129,5,Perfect experience,2026-04-21 07:00:40
12666,21174,2688,18,326,3,Late delivery,2025-06-08 08:11:40
12667,21176,2652,3,346,3,Food quality could be better,2025-09-19 06:29:17
12668,21177,2539,18,369,2,Late delivery,2025-04-18 20:28:16
12669,21179,899,14,382,4,Perfect experience,2024-09-23 07:07:44
12670,21180,819,19,134,5,Amazing restaurant,2024-07-19 00:59:02
12671,21181,2758,20,49,5,Food was delicious,2024-09-01 21:42:16
12672,21182,2459,20,284,4,Highly recommended,2025-08-10 07:07:24
12673,21186,2133,15,263,5,Food was delicious,2025-01-11 07:05:04
12674,21187,1111,20,310,5,Amazing restaurant,2025-09-16 12:59:59
12675,21189,2777,17,310,2,Average experience,2026-03-02 07:56:50
12676,21190,2748,17,30,3,Not worth the price,2026-04-21 11:56:43
12677,21191,2280,7,336,5,Fresh food,2024-11-16 05:24:19
12678,21192,2688,8,246,1,Cold food,2024-09-07 11:09:38
12679,21193,2604,16,107,4,Excellent service,2024-10-06 03:10:56
12680,21194,2964,5,386,5,Driver was polite,2026-02-02 23:58:56
12681,21200,64,3,39,3,Food quality could be better,2025-02-03 05:20:54
12682,21202,1338,4,246,1,Cold food,2026-06-27 15:28:35
12683,21205,2166,7,90,4,Fresh food,2024-12-20 04:56:28
12684,21206,1286,3,103,5,Very fast delivery,2025-06-07 11:07:30
12685,21208,933,8,362,5,Food was delicious,2025-02-17 18:33:53
12686,21212,1974,6,275,5,Highly recommended,2024-11-02 06:29:35
12687,21213,1077,4,24,4,Highly recommended,2026-04-18 22:17:27
12688,21215,437,19,360,3,Food quality could be better,2025-02-06 19:53:19
12689,21216,204,16,220,4,Highly recommended,2025-07-25 19:00:33
12690,21218,2472,11,183,5,Very fast delivery,2025-04-15 01:17:45
12691,21220,1293,6,359,3,Driver was rude,2024-12-25 08:28:59
12692,21221,1246,12,176,4,Food was delicious,2025-07-06 11:05:47
12693,21222,1793,20,233,5,Fresh food,2025-05-02 09:57:52
12694,21224,2244,7,4,5,Fresh food,2025-01-10 19:16:58
12695,21225,2204,17,157,2,Food quality could be better,2024-08-13 00:43:16
12696,21226,505,2,173,5,Very fast delivery,2025-02-21 13:04:11
12697,21227,394,10,171,5,Food was delicious,2025-12-16 20:51:10
12698,21229,483,2,173,5,Driver was polite,2026-01-20 09:59:58
12699,21230,1909,18,25,2,Driver was rude,2026-02-19 00:59:44
12700,21231,686,2,364,5,Amazing restaurant,2025-04-12 17:24:41
12701,21232,2889,7,7,4,Excellent service,2025-01-03 16:17:37
12702,21236,1601,11,281,4,Highly recommended,2026-06-28 03:49:46
12703,21241,1825,11,238,5,Food was delicious,2026-01-14 07:19:22
12704,21245,2613,4,147,5,Driver was polite,2024-11-14 15:51:33
12705,21246,2400,17,256,4,Highly recommended,2026-01-24 21:08:16
12706,21247,2454,7,152,4,Excellent service,2025-08-05 18:59:50
12707,21248,1641,20,233,5,Food was delicious,2024-12-06 18:44:07
12708,21249,1748,17,376,5,Excellent service,2025-04-28 23:41:20
12709,21251,2630,5,113,2,Wrong order,2024-09-08 00:11:45
12710,21252,1550,13,227,5,Driver was polite,2026-06-09 20:22:12
12711,21253,2586,2,175,3,Late delivery,2024-09-27 03:33:43
12712,21254,251,15,54,1,Wrong order,2025-12-19 04:12:26
12713,21258,1172,16,291,5,Highly recommended,2026-06-20 07:29:34
12714,21260,1270,18,65,5,Driver was polite,2025-10-10 11:25:51
12715,21263,1904,5,199,5,Highly recommended,2026-06-12 23:25:46
12716,21265,694,10,153,4,Fresh food,2025-08-09 00:14:30
12717,21267,513,19,201,5,Perfect experience,2025-02-22 04:44:10
12718,21268,2012,20,131,4,Very fast delivery,2024-08-12 11:28:15
12719,21269,516,11,24,4,Driver was polite,2026-07-01 18:40:21
12720,21271,190,10,238,4,Perfect experience,2024-09-16 12:15:19
12721,21272,2895,2,288,2,Late delivery,2025-10-28 18:18:56
12722,21276,1234,17,174,3,Late delivery,2025-03-25 18:43:20
12723,21278,2762,4,24,3,Wrong order,2026-04-22 11:39:52
12724,21279,2214,13,119,3,Late delivery,2024-10-30 15:22:05
12725,21281,1425,11,340,5,Driver was polite,2024-08-13 10:22:34
12726,21282,402,3,99,5,Perfect experience,2025-03-12 13:57:48
12727,21283,1565,18,266,5,Very fast delivery,2026-01-23 17:44:21
12728,21285,670,17,15,5,Food was delicious,2024-07-30 04:44:08
12729,21287,1840,1,46,4,Driver was polite,2026-01-19 13:41:09
12730,21289,1569,9,234,5,Perfect experience,2026-07-15 08:16:59
12731,21290,2979,11,4,5,Fresh food,2026-03-28 00:32:07
12732,21291,2520,7,243,5,Amazing restaurant,2025-09-23 06:29:56
12733,21296,1439,3,46,5,Excellent service,2025-10-10 19:21:45
12734,21299,1993,9,12,5,Perfect experience,2025-11-15 19:12:39
12735,21300,2502,1,135,3,Poor packaging,2025-08-14 12:57:09
12736,21301,2175,12,109,5,Highly recommended,2026-03-23 07:25:07
12737,21302,2478,11,123,5,Very fast delivery,2025-12-04 16:35:26
12738,21303,1694,20,141,4,Very fast delivery,2025-09-15 07:57:25
12739,21305,1220,20,184,5,Highly recommended,2025-06-05 15:13:41
12740,21307,1301,17,49,2,Not worth the price,2025-07-25 01:34:27
12741,21308,626,6,315,4,Very fast delivery,2025-07-13 23:41:10
12742,21311,847,6,248,5,Food was delicious,2024-11-19 17:40:09
12743,21312,57,2,17,2,Food quality could be better,2024-11-17 08:32:32
12744,21315,653,20,376,3,Food quality could be better,2024-12-22 17:23:16
12745,21320,518,16,378,5,Very fast delivery,2024-11-07 02:41:37
12746,21323,439,1,84,5,Fresh food,2025-08-07 13:51:49
12747,21325,152,10,358,4,Very fast delivery,2024-07-20 15:34:30
12748,21326,615,17,276,3,Poor packaging,2025-12-16 20:31:41
12749,21327,114,13,207,3,Late delivery,2026-06-27 09:41:52
12750,21328,2242,12,85,5,Very fast delivery,2026-06-13 23:47:07
12751,21329,772,17,309,3,Cold food,2024-12-20 05:21:57
12752,21330,1704,4,274,3,Driver was rude,2025-06-07 00:25:43
12753,21333,1410,13,269,3,Wrong order,2025-08-20 11:25:06
12754,21336,1124,9,12,3,Not worth the price,2025-11-29 12:35:41
12755,21337,1234,17,185,5,Amazing restaurant,2025-09-28 08:02:03
12756,21338,284,17,227,5,Highly recommended,2025-05-06 19:17:45
12757,21341,2342,18,183,4,Amazing restaurant,2026-03-09 03:16:08
12758,21342,1528,18,274,4,Food was delicious,2026-06-07 07:49:40
12759,21343,1699,12,263,4,Perfect experience,2026-06-07 16:55:53
12760,21344,1347,19,320,4,Food was delicious,2025-05-23 13:51:53
12761,21347,720,14,122,2,Wrong order,2026-06-01 16:45:13
12762,21348,1356,5,325,4,Highly recommended,2024-08-03 05:56:46
12763,21349,940,13,141,2,Food quality could be better,2024-12-08 07:28:44
12764,21350,1705,5,161,5,Highly recommended,2024-08-16 20:48:02
12765,21352,1599,11,391,4,Fresh food,2025-04-28 01:22:46
12766,21353,2044,13,310,5,Perfect experience,2025-03-31 16:05:56
12767,21354,1013,5,90,3,Driver was rude,2025-08-28 01:03:38
12768,21355,2300,1,334,4,Amazing restaurant,2024-09-15 01:27:48
12769,21356,480,13,77,4,Driver was polite,2025-03-27 16:20:37
12770,21358,478,10,42,3,Average experience,2025-12-12 11:08:11
12771,21360,2478,3,96,4,Excellent service,2024-11-17 11:30:51
12772,21361,571,20,185,5,Excellent service,2024-11-02 16:15:11
12773,21364,298,17,157,5,Perfect experience,2025-05-13 22:59:34
12774,21370,1140,17,151,3,Food quality could be better,2024-08-22 01:32:35
12775,21371,1444,20,132,3,Average experience,2025-01-08 16:48:52
12776,21372,943,19,28,3,Driver was rude,2026-06-21 17:15:16
12777,21374,2875,9,107,5,Driver was polite,2026-05-29 10:45:14
12778,21375,2963,1,150,5,Amazing restaurant,2025-08-04 15:34:58
12779,21376,2345,8,137,5,Fresh food,2026-05-15 03:40:07
12780,21377,2332,1,160,5,Fresh food,2026-02-26 21:42:35
12781,21380,407,17,35,4,Food was delicious,2024-11-16 12:23:28
12782,21382,2482,4,7,5,Fresh food,2026-05-25 08:15:00
12783,21384,1654,13,259,4,Highly recommended,2024-12-15 23:01:01
12784,21386,2380,13,207,5,Food was delicious,2025-01-16 03:37:00
12785,21388,1361,17,115,5,Food was delicious,2025-01-20 23:27:37
12786,21391,2661,13,303,5,Food was delicious,2025-08-01 09:43:51
12787,21392,1613,17,127,4,Highly recommended,2024-09-24 15:04:03
12788,21393,2595,2,57,5,Highly recommended,2025-03-15 03:52:13
12789,21394,1677,6,275,4,Highly recommended,2026-06-08 10:15:24
12790,21395,2776,10,238,3,Cold food,2024-12-12 11:10:15
12791,21396,1352,17,121,3,Wrong order,2025-12-18 22:52:23
12792,21399,1086,12,229,4,Driver was polite,2024-09-03 04:05:45
12793,21400,1907,1,31,5,Driver was polite,2024-11-27 16:24:38
12794,21403,748,1,199,4,Very fast delivery,2025-09-05 00:37:38
12795,21407,400,11,320,3,Late delivery,2025-01-16 17:52:28
12796,21408,1934,9,341,5,Amazing restaurant,2024-11-22 19:34:28
12797,21409,1281,17,131,5,Driver was polite,2025-12-21 22:24:29
12798,21410,811,17,119,5,Perfect experience,2025-05-06 13:07:03
12799,21413,2234,13,10,5,Excellent service,2024-10-11 17:28:51
12800,21415,2374,15,59,4,Food was delicious,2025-07-12 02:35:05
12801,21416,2633,13,2,4,Highly recommended,2025-09-26 20:06:46
12802,21417,2023,16,291,5,Highly recommended,2025-08-10 06:25:48
12803,21422,1348,13,124,4,Amazing restaurant,2025-04-21 13:33:36
12804,21423,2524,20,361,4,Very fast delivery,2025-06-23 01:25:15
12805,21426,1956,5,16,4,Excellent service,2025-12-15 19:30:17
12806,21427,135,11,346,4,Driver was polite,2025-07-25 19:43:04
12807,21428,2678,2,110,4,Perfect experience,2025-10-26 21:00:54
12808,21431,1719,16,120,5,Driver was polite,2025-04-22 05:31:01
12809,21432,1996,12,165,4,Very fast delivery,2025-02-17 17:31:09
12810,21433,2764,7,96,3,Cold food,2025-08-31 19:12:11
12811,21435,1838,16,380,4,Amazing restaurant,2025-03-18 08:39:17
12812,21438,2175,6,304,4,Highly recommended,2025-06-01 18:00:45
12813,21439,2495,11,101,4,Food was delicious,2025-02-18 22:45:32
12814,21441,1945,5,250,3,Average experience,2025-07-13 17:58:40
12815,21442,2817,17,97,5,Driver was polite,2024-12-21 12:03:59
12816,21443,39,9,380,5,Amazing restaurant,2025-11-05 03:15:16
12817,21444,661,12,159,4,Perfect experience,2026-02-23 07:31:26
12818,21445,2433,17,102,4,Food was delicious,2025-03-30 15:18:11
12819,21447,2749,11,29,4,Highly recommended,2024-12-27 06:19:51
12820,21449,2813,15,328,4,Driver was polite,2025-12-04 05:47:23
12821,21451,2873,11,46,5,Amazing restaurant,2024-11-10 21:56:29
12822,21452,362,8,325,5,Fresh food,2025-08-24 09:05:11
12823,21453,620,15,163,4,Amazing restaurant,2026-05-12 03:15:41
12824,21455,1597,2,61,3,Cold food,2024-11-12 00:12:20
12825,21458,2581,13,184,5,Food was delicious,2026-01-06 08:52:34
12826,21459,2606,2,173,4,Very fast delivery,2025-11-19 05:16:39
12827,21460,1477,3,343,5,Very fast delivery,2026-02-06 22:49:23
12828,21462,2554,17,115,3,Poor packaging,2025-11-01 21:06:39
12829,21463,9,3,95,3,Late delivery,2025-03-12 17:46:56
12830,21464,2996,15,319,4,Perfect experience,2025-12-04 01:27:17
12831,21467,1524,17,256,5,Amazing restaurant,2025-02-27 07:00:20
12832,21469,1151,15,85,5,Food was delicious,2026-04-13 23:10:22
12833,21470,2494,19,21,5,Fresh food,2025-05-08 00:03:47
12834,21474,1034,12,109,2,Food quality could be better,2025-04-02 21:33:39
12835,21476,2226,2,228,5,Fresh food,2025-10-21 17:53:16
12836,21477,1238,17,321,3,Not worth the price,2024-07-27 10:34:10
12837,21479,1009,19,25,4,Excellent service,2024-09-25 05:24:22
12838,21481,1048,1,21,4,Food was delicious,2024-09-27 11:31:11
12839,21482,2957,1,367,5,Driver was polite,2025-12-07 19:17:16
12840,21483,1527,17,313,5,Highly recommended,2024-07-24 12:54:25
12841,21484,1564,12,165,4,Excellent service,2024-11-16 09:31:22
12842,21485,1088,11,329,3,Poor packaging,2024-08-28 18:22:13
12843,21486,1085,9,120,5,Perfect experience,2025-12-04 08:47:54
12844,21487,1804,8,400,5,Very fast delivery,2026-01-15 09:21:33
12845,21488,930,17,11,5,Fresh food,2026-03-24 16:41:14
12846,21489,643,19,261,3,Cold food,2025-03-12 11:04:50
12847,21492,637,19,130,3,Late delivery,2024-11-22 04:12:09
12848,21493,670,20,239,5,Amazing restaurant,2026-03-12 03:36:47
12849,21494,1481,11,105,5,Fresh food,2026-04-20 11:43:03
12850,21495,667,1,39,5,Highly recommended,2024-09-19 20:37:07
12851,21496,1180,15,312,4,Excellent service,2026-01-16 22:42:16
12852,21501,1037,6,317,3,Cold food,2026-02-27 07:08:34
12853,21502,1630,16,13,1,Average experience,2024-09-12 02:45:46
12854,21504,1640,19,369,3,Late delivery,2026-04-29 10:07:44
12855,21507,2300,7,152,5,Fresh food,2025-08-09 11:55:02
12856,21512,12,20,211,5,Fresh food,2025-11-09 04:21:43
12857,21514,441,5,204,4,Driver was polite,2026-01-02 15:58:13
12858,21515,2162,18,290,5,Fresh food,2025-01-17 09:21:24
12859,21519,1166,6,109,4,Food was delicious,2026-04-27 09:52:40
12860,21520,2582,7,164,4,Highly recommended,2025-02-23 20:50:28
12861,21521,909,10,39,5,Fresh food,2025-05-03 00:46:44
12862,21522,1910,14,382,4,Very fast delivery,2026-01-21 01:39:24
12863,21524,243,5,160,4,Amazing restaurant,2025-10-09 00:05:13
12864,21525,2614,11,251,5,Driver was polite,2024-12-22 16:16:04
12865,21526,239,1,266,5,Very fast delivery,2024-11-05 11:20:21
12866,21529,2669,14,382,5,Highly recommended,2025-03-07 23:03:28
12867,21530,1075,12,319,5,Excellent service,2025-06-03 17:20:43
12868,21533,2690,17,38,3,Not worth the price,2026-05-30 10:56:04
12869,21534,1278,19,166,5,Excellent service,2026-05-31 17:35:20
12870,21535,2740,15,165,1,Cold food,2025-07-17 14:04:43
12871,21536,1493,6,330,3,Late delivery,2026-06-07 05:38:05
12872,21538,676,13,10,5,Driver was polite,2025-08-31 09:28:43
12873,21540,1655,2,364,5,Highly recommended,2025-10-19 04:40:59
12874,21542,2573,17,97,4,Perfect experience,2026-05-02 03:15:34
12875,21544,227,1,28,4,Very fast delivery,2024-11-21 09:46:34
12876,21550,2414,5,149,4,Excellent service,2025-02-24 20:07:19
12877,21552,1188,17,372,5,Excellent service,2025-03-07 00:02:19
12878,21554,700,4,391,4,Driver was polite,2025-03-10 19:39:49
12879,21555,1506,13,284,4,Food was delicious,2025-10-10 09:08:24
12880,21561,64,18,253,5,Excellent service,2025-06-10 01:31:07
12881,21562,2132,2,61,3,Average experience,2025-04-22 20:23:50
12882,21563,1192,18,243,3,Cold food,2026-04-26 21:14:12
12883,21564,2491,11,238,5,Food was delicious,2026-06-05 16:24:41
12884,21565,2865,10,7,4,Amazing restaurant,2026-02-13 14:53:22
12885,21567,619,15,48,2,Wrong order,2026-04-03 06:28:01
12886,21568,2910,1,323,5,Very fast delivery,2026-01-07 10:36:08
12887,21569,2662,20,190,5,Excellent service,2025-04-26 07:21:20
12888,21571,694,10,267,3,Wrong order,2025-03-04 10:58:54
12889,21572,2189,13,303,5,Highly recommended,2024-07-20 03:52:32
12890,21573,53,13,207,1,Driver was rude,2024-09-25 17:35:27
12891,21575,1076,12,244,5,Excellent service,2025-06-05 11:26:40
12892,21577,1648,3,204,4,Perfect experience,2025-02-06 02:30:37
12893,21578,560,4,230,5,Highly recommended,2025-01-30 18:38:40
12894,21579,1632,14,394,2,Not worth the price,2026-01-30 04:25:01
12895,21580,1942,6,142,2,Late delivery,2025-01-19 10:19:59
12896,21581,364,3,350,4,Very fast delivery,2024-12-12 21:31:24
12897,21584,1878,10,374,3,Cold food,2025-07-12 17:55:11
12898,21586,324,20,390,5,Driver was polite,2025-10-08 09:04:23
12899,21587,1070,5,274,5,Fresh food,2026-06-03 07:46:55
12900,21590,1371,12,368,4,Very fast delivery,2026-07-13 01:53:55
12901,21591,2133,12,18,5,Very fast delivery,2025-09-10 09:00:36
12902,21592,2179,16,392,2,Not worth the price,2025-05-11 00:38:04
12903,21594,2757,14,394,4,Very fast delivery,2024-12-31 10:06:43
12904,21595,683,14,122,4,Driver was polite,2026-01-05 13:20:48
12905,21596,1866,13,276,5,Food was delicious,2025-07-07 04:25:40
12906,21597,639,4,251,4,Perfect experience,2025-09-23 00:25:04
12907,21598,1359,5,335,5,Food was delicious,2025-04-13 15:04:18
12908,21599,2202,11,31,3,Driver was rude,2025-03-06 02:52:26
12909,21602,718,2,306,5,Amazing restaurant,2025-08-31 17:33:01
12910,21603,1751,2,305,5,Very fast delivery,2025-02-08 17:43:00
12911,21604,1801,3,349,3,Average experience,2026-03-23 16:54:05
12912,21606,1334,1,83,5,Perfect experience,2026-04-20 04:44:13
12913,21608,1559,4,152,5,Driver was polite,2025-01-17 05:19:36
12914,21611,1641,13,151,5,Driver was polite,2025-05-06 06:41:09
12915,21612,1161,13,206,5,Very fast delivery,2026-03-04 08:13:49
12916,21613,543,8,281,4,Food was delicious,2025-07-17 16:15:04
12917,21619,2468,5,346,5,Food was delicious,2025-01-06 05:35:32
12918,21621,827,3,99,4,Fresh food,2025-11-15 00:14:45
12919,21623,668,13,30,3,Cold food,2025-05-02 09:45:20
12920,21624,6,2,296,4,Very fast delivery,2025-03-03 17:57:40
12921,21627,1124,16,380,5,Fresh food,2025-01-21 19:55:08
12922,21628,191,13,30,5,Fresh food,2026-02-04 19:41:55
12923,21629,2854,12,202,5,Food was delicious,2025-11-16 19:09:37
12924,21630,2108,15,146,5,Food was delicious,2026-03-21 16:57:21
12925,21632,2138,6,188,3,Driver was rude,2024-09-14 16:43:51
12926,21634,776,17,132,4,Highly recommended,2026-03-27 03:10:41
12927,21637,846,16,316,5,Excellent service,2025-10-02 11:53:25
12928,21639,1421,8,252,4,Excellent service,2026-06-17 03:59:14
12929,21640,2058,4,391,5,Driver was polite,2026-05-17 23:37:22
12930,21641,1212,3,123,4,Driver was polite,2025-05-18 08:50:34
12931,21643,2147,10,286,4,Food was delicious,2025-01-02 15:04:14
12932,21644,1414,13,114,5,Fresh food,2024-10-27 20:19:42
12933,21645,2427,12,299,2,Driver was rude,2024-12-21 08:51:32
12934,21647,377,8,281,4,Amazing restaurant,2025-05-27 23:03:35
12935,21648,215,3,179,5,Very fast delivery,2026-02-11 10:45:06
12936,21650,1653,8,365,4,Excellent service,2026-06-26 07:44:18
12937,21652,392,4,16,5,Food was delicious,2025-01-29 09:28:29
12938,21654,2104,20,115,4,Amazing restaurant,2026-04-26 03:47:37
12939,21656,1206,7,149,5,Amazing restaurant,2025-05-05 04:18:23
12940,21657,12,13,124,4,Perfect experience,2025-08-18 09:52:25
12941,21658,1290,1,8,5,Driver was polite,2025-10-21 11:16:53
12942,21659,2607,17,351,4,Driver was polite,2025-09-08 05:41:58
12943,21661,2356,13,115,4,Amazing restaurant,2025-07-11 18:19:46
12944,21663,826,13,178,5,Perfect experience,2026-05-13 01:32:50
12945,21664,1891,13,133,3,Wrong order,2026-06-16 15:12:35
12946,21665,2567,20,321,5,Very fast delivery,2026-03-14 07:47:27
12947,21666,1905,9,291,5,Perfect experience,2026-01-21 04:53:15
12948,21667,1394,5,388,3,Cold food,2024-12-14 14:45:10
12949,21668,145,11,99,5,Amazing restaurant,2026-04-10 20:21:53
12950,21671,912,20,182,5,Driver was polite,2025-03-21 12:04:43
12951,21673,1671,7,84,3,Driver was rude,2026-02-03 18:31:06
12952,21675,678,8,42,5,Excellent service,2024-12-14 23:41:13
12953,21676,298,20,309,2,Not worth the price,2026-06-06 10:08:26
12954,21677,2648,4,152,5,Driver was polite,2025-05-06 04:19:16
12955,21678,2875,16,234,5,Excellent service,2024-12-15 23:23:59
12956,21680,2006,8,96,4,Perfect experience,2025-05-17 07:43:59
12957,21681,1592,11,369,4,Fresh food,2024-12-30 20:34:04
12958,21684,791,9,357,1,Late delivery,2024-08-11 16:25:53
12959,21686,1348,20,184,4,Very fast delivery,2024-10-20 05:23:08
12960,21687,847,6,142,3,Food quality could be better,2025-08-11 17:34:16
12961,21689,1482,13,15,4,Fresh food,2024-08-06 04:47:25
12962,21690,2676,10,381,4,Excellent service,2024-10-02 16:09:43
12963,21691,2107,17,190,1,Cold food,2025-04-16 17:18:12
12964,21692,898,15,3,4,Very fast delivery,2026-05-01 12:17:53
12965,21693,1511,12,248,5,Food was delicious,2026-02-23 16:29:55
12966,21695,2067,1,388,1,Late delivery,2025-12-26 00:26:30
12967,21696,2008,18,152,5,Perfect experience,2025-08-22 14:54:23
12968,21701,258,13,102,5,Food was delicious,2025-11-20 20:54:31
12969,21704,2015,7,179,5,Fresh food,2026-03-27 07:54:21
12970,21705,2697,12,48,5,Highly recommended,2025-06-02 06:15:56
12971,21707,2634,11,171,3,Wrong order,2025-06-15 22:44:50
12972,21709,2207,11,290,3,Not worth the price,2026-04-02 03:23:15
12973,21710,577,6,282,5,Very fast delivery,2026-04-21 12:29:06
12974,21711,2250,7,311,4,Driver was polite,2026-01-22 13:59:14
12975,21712,1378,4,25,5,Excellent service,2025-11-23 15:33:32
12976,21713,14,18,46,4,Very fast delivery,2026-04-14 06:49:15
12977,21714,1260,13,172,5,Very fast delivery,2025-01-12 00:45:28
12978,21715,1035,17,182,5,Driver was polite,2026-01-26 11:29:56
12979,21716,2958,13,218,5,Food was delicious,2025-08-25 02:01:11
12980,21717,2368,19,286,3,Not worth the price,2026-05-29 11:40:55
12981,21719,1679,17,227,4,Very fast delivery,2026-05-17 18:40:00
12982,21720,2305,11,326,2,Cold food,2025-12-14 09:41:15
12983,21722,2427,6,163,4,Amazing restaurant,2025-01-06 09:01:39
12984,21724,444,18,238,5,Amazing restaurant,2025-11-14 06:52:35
12985,21727,1522,14,122,4,Fresh food,2024-12-07 02:45:28
12986,21728,2165,20,218,4,Highly recommended,2026-03-27 19:21:01
12987,21729,794,17,133,4,Excellent service,2024-09-01 05:30:15
12988,21730,1593,6,112,3,Wrong order,2025-10-25 11:34:10
12989,21731,230,3,90,4,Highly recommended,2026-07-07 03:38:28
12990,21733,1047,19,338,5,Perfect experience,2026-02-28 23:46:58
12991,21734,362,1,343,5,Fresh food,2025-02-03 09:17:12
12992,21735,1354,10,374,5,Very fast delivery,2025-09-03 10:11:15
12993,21738,1989,10,134,5,Amazing restaurant,2025-10-01 04:28:55
12994,21740,2042,14,122,2,Average experience,2025-12-01 22:03:44
12995,21742,300,19,90,4,Perfect experience,2025-03-01 19:42:39
12996,21743,2309,20,355,5,Excellent service,2026-03-01 11:45:07
12997,21745,2370,20,276,4,Fresh food,2024-07-22 18:10:14
12998,21747,2826,1,253,4,Perfect experience,2025-10-12 17:40:23
12999,21749,882,13,157,5,Very fast delivery,2024-12-16 07:20:18
13000,21752,2452,6,138,4,Highly recommended,2026-07-06 06:23:22
13001,21754,2342,10,230,5,Food was delicious,2025-08-24 03:05:40
13002,21757,397,20,345,5,Excellent service,2025-03-03 12:29:57
13003,21758,1992,13,235,4,Food was delicious,2024-08-22 16:05:39
13004,21759,1627,12,85,4,Excellent service,2025-07-19 12:06:31
13005,21760,1456,19,147,4,Perfect experience,2025-03-24 04:57:48
13006,21761,990,18,8,4,Driver was polite,2025-04-08 08:59:28
13007,21762,2167,20,127,5,Food was delicious,2025-10-18 11:42:18
13008,21764,381,20,116,4,Food was delicious,2025-07-05 19:49:56
13009,21765,620,15,260,5,Fresh food,2026-05-27 01:15:22
13010,21766,2803,13,321,4,Fresh food,2025-04-13 14:51:15
13011,21767,311,15,48,5,Excellent service,2024-12-31 11:39:14
13012,21770,1738,13,218,1,Wrong order,2024-08-12 13:55:28
13013,21771,407,13,174,5,Driver was polite,2024-08-24 21:16:45
13014,21772,1996,6,295,5,Amazing restaurant,2026-04-04 07:36:59
13015,21773,86,19,7,3,Driver was rude,2025-06-01 21:34:19
13016,21774,2509,7,149,5,Food was delicious,2026-01-08 02:27:54
13017,21776,1720,8,39,4,Fresh food,2025-02-27 15:18:45
13018,21778,1262,13,309,4,Amazing restaurant,2025-08-23 10:28:29
13019,21779,2685,16,234,5,Excellent service,2024-11-17 09:05:46
13020,21780,106,3,252,3,Late delivery,2024-11-25 20:41:40
13021,21782,4,18,367,4,Food was delicious,2025-02-17 11:35:04
13022,21784,2713,19,230,5,Food was delicious,2024-07-18 22:10:33
13023,21785,114,20,206,5,Excellent service,2025-04-16 21:26:49
13024,21787,2441,5,343,5,Amazing restaurant,2024-09-25 03:32:11
13025,21788,713,8,160,3,Wrong order,2025-06-21 18:21:17
13026,21789,2836,8,219,5,Food was delicious,2024-10-29 02:29:30
13027,21794,2229,1,266,2,Cold food,2026-07-15 14:30:17
13028,21799,2736,1,36,5,Excellent service,2025-11-19 20:19:19
13029,21800,2234,20,182,3,Driver was rude,2025-06-28 22:07:17
13030,21803,613,19,334,5,Amazing restaurant,2025-02-13 16:42:23
13031,21805,2959,13,309,4,Amazing restaurant,2026-05-08 15:22:14
13032,21807,1094,7,7,4,Perfect experience,2025-07-08 14:23:06
13033,21808,1230,4,8,4,Fresh food,2026-05-30 13:37:24
13034,21809,1025,4,281,5,Perfect experience,2026-03-01 14:05:39
13035,21810,2147,8,266,5,Food was delicious,2025-06-11 23:03:24
13036,21812,618,17,218,4,Driver was polite,2026-01-19 16:47:14
13037,21813,365,8,134,4,Perfect experience,2025-04-29 09:29:47
13038,21815,2888,13,236,4,Food was delicious,2025-05-02 00:20:44
13039,21817,1667,5,203,5,Very fast delivery,2026-04-30 03:44:56
13040,21819,1841,12,328,4,Excellent service,2025-03-31 00:16:54
13041,21820,578,2,221,4,Driver was polite,2025-04-16 23:01:24
13042,21821,630,13,174,5,Perfect experience,2024-12-07 15:55:36
13043,21822,2441,4,252,5,Perfect experience,2025-10-21 06:50:02
13044,21824,1171,12,59,4,Perfect experience,2025-11-12 08:25:50
13045,21826,541,15,3,3,Poor packaging,2025-03-11 12:27:37
13046,21830,1443,19,7,5,Highly recommended,2024-09-30 13:05:42
13047,21834,541,6,322,4,Food was delicious,2025-02-10 01:50:13
13048,21836,2052,9,107,4,Highly recommended,2026-03-30 00:50:55
13049,21838,504,2,305,5,Perfect experience,2026-01-30 06:49:48
13050,21839,1446,16,302,4,Perfect experience,2025-07-20 22:01:18
13051,21840,397,17,256,4,Fresh food,2024-07-29 03:45:16
13052,21841,2022,10,261,2,Wrong order,2025-06-18 01:58:48
13053,21846,202,1,243,4,Driver was polite,2025-04-22 21:24:05
13054,21847,2696,15,354,5,Excellent service,2024-08-09 18:24:50
13055,21849,1500,8,362,2,Poor packaging,2024-11-07 19:42:48
13056,21850,2756,19,42,5,Excellent service,2026-03-23 01:10:25
13057,21851,2512,9,13,5,Amazing restaurant,2026-07-13 15:32:48
13058,21852,1344,10,281,3,Late delivery,2025-11-24 22:41:39
13059,21854,2113,20,2,3,Not worth the price,2025-02-20 02:09:21
13060,21855,2183,9,291,5,Very fast delivery,2026-04-27 22:24:40
13061,21856,2291,6,248,4,Very fast delivery,2025-09-26 23:53:03
13062,21857,2217,10,369,3,Not worth the price,2026-03-02 14:22:15
13063,21858,1400,17,184,5,Excellent service,2026-06-02 01:42:02
13064,21859,2474,18,153,3,Wrong order,2025-02-05 04:09:29
13065,21860,676,13,310,2,Late delivery,2025-11-06 00:02:23
13066,21861,886,11,311,4,Excellent service,2025-12-12 23:25:41
13067,21862,46,1,261,4,Amazing restaurant,2025-08-11 20:12:12
13068,21863,830,15,19,5,Perfect experience,2024-09-30 02:52:05
13069,21864,2338,17,213,5,Food was delicious,2025-06-04 01:12:12
13070,21867,2733,1,183,3,Wrong order,2026-07-04 04:22:50
13071,21868,1051,14,382,5,Food was delicious,2025-12-27 13:48:08
13072,21869,708,2,53,5,Highly recommended,2025-05-19 08:54:59
13073,21872,1691,1,209,3,Average experience,2025-03-09 20:37:51
13074,21873,2243,16,318,3,Poor packaging,2025-09-09 17:17:35
13075,21875,1831,1,320,5,Excellent service,2026-03-11 13:49:15
13076,21876,1209,7,21,4,Food was delicious,2025-03-01 14:18:19
13077,21878,1939,8,386,4,Driver was polite,2024-08-03 15:56:24
13078,21879,1073,11,374,5,Food was delicious,2025-01-17 23:14:54
13079,21880,2331,15,3,2,Average experience,2025-08-09 04:07:00
13080,21882,135,5,46,4,Food was delicious,2025-10-23 23:49:57
13081,21884,479,1,158,5,Amazing restaurant,2026-02-08 02:00:22
13082,21885,345,17,218,4,Driver was polite,2026-03-31 14:16:02
13083,21890,618,13,227,5,Fresh food,2026-07-14 01:13:54
13084,21892,2777,20,47,5,Highly recommended,2024-12-20 15:02:03
13085,21895,871,4,289,5,Excellent service,2024-08-23 18:49:14
13086,21897,2192,7,267,3,Cold food,2024-07-24 00:42:37
13087,21899,1871,10,96,5,Fresh food,2024-12-04 21:16:19
13088,21900,1283,20,218,5,Driver was polite,2026-04-05 17:17:46
13089,21902,621,16,120,2,Wrong order,2025-03-18 20:08:23
13090,21903,901,7,84,3,Driver was rude,2024-12-26 08:30:02
13091,21904,24,12,59,5,Very fast delivery,2025-03-16 04:32:45
13092,21908,93,9,352,4,Excellent service,2025-05-27 08:29:33
13093,21910,1915,4,105,4,Fresh food,2026-06-08 09:09:07
13094,21918,1331,12,18,4,Very fast delivery,2024-09-06 18:59:19
13095,21920,2805,7,28,5,Very fast delivery,2025-02-02 03:30:13
13096,21921,2167,20,351,5,Food was delicious,2025-12-18 06:07:37
13097,21922,200,13,269,5,Highly recommended,2025-11-27 20:06:37
13098,21923,2508,13,93,4,Amazing restaurant,2026-05-10 03:49:07
13099,21924,2628,5,42,4,Food was delicious,2025-02-04 16:52:20
13100,21925,1988,4,257,3,Average experience,2025-11-29 15:22:54
13101,21926,2961,4,101,2,Average experience,2025-05-03 02:29:20
13102,21928,1492,13,284,5,Food was delicious,2024-08-28 07:13:08
13103,21929,2409,20,182,2,Not worth the price,2026-03-29 02:23:19
13104,21930,2652,18,158,5,Perfect experience,2024-09-29 16:12:07
13105,21931,875,8,84,3,Cold food,2026-02-17 12:03:48
13106,21934,515,8,336,5,Driver was polite,2025-12-20 17:27:18
13107,21936,904,17,259,5,Very fast delivery,2024-11-10 17:00:01
13108,21937,1131,7,261,5,Food was delicious,2025-01-01 13:03:58
13109,21940,2777,17,313,2,Wrong order,2024-08-20 06:01:53
13110,21944,863,17,125,4,Highly recommended,2025-04-07 06:07:36
13111,21945,707,13,185,5,Very fast delivery,2025-03-15 20:26:54
13112,21946,2519,6,232,5,Very fast delivery,2026-07-03 13:01:57
13113,21947,1166,6,322,5,Perfect experience,2026-03-14 04:58:55
13114,21950,2038,15,304,1,Average experience,2026-07-06 02:16:40
13115,21951,2109,8,271,4,Fresh food,2026-06-21 19:34:35
13116,21956,2778,15,54,5,Amazing restaurant,2025-10-27 15:09:18
13117,21957,726,5,171,5,Driver was polite,2024-07-30 13:50:49
13118,21959,2619,14,394,3,Cold food,2025-12-13 09:07:23
13119,21960,791,16,291,2,Late delivery,2025-08-25 01:13:31
13120,21962,2793,19,23,4,Amazing restaurant,2024-11-19 13:16:49
13121,21964,439,3,39,5,Fresh food,2024-10-13 08:28:54
13122,21966,2370,13,227,5,Perfect experience,2026-07-03 08:36:16
13123,21968,541,15,328,4,Food was delicious,2025-03-03 03:50:07
13124,21969,2089,12,48,4,Excellent service,2025-12-08 17:57:05
13125,21970,689,13,10,5,Highly recommended,2026-01-08 06:56:21
13126,21974,2794,13,77,3,Late delivery,2025-10-28 00:55:51
13127,21976,1546,15,69,3,Driver was rude,2025-07-27 23:57:25
13128,21979,371,8,149,3,Cold food,2024-08-12 07:12:43
13129,21983,584,7,164,4,Perfect experience,2024-11-01 02:45:22
13130,21984,33,15,232,5,Highly recommended,2025-06-16 22:27:15
13131,21985,763,16,352,5,Excellent service,2025-06-28 00:21:57
13132,21988,2089,12,319,4,Highly recommended,2025-11-29 22:21:02
13133,21993,1395,11,266,5,Excellent service,2024-12-08 02:31:47
13134,21997,2867,20,218,5,Amazing restaurant,2025-12-08 22:33:14
13135,21999,2197,20,119,3,Late delivery,2026-01-18 18:20:44
13136,22001,1754,5,358,5,Very fast delivery,2026-06-03 14:51:40
13137,22005,345,17,184,5,Amazing restaurant,2024-09-17 09:11:37
13138,22006,2603,11,101,2,Cold food,2026-02-16 18:16:03
13139,22007,2231,9,318,3,Wrong order,2026-01-06 00:56:53
13140,22008,1701,12,43,3,Cold food,2026-06-06 13:04:11
13141,22010,874,18,272,5,Fresh food,2025-07-30 10:11:54
13142,22011,613,1,336,4,Highly recommended,2026-04-28 07:05:38
13143,22014,281,8,336,3,Cold food,2025-05-05 04:47:37
13144,22015,1943,4,95,5,Fresh food,2025-07-06 08:22:31
13145,22017,1811,6,330,3,Cold food,2025-12-26 17:23:39
13146,22018,2531,17,284,1,Driver was rude,2026-06-22 14:49:40
13147,22020,1757,20,239,4,Amazing restaurant,2026-05-19 06:19:16
13148,22022,1370,12,356,4,Food was delicious,2024-07-30 09:21:17
13149,22024,944,12,354,3,Cold food,2025-11-25 21:31:28
13150,22029,2714,6,163,4,Amazing restaurant,2024-10-15 23:50:20
13151,22032,1165,12,337,5,Amazing restaurant,2024-07-17 06:17:23
13152,22033,1022,14,394,5,Excellent service,2025-10-17 04:52:37
13153,22034,2586,2,92,5,Food was delicious,2026-05-17 01:44:15
13154,22036,763,16,302,3,Cold food,2026-05-03 10:27:43
13155,22038,1552,2,305,5,Driver was polite,2024-11-28 16:00:46
13156,22039,1058,18,37,5,Driver was polite,2024-08-02 02:56:05
13157,22042,2022,11,325,3,Not worth the price,2026-07-11 09:41:23
13158,22044,802,1,246,5,Highly recommended,2025-09-10 10:43:28
13159,22047,2221,4,200,5,Driver was polite,2025-08-20 18:41:29
13160,22048,1956,18,123,5,Food was delicious,2025-08-27 02:26:24
13161,22049,428,16,302,5,Excellent service,2026-04-24 09:43:32
13162,22050,595,9,107,4,Food was delicious,2025-08-15 01:30:02
13163,22052,968,19,286,5,Very fast delivery,2025-11-17 13:08:46
13164,22054,899,14,394,4,Fresh food,2025-02-25 02:01:20
13165,22056,1101,2,110,5,Amazing restaurant,2026-06-03 13:55:10
13166,22057,532,4,134,4,Driver was polite,2026-02-28 23:43:09
13167,22058,2019,13,245,5,Fresh food,2025-03-01 04:06:40
13168,22062,403,20,227,4,Driver was polite,2026-07-02 05:28:05
13169,22065,170,11,31,4,Food was delicious,2025-08-23 18:17:15
13170,22066,1658,7,103,5,Very fast delivery,2024-11-06 13:12:09
13171,22071,609,18,101,4,Food was delicious,2026-01-01 05:37:10
13172,22072,2292,6,85,4,Driver was polite,2024-09-08 00:09:23
13173,22074,2584,2,228,4,Perfect experience,2026-01-31 21:06:59
13174,22075,1976,11,336,4,Fresh food,2024-07-26 04:31:23
13175,22076,2333,19,99,5,Fresh food,2026-02-03 03:32:49
13176,22079,2937,6,248,3,Average experience,2025-11-01 00:38:39
13177,22080,1878,10,243,4,Very fast delivery,2025-09-25 10:26:43
13178,22081,2762,4,329,5,Perfect experience,2024-12-14 00:15:37
13179,22083,504,2,173,4,Driver was polite,2026-03-24 16:36:24
13180,22084,2405,1,362,4,Food was delicious,2024-11-24 08:08:21
13181,22087,1629,13,259,5,Perfect experience,2025-01-29 16:29:07
13182,22090,2283,2,128,3,Cold food,2026-02-08 18:08:15
13183,22091,1070,19,28,5,Amazing restaurant,2025-10-02 21:08:08
13184,22092,1288,2,181,3,Wrong order,2026-03-23 09:40:54
13185,22097,355,2,57,5,Amazing restaurant,2025-10-07 13:09:04
13186,22098,1598,6,260,4,Fresh food,2025-02-24 10:36:50
13187,22099,546,15,81,5,Food was delicious,2025-08-06 00:23:37
13188,22100,681,7,51,5,Food was delicious,2026-03-22 16:54:59
13189,22102,1160,9,12,5,Driver was polite,2026-07-01 04:37:46
13190,22105,1506,17,310,5,Food was delicious,2024-08-24 15:31:44
13191,22109,2597,3,37,5,Food was delicious,2024-10-18 04:51:15
13192,22113,813,8,243,4,Perfect experience,2026-02-26 14:56:19
13193,22114,2893,18,261,5,Driver was polite,2024-07-23 14:48:49
13194,22115,1412,2,128,4,Highly recommended,2024-09-26 20:55:09
13195,22118,985,14,382,5,Food was delicious,2024-07-26 22:56:34
13196,22120,1385,10,334,3,Late delivery,2024-09-01 12:48:18
13197,22122,686,2,306,5,Highly recommended,2026-01-26 17:10:48
13198,22123,1497,17,372,3,Late delivery,2026-02-25 16:29:11
13199,22125,2131,16,341,5,Highly recommended,2024-12-24 22:29:01
13200,22126,1728,10,80,4,Highly recommended,2024-11-26 04:44:36
13201,22132,1100,7,145,2,Not worth the price,2025-12-08 04:49:12
13202,22135,1234,17,321,5,Driver was polite,2026-04-04 08:32:27
13203,22136,1740,20,206,4,Very fast delivery,2025-02-02 15:09:12
13204,22138,912,20,131,5,Highly recommended,2025-04-18 22:55:57
13205,22140,431,19,262,4,Food was delicious,2026-05-08 06:54:39
13206,22142,2322,8,34,5,Very fast delivery,2025-12-04 16:03:34
13207,22145,2113,13,1,3,Poor packaging,2024-07-19 04:28:33
13208,22146,476,7,289,5,Very fast delivery,2025-02-08 01:18:08
13209,22147,246,12,112,4,Amazing restaurant,2024-11-25 16:51:24
13210,22148,1779,17,265,5,Driver was polite,2024-12-07 10:01:38
13211,22151,1358,18,25,4,Amazing restaurant,2024-10-26 13:38:33
13212,22152,1220,13,182,4,Excellent service,2026-02-04 18:11:44
13213,22154,2238,11,400,4,Very fast delivery,2026-06-24 06:58:15
13214,22158,1197,19,37,2,Food quality could be better,2026-06-22 12:15:24
13215,22160,576,12,3,4,Perfect experience,2025-06-11 19:11:00
13216,22161,246,15,112,2,Not worth the price,2026-04-02 10:35:40
13217,22162,1400,13,303,2,Average experience,2026-02-18 02:40:18
13218,22164,2030,3,329,2,Average experience,2024-09-08 20:33:32
13219,22167,590,7,400,5,Highly recommended,2026-05-06 14:38:41
13220,22169,2112,2,195,5,Highly recommended,2024-11-22 15:52:49
13221,22170,2678,2,221,4,Fresh food,2025-01-20 10:27:29
13222,22171,2124,11,386,5,Fresh food,2026-01-15 00:38:13
13223,22173,2717,17,190,2,Wrong order,2025-09-14 03:45:34
13224,22174,2040,4,271,3,Food quality could be better,2025-03-11 06:35:52
13225,22175,1923,13,351,4,Driver was polite,2025-09-20 03:50:55
13226,22176,1135,6,112,4,Food was delicious,2026-03-20 09:38:32
13227,22178,2566,2,399,4,Excellent service,2024-10-19 09:46:15
13228,22179,1806,1,168,4,Very fast delivery,2024-10-12 11:06:28
13229,22180,2554,17,307,4,Driver was polite,2025-11-16 06:59:09
13230,22181,2586,2,17,4,Highly recommended,2025-06-22 05:14:31
13231,22183,1535,16,234,5,Highly recommended,2024-11-24 14:12:12
13232,22184,1172,16,12,5,Fresh food,2025-06-14 20:02:48
13233,22185,2493,2,255,4,Amazing restaurant,2026-01-17 05:40:09
13234,22189,735,10,386,2,Food quality could be better,2025-08-23 15:22:40
13235,22191,2729,16,191,5,Perfect experience,2026-03-18 06:51:30
13236,22193,2884,19,8,4,Amazing restaurant,2024-11-24 14:34:05
13237,22196,2533,14,382,5,Amazing restaurant,2024-12-26 16:28:06
13238,22197,269,17,184,3,Wrong order,2025-03-16 14:55:59
13239,22198,1733,20,185,3,Poor packaging,2026-06-26 02:46:10
13240,22199,2092,8,325,5,Perfect experience,2025-07-20 22:45:44
13241,22200,420,16,13,5,Fresh food,2025-10-01 21:53:21
13242,22201,1591,3,325,5,Very fast delivery,2026-05-06 19:15:01
13243,22202,317,2,195,4,Perfect experience,2025-01-25 11:59:30
13244,22203,1904,10,281,5,Very fast delivery,2025-07-12 08:11:43
13245,22205,959,14,382,4,Food was delicious,2026-01-15 10:52:37
13246,22209,1297,15,109,4,Fresh food,2025-02-08 20:07:37
13247,22212,325,12,142,5,Amazing restaurant,2024-08-18 23:13:40
13248,22213,2163,18,161,5,Amazing restaurant,2025-04-04 08:01:28
13249,22215,2587,19,4,5,Fresh food,2026-03-20 18:42:05
13250,22217,1198,7,158,5,Perfect experience,2025-08-03 04:33:44
13251,22218,524,16,378,4,Highly recommended,2025-01-17 23:07:42
13252,22219,2686,18,358,5,Very fast delivery,2026-03-27 08:25:58
13253,22221,2876,20,259,5,Perfect experience,2025-10-08 18:09:52
13254,22222,2732,12,375,1,Food quality could be better,2024-10-09 19:33:43
13255,22223,1917,14,394,5,Excellent service,2024-12-16 07:24:12
13256,22224,1444,17,207,4,Very fast delivery,2026-05-05 05:46:26
13257,22225,500,15,112,4,Highly recommended,2026-06-24 12:18:58
13258,22226,2765,6,366,5,Excellent service,2025-06-16 02:57:35
13259,22231,1912,8,8,4,Amazing restaurant,2026-03-01 04:29:38
13260,22232,465,8,325,5,Excellent service,2025-02-28 21:01:39
13261,22233,2522,3,79,4,Food was delicious,2024-08-02 10:04:28
13262,22234,1911,2,221,5,Amazing restaurant,2026-06-23 06:42:34
13263,22235,1622,18,136,5,Amazing restaurant,2026-01-08 22:59:20
13264,22236,1743,5,266,5,Perfect experience,2025-02-09 04:22:39
13265,22237,319,7,168,2,Cold food,2025-01-01 05:23:45
13266,22238,2877,2,305,5,Amazing restaurant,2025-09-11 17:42:19
13267,22240,908,12,87,4,Perfect experience,2025-03-23 11:22:44
13268,22241,2114,13,218,4,Amazing restaurant,2025-05-28 09:12:10
13269,22242,1723,11,134,5,Food was delicious,2025-12-27 03:20:20
13270,22244,1851,2,94,3,Poor packaging,2026-04-23 02:08:05
13271,22245,1577,13,151,4,Fresh food,2025-04-14 08:03:43
13272,22246,2651,1,289,2,Average experience,2024-08-16 19:51:36
13273,22247,2559,12,383,3,Late delivery,2026-05-13 22:11:44
13274,22248,1350,13,265,4,Amazing restaurant,2026-02-08 18:44:58
13275,22249,57,2,53,5,Very fast delivery,2025-09-22 02:14:02
13276,22250,584,4,369,5,Driver was polite,2025-03-05 01:16:59
13277,22251,2670,14,122,4,Amazing restaurant,2025-01-29 13:30:46
13278,22252,2693,13,184,3,Poor packaging,2025-11-25 16:46:40
13279,22255,2704,5,347,2,Cold food,2025-08-22 10:42:41
13280,22256,1765,13,141,2,Food quality could be better,2025-06-04 08:03:46
13281,22257,2215,5,200,5,Fresh food,2024-11-01 17:43:43
13282,22258,2970,18,183,4,Amazing restaurant,2024-10-28 21:16:09
13283,22259,1763,15,3,3,Late delivery,2026-03-17 23:50:34
13284,22260,2722,5,335,3,Poor packaging,2025-10-16 00:59:25
13285,22261,947,13,11,4,Driver was polite,2025-08-22 16:25:45
13286,22265,2480,1,374,5,Excellent service,2026-02-26 22:24:36
13287,22266,2237,13,162,3,Poor packaging,2026-03-09 10:40:09
13288,22267,764,13,397,5,Excellent service,2025-09-26 07:25:45
13289,22268,2514,19,388,5,Driver was polite,2024-11-19 09:52:04
13290,22274,1333,17,114,4,Fresh food,2025-04-11 07:34:44
13291,22277,2420,3,136,4,Driver was polite,2025-02-08 00:39:59
13292,22281,1580,9,353,5,Driver was polite,2026-05-15 23:45:47
13293,22282,1929,14,382,5,Excellent service,2025-03-03 05:35:58
13294,22283,210,17,93,2,Food quality could be better,2026-03-27 21:01:41
13295,22286,2192,3,183,5,Perfect experience,2024-12-22 15:02:41
13296,22287,1244,14,394,5,Highly recommended,2024-10-19 03:03:33
13297,22288,2837,18,289,5,Driver was polite,2025-01-21 05:49:49
13298,22289,2642,16,13,4,Driver was polite,2026-04-24 02:31:22
13299,22291,1759,13,172,5,Very fast delivery,2026-02-16 19:18:28
13300,22293,678,19,252,5,Perfect experience,2025-02-02 01:15:29
13301,22294,2477,19,42,5,Highly recommended,2025-07-11 04:58:11
13302,22296,2352,13,227,5,Amazing restaurant,2025-12-29 13:46:26
13303,22299,2980,1,266,5,Excellent service,2025-07-18 10:20:59
13304,22301,2386,12,244,5,Food was delicious,2025-02-09 06:36:54
13305,22303,456,1,369,5,Food was delicious,2025-05-15 14:04:19
13306,22305,2124,18,343,3,Cold food,2026-01-28 02:28:34
13307,22306,2844,17,77,4,Highly recommended,2024-09-15 14:29:41
13308,22307,1017,9,302,5,Very fast delivery,2025-10-21 02:32:09
13309,22308,109,17,259,4,Food was delicious,2026-02-23 20:17:21
13310,22311,2952,2,288,4,Amazing restaurant,2025-02-18 14:26:24
13311,22312,1381,2,195,2,Cold food,2025-12-18 08:50:09
13312,22315,2593,13,127,5,Highly recommended,2024-12-22 23:14:47
13313,22316,2708,9,13,4,Fresh food,2024-08-23 02:28:32
13314,22318,1264,13,218,2,Wrong order,2025-11-27 01:28:35
13315,22319,585,10,95,5,Fresh food,2024-10-11 16:12:48
13316,22321,336,5,80,4,Highly recommended,2026-03-07 18:21:58
13317,22322,289,15,295,5,Excellent service,2025-08-17 16:47:33
13318,22323,1425,8,84,2,Poor packaging,2025-12-07 04:12:57
13319,22324,2964,5,199,2,Late delivery,2025-08-22 04:05:17
13320,22325,2261,1,164,5,Food was delicious,2026-05-04 01:21:27
13321,22328,309,2,57,2,Poor packaging,2025-12-06 08:47:14
13322,22329,2313,20,30,5,Very fast delivery,2026-03-20 08:44:03
13323,22330,2411,17,131,2,Food quality could be better,2025-04-10 09:08:27
13324,22332,2515,19,261,4,Perfect experience,2026-05-28 12:17:13
13325,22334,498,7,137,3,Food quality could be better,2024-10-26 17:53:27
13326,22336,2075,12,3,1,Average experience,2024-09-03 10:15:57
13327,22338,1285,20,182,5,Excellent service,2024-07-16 16:23:29
13328,22340,1353,1,199,5,Excellent service,2024-07-21 02:35:25
13329,22342,772,17,141,5,Food was delicious,2026-04-25 10:20:25
13330,22343,119,19,25,1,Not worth the price,2025-06-27 02:49:06
13331,22344,827,18,28,4,Amazing restaurant,2026-05-10 14:21:31
13332,22345,149,4,29,5,Highly recommended,2025-05-07 02:58:26
13333,22347,2517,8,350,4,Fresh food,2025-10-20 07:01:40
13334,22348,921,4,8,5,Highly recommended,2026-03-06 20:20:22
13335,22349,1428,15,231,4,Excellent service,2024-08-05 15:50:02
13336,22350,1902,6,3,5,Excellent service,2026-02-03 10:29:41
13337,22351,199,16,107,4,Driver was polite,2024-10-22 12:17:13
13338,22356,2851,20,47,5,Highly recommended,2025-11-14 15:11:20
13339,22360,343,20,22,5,Driver was polite,2026-01-23 10:26:21
13340,22361,1733,17,38,3,Average experience,2025-12-06 15:12:43
13341,22363,779,9,194,4,Amazing restaurant,2025-05-16 03:04:49
13342,22364,373,13,11,4,Highly recommended,2024-08-06 03:23:56
13343,22365,2362,13,49,3,Wrong order,2025-01-08 04:36:18
13344,22366,972,15,328,4,Very fast delivery,2024-11-04 09:35:51
13345,22368,1610,11,230,5,Amazing restaurant,2026-05-21 00:50:30
13346,22372,2989,1,168,5,Perfect experience,2025-06-28 14:49:46
13347,22373,931,13,321,5,Perfect experience,2026-02-03 18:10:21
13348,22374,437,19,31,2,Driver was rude,2025-12-10 23:42:21
13349,22376,1053,12,260,3,Wrong order,2026-01-29 13:52:29
13350,22377,257,13,351,5,Food was delicious,2024-12-13 20:15:03
13351,22378,2335,17,47,5,Amazing restaurant,2025-10-14 22:12:52
13352,22379,1497,13,313,5,Amazing restaurant,2026-04-05 10:33:37
13353,22381,2065,13,235,1,Late delivery,2025-12-02 08:33:52
13354,22384,2249,13,49,5,Amazing restaurant,2026-01-08 07:15:39
13355,22387,2885,6,180,5,Driver was polite,2024-07-27 12:15:32
13356,22389,2752,13,124,5,Fresh food,2024-11-09 18:16:06
13357,22391,2246,4,246,5,Fresh food,2024-12-19 10:46:35
13358,22397,1748,17,174,3,Average experience,2026-01-24 05:58:33
13359,22398,1387,5,37,5,Perfect experience,2026-01-12 19:32:08
13360,22401,402,10,171,5,Highly recommended,2025-07-15 22:00:21
13361,22402,1166,6,299,5,Fresh food,2025-10-12 03:32:10
13362,22403,1441,20,390,4,Driver was polite,2025-05-10 04:05:38
13363,22404,598,17,307,5,Very fast delivery,2024-11-09 10:31:34
13364,22405,646,9,72,5,Amazing restaurant,2024-09-04 20:30:59
13365,22406,2474,7,266,3,Food quality could be better,2024-08-19 18:11:19
13366,22409,4,18,334,4,Perfect experience,2025-08-01 13:49:43
13367,22412,1596,2,181,5,Driver was polite,2025-02-17 16:09:40
13368,22413,2190,18,338,5,Amazing restaurant,2025-03-18 20:34:30
13369,22416,1156,7,250,4,Highly recommended,2025-05-05 15:02:14
13370,22417,2231,16,316,4,Amazing restaurant,2025-02-08 04:24:58
13371,22418,2048,14,394,4,Very fast delivery,2025-03-09 04:26:39
13372,22419,2565,5,65,3,Cold food,2026-03-30 07:18:27
13373,22421,2472,7,334,5,Very fast delivery,2025-12-03 15:59:12
13374,22422,240,9,32,3,Average experience,2024-12-03 18:30:12
13375,22423,521,12,142,4,Very fast delivery,2025-05-27 12:20:14
13376,22424,920,11,210,5,Excellent service,2025-09-15 06:40:06
13377,22425,1776,16,302,5,Food was delicious,2026-05-17 04:00:00
13378,22427,2454,1,37,4,Fresh food,2025-12-12 02:36:44
13379,22429,2904,3,336,2,Average experience,2024-12-15 19:42:18
13380,22430,814,13,256,5,Fresh food,2025-08-12 13:06:44
13381,22431,1920,15,41,4,Amazing restaurant,2025-05-24 20:01:12
13382,22432,1629,17,178,2,Food quality could be better,2025-07-02 00:24:45
13383,22433,604,4,329,4,Food was delicious,2026-05-09 21:59:45
13384,22434,416,3,25,5,Highly recommended,2026-02-17 04:14:40
13385,22436,1595,7,323,4,Excellent service,2024-12-21 22:07:43
13386,22437,755,15,188,5,Food was delicious,2025-05-03 04:25:46
13387,22440,2867,17,235,4,Food was delicious,2026-04-21 16:06:17
13388,22445,2797,7,271,5,Perfect experience,2026-01-20 10:24:16
13389,22447,2765,12,366,5,Driver was polite,2025-01-27 14:38:07
13390,22453,1649,17,133,4,Perfect experience,2025-05-10 14:24:39
13391,22454,1428,15,163,3,Food quality could be better,2025-07-30 10:18:22
13392,22457,1668,13,172,3,Average experience,2024-12-19 01:35:43
13393,22460,536,6,260,3,Cold food,2024-08-25 06:14:53
13394,22461,1813,15,54,5,Food was delicious,2026-06-19 12:22:37
13395,22462,2045,12,260,5,Amazing restaurant,2025-02-03 04:41:54
13396,22464,798,14,122,1,Driver was rude,2025-12-31 05:31:20
13397,22466,1593,6,231,5,Food was delicious,2026-06-02 04:25:37
13398,22468,2496,6,244,1,Wrong order,2024-09-07 21:56:05
13399,22469,2874,15,282,5,Fresh food,2025-12-26 15:10:25
13400,22470,2459,20,133,4,Driver was polite,2026-04-29 19:10:59
13401,22472,1497,20,355,2,Driver was rude,2025-11-21 06:19:19
13402,22475,1448,20,77,2,Late delivery,2025-06-15 13:51:35
13403,22476,536,12,159,5,Highly recommended,2024-07-20 10:28:17
13404,22477,1391,15,304,4,Fresh food,2025-06-16 02:11:52
13405,22478,1343,10,158,1,Food quality could be better,2024-12-24 08:38:47
13406,22479,1412,2,294,4,Excellent service,2026-07-01 10:46:09
13407,22482,2033,19,338,3,Food quality could be better,2025-01-02 20:52:50
13408,22483,2068,2,305,5,Very fast delivery,2025-08-23 16:50:05
13409,22484,1156,11,25,4,Driver was polite,2026-03-23 15:23:20
13410,22485,2993,13,119,2,Wrong order,2026-05-12 20:43:47
13411,22486,428,16,392,4,Amazing restaurant,2025-06-10 08:50:04
13412,22488,1406,15,359,5,Excellent service,2024-08-30 18:03:18
13413,22489,1884,2,66,3,Not worth the price,2026-01-05 21:29:52
13414,22490,961,15,40,3,Food quality could be better,2025-07-16 14:34:10
13415,22491,1407,2,110,5,Amazing restaurant,2026-02-22 00:46:29
13416,22494,997,16,341,4,Driver was polite,2026-07-15 10:40:35
13417,22495,1177,15,319,4,Driver was polite,2024-11-13 14:07:40
13418,22501,1313,4,161,3,Wrong order,2024-08-03 09:19:56
13419,22504,1490,13,321,5,Very fast delivery,2026-06-16 09:55:22
13420,22505,1580,9,120,5,Fresh food,2026-02-17 05:11:32
13421,22506,865,3,7,5,Food was delicious,2025-11-09 20:59:33
13422,22509,2376,3,134,4,Highly recommended,2025-01-10 09:30:18
13423,22510,309,2,110,3,Food quality could be better,2026-01-22 14:36:15
13424,22511,2445,6,356,5,Perfect experience,2025-06-30 21:25:01
13425,22513,1055,12,244,3,Not worth the price,2024-08-01 14:44:30
13426,22515,2273,3,339,5,Perfect experience,2024-10-23 10:24:07
13427,22516,2606,2,294,4,Driver was polite,2024-10-12 17:09:59
13428,22517,2197,13,11,4,Excellent service,2025-10-25 13:08:17
13429,22518,2385,20,303,3,Wrong order,2024-07-27 15:34:03
13430,22519,2818,17,47,3,Poor packaging,2026-03-10 05:38:22
13431,22520,1811,15,188,1,Wrong order,2026-01-08 08:19:27
13432,22521,662,14,382,4,Food was delicious,2025-10-09 18:07:54
13433,22522,2657,13,211,5,Fresh food,2024-11-14 17:58:59
13434,22524,2012,20,49,5,Fresh food,2026-04-04 18:02:09
13435,22526,1635,12,328,5,Fresh food,2025-08-16 08:02:00
13436,22528,1583,8,243,2,Average experience,2025-09-18 02:03:16
13437,22530,298,20,93,3,Cold food,2024-09-03 23:01:54
13438,22531,864,2,175,4,Amazing restaurant,2025-05-24 17:07:22
13439,22536,1852,17,259,5,Perfect experience,2026-01-18 17:52:39
13440,22539,55,20,116,5,Highly recommended,2024-09-10 12:28:21
13441,22540,2848,19,272,5,Amazing restaurant,2025-04-13 12:54:17
13442,22542,414,13,2,5,Perfect experience,2026-02-17 23:33:12
13443,22543,1177,12,282,2,Wrong order,2025-03-03 08:16:32
13444,22544,51,4,323,3,Poor packaging,2024-08-02 09:34:01
13445,22545,1141,12,260,1,Late delivery,2026-01-05 11:11:26
13446,22546,488,2,57,3,Not worth the price,2024-11-25 12:45:21
13447,22547,1929,14,122,3,Not worth the price,2025-01-02 09:42:08
13448,22550,343,13,190,5,Fresh food,2025-05-29 08:35:38
13449,22551,102,13,233,2,Not worth the price,2024-09-03 02:26:29
13450,22552,1471,13,93,4,Very fast delivery,2026-03-24 19:33:39
13451,22553,277,1,99,5,Highly recommended,2025-09-26 13:59:07
13452,22556,2972,1,261,5,Very fast delivery,2025-04-23 07:44:33
13453,22557,1233,19,29,3,Poor packaging,2026-06-01 23:52:00
13454,22561,527,2,296,3,Average experience,2024-11-17 14:58:04
13455,22562,556,12,324,5,Very fast delivery,2025-10-06 13:27:04
13456,22565,196,3,386,5,Highly recommended,2025-12-10 18:33:35
13457,22566,2739,15,232,5,Highly recommended,2025-12-31 03:14:51
13458,22567,2932,1,335,2,Late delivery,2026-06-10 03:00:11
13459,22568,1288,2,306,5,Fresh food,2025-03-11 13:44:01
13460,22570,2127,17,303,4,Highly recommended,2026-07-07 19:01:06
13461,22571,1106,20,256,5,Perfect experience,2026-02-13 15:28:10
13462,22573,2197,17,227,5,Perfect experience,2026-03-16 16:23:44
13463,22574,202,10,160,5,Fresh food,2025-12-12 01:24:54
13464,22575,2117,13,121,4,Perfect experience,2026-06-10 21:50:11
13465,22576,2887,20,115,5,Excellent service,2026-05-02 03:17:08
13466,22577,1156,18,246,2,Average experience,2026-02-11 06:22:17
13467,22578,2679,10,31,4,Driver was polite,2024-12-02 06:24:03
13468,22579,1212,1,326,4,Amazing restaurant,2024-11-29 20:58:35
13469,22581,605,12,319,5,Amazing restaurant,2026-04-16 13:41:38
13470,22582,2109,11,219,4,Fresh food,2024-11-18 09:10:32
13471,22583,1214,4,209,4,Very fast delivery,2025-02-10 19:17:25
13472,22584,2066,7,349,2,Cold food,2025-09-26 02:39:29
13473,22585,2395,13,131,5,Food was delicious,2024-10-18 17:42:36
13474,22590,2095,19,96,3,Poor packaging,2025-07-22 20:05:41
13475,22591,1825,4,37,5,Food was delicious,2025-11-01 00:46:13
13476,22592,89,4,325,2,Late delivery,2024-09-16 03:01:02
13477,22593,2985,13,313,5,Food was delicious,2025-10-19 20:28:02
13478,22594,1119,18,350,4,Excellent service,2026-05-25 14:13:23
13479,22596,176,13,218,5,Highly recommended,2025-01-10 01:40:46
13480,22603,827,11,80,2,Not worth the price,2025-07-26 23:00:00
13481,22604,1902,12,159,5,Excellent service,2025-09-21 02:21:46
13482,22605,725,5,168,3,Poor packaging,2024-11-01 08:27:50
13483,22607,2105,9,380,5,Very fast delivery,2025-05-20 16:32:37
13484,22608,1398,20,115,3,Cold food,2026-05-12 06:13:34
13485,22610,644,9,111,2,Food quality could be better,2024-10-27 21:22:50
13486,22611,2757,14,394,3,Wrong order,2024-12-14 14:00:01
13487,22612,2965,4,250,4,Perfect experience,2025-09-08 05:30:14
13488,22616,2277,13,372,5,Very fast delivery,2025-04-22 17:44:39
13489,22618,2880,1,105,4,Amazing restaurant,2024-08-31 03:31:32
13490,22619,1384,4,134,3,Food quality could be better,2025-08-24 18:38:41
13491,22620,428,9,13,5,Highly recommended,2026-07-10 20:46:33
13492,22622,1766,9,302,4,Perfect experience,2025-08-12 13:40:45
13493,22624,31,11,209,5,Driver was polite,2024-12-04 08:03:04
13494,22626,2753,13,97,5,Very fast delivery,2024-10-19 12:25:40
13495,22627,85,6,324,1,Food quality could be better,2025-03-27 21:27:36
13496,22629,362,11,129,5,Highly recommended,2026-02-25 14:24:26
13497,22630,2293,17,256,5,Perfect experience,2026-05-05 02:04:39
13498,22631,2841,20,151,5,Highly recommended,2025-02-27 22:21:07
13499,22632,2876,13,351,5,Amazing restaurant,2026-07-08 02:24:40
13500,22633,2584,2,221,5,Very fast delivery,2025-12-20 10:22:59
13501,22634,1449,1,358,4,Amazing restaurant,2025-09-08 19:19:25
13502,22637,774,1,200,5,Driver was polite,2024-08-12 07:22:53
13503,22638,577,15,282,5,Fresh food,2025-06-05 02:59:20
13504,22640,1396,1,272,2,Average experience,2026-06-02 01:04:19
13505,22641,2976,17,376,1,Cold food,2026-03-20 18:36:34
13506,22642,2763,14,122,4,Perfect experience,2025-05-29 07:03:14
13507,22644,1867,13,174,5,Very fast delivery,2025-08-18 18:48:03
13508,22647,1242,1,200,5,Highly recommended,2025-12-25 15:35:14
13509,22651,2378,15,366,3,Not worth the price,2024-09-21 13:43:41
13510,22652,8,15,232,3,Wrong order,2025-01-22 05:32:12
13511,22653,445,5,29,2,Average experience,2024-08-08 01:33:12
13512,22654,675,14,394,3,Food quality could be better,2024-12-11 05:11:00
13513,22655,2203,17,265,5,Fresh food,2026-01-16 22:27:24
13514,22658,951,20,50,5,Highly recommended,2025-01-02 07:41:53
13515,22663,116,18,149,1,Not worth the price,2026-07-03 21:59:16
13516,22665,2162,19,183,5,Fresh food,2024-11-14 21:06:50
13517,22666,275,15,304,4,Highly recommended,2025-11-13 02:16:14
13518,22667,2475,2,288,5,Amazing restaurant,2025-10-27 02:13:20
13519,22668,2040,18,51,4,Perfect experience,2025-02-15 17:58:19
13520,22671,2195,6,317,4,Very fast delivery,2025-05-12 00:13:01
13521,22672,1260,20,236,5,Fresh food,2026-07-02 05:53:04
13522,22673,626,6,163,5,Driver was polite,2025-08-04 00:16:38
13523,22675,393,17,10,5,Perfect experience,2025-09-26 21:00:50
13524,22680,2509,4,24,3,Driver was rude,2025-05-08 23:26:49
13525,22681,104,3,289,5,Amazing restaurant,2025-08-23 07:40:22
13526,22683,1616,15,324,5,Amazing restaurant,2025-07-07 15:42:29
13527,22695,452,7,281,3,Cold food,2025-06-29 14:25:03
13528,22697,2033,8,153,5,Excellent service,2025-01-24 09:21:48
13529,22698,1878,10,8,4,Perfect experience,2025-01-28 20:35:20
13530,22699,359,6,18,4,Perfect experience,2024-08-03 22:56:36
13531,22700,1430,7,350,4,Driver was polite,2024-09-16 08:26:48
13532,22701,1163,5,4,2,Average experience,2025-09-23 21:58:36
13533,22702,150,19,314,5,Amazing restaurant,2025-10-08 13:58:48
13534,22704,283,13,141,5,Very fast delivery,2025-03-02 02:11:30
13535,22706,1480,14,122,3,Food quality could be better,2026-04-16 16:34:41
13536,22707,997,9,220,4,Food was delicious,2026-05-09 07:11:44
13537,22709,1587,19,126,5,Excellent service,2025-08-22 08:23:15
13538,22710,2003,11,388,4,Perfect experience,2025-04-26 19:30:30
13539,22711,1350,17,269,4,Food was delicious,2025-06-11 23:12:39
13540,22712,2194,6,282,4,Highly recommended,2025-10-23 14:46:19
13541,22714,1088,7,4,4,Perfect experience,2024-08-02 09:30:09
13542,22715,1326,13,151,4,Food was delicious,2024-09-30 17:43:06
13543,22716,879,1,358,4,Perfect experience,2025-06-21 03:48:50
13544,22719,2361,9,318,4,Food was delicious,2026-01-28 07:46:19
13545,22720,2821,14,122,4,Perfect experience,2026-03-16 03:10:13
13546,22721,1715,6,3,2,Average experience,2024-11-09 17:20:19
13547,22722,802,19,84,5,Amazing restaurant,2025-10-29 23:36:26
13548,22725,147,15,165,2,Not worth the price,2025-01-22 02:12:41
13549,22726,2207,4,238,5,Food was delicious,2024-09-16 02:34:27
13550,22727,1959,19,326,3,Driver was rude,2026-04-23 11:36:42
13551,22728,626,12,43,2,Cold food,2025-07-12 09:24:52
13552,22731,463,14,122,2,Wrong order,2025-08-28 11:56:02
13553,22734,2783,1,271,4,Very fast delivery,2026-01-03 16:58:34
13554,22735,297,4,346,4,Amazing restaurant,2025-06-07 08:40:15
13555,22736,55,17,11,5,Fresh food,2026-05-02 19:05:22
13556,22737,2850,2,399,5,Excellent service,2025-09-01 05:24:42
13557,22739,2544,12,337,5,Perfect experience,2025-03-14 15:24:53
13558,22742,826,20,157,4,Fresh food,2026-03-27 20:45:22
13559,22744,2147,18,95,5,Driver was polite,2025-08-06 12:23:47
13560,22746,2358,2,57,5,Perfect experience,2025-04-11 09:34:10
13561,22748,649,19,267,5,Fresh food,2024-10-28 21:37:39
13562,22750,1972,2,296,4,Fresh food,2025-03-06 17:15:06
13563,22752,404,12,41,4,Food was delicious,2026-06-28 10:57:42
13564,22756,1847,17,115,5,Driver was polite,2025-07-09 02:18:59
13565,22758,2121,6,354,5,Highly recommended,2024-12-30 22:30:50
13566,22760,260,12,85,5,Perfect experience,2025-08-04 10:21:23
13567,22761,1533,4,161,5,Excellent service,2025-10-03 07:16:22
13568,22762,1077,3,201,5,Very fast delivery,2025-11-06 03:38:39
13569,22763,1748,13,236,4,Highly recommended,2025-02-13 20:04:26
13570,22765,1700,17,102,5,Food was delicious,2025-01-27 07:10:53
13571,22766,2510,6,324,3,Poor packaging,2024-08-16 17:46:32
13572,22768,2130,7,4,1,Late delivery,2026-01-18 23:35:15
13573,22769,1067,10,39,3,Wrong order,2026-04-03 20:41:38
13574,22770,300,5,209,5,Driver was polite,2025-10-26 22:05:31
13575,22772,366,1,201,4,Driver was polite,2026-02-13 10:55:38
13576,22773,2982,15,40,3,Poor packaging,2025-07-13 22:11:29
13577,22774,1607,6,81,4,Highly recommended,2025-07-20 00:29:34
13578,22775,2611,13,131,3,Late delivery,2026-06-24 23:41:30
13579,22777,2618,1,34,4,Food was delicious,2025-12-07 16:16:59
13580,22779,264,20,259,5,Driver was polite,2026-01-22 12:54:55
13581,22780,2669,14,382,3,Poor packaging,2025-08-21 13:54:18
13582,22781,2953,13,233,4,Excellent service,2026-03-29 03:43:52
13583,22783,1819,2,175,5,Perfect experience,2025-07-09 22:34:40
13584,22784,781,16,12,5,Food was delicious,2025-01-22 10:35:24
13585,22785,2875,16,120,5,Fresh food,2025-01-12 03:56:35
13586,22786,2647,17,211,5,Perfect experience,2025-08-25 17:36:07
13587,22787,2957,4,252,3,Poor packaging,2024-08-12 22:24:43
13588,22790,1936,10,80,5,Food was delicious,2025-10-01 14:45:20
13589,22791,2268,5,8,5,Fresh food,2026-03-03 02:07:27
13590,22792,592,2,294,5,Highly recommended,2024-11-21 21:33:24
13591,22793,1918,20,307,3,Late delivery,2024-12-24 16:54:01
13592,22794,1665,6,112,4,Excellent service,2025-11-24 09:43:07
13593,22796,2885,12,54,5,Food was delicious,2025-06-08 05:25:16
13594,22797,867,3,166,5,Very fast delivery,2025-09-22 06:35:00
13595,22798,2193,17,131,3,Food quality could be better,2024-08-31 04:55:50
13596,22799,1493,12,18,5,Excellent service,2025-10-15 19:58:49
13597,22800,84,1,281,5,Fresh food,2024-12-13 03:17:27
13598,22803,326,20,15,4,Food was delicious,2026-04-07 22:57:53
13599,22804,1531,7,271,3,Food quality could be better,2024-10-14 10:00:57
13600,22807,1865,3,71,3,Not worth the price,2025-12-11 09:59:09
13601,22810,263,7,362,4,Food was delicious,2026-03-11 14:02:06
13602,22813,532,4,39,5,Amazing restaurant,2025-11-17 14:20:05
13603,22814,1757,20,372,3,Late delivery,2025-12-02 02:27:53
13604,22815,2236,19,7,5,Fresh food,2025-11-10 09:21:08
13605,22817,810,7,28,5,Driver was polite,2025-11-13 03:35:53
13606,22818,138,1,386,3,Food quality could be better,2024-11-04 12:17:55
13607,22821,2440,6,142,4,Driver was polite,2025-04-20 20:00:56
13608,22822,2312,9,120,5,Amazing restaurant,2025-12-16 11:45:09
13609,22823,721,12,146,2,Wrong order,2024-12-02 19:33:13
13610,22825,2440,6,383,4,Driver was polite,2024-10-10 16:20:23
13611,22826,2560,3,130,5,Highly recommended,2026-05-04 22:04:02
13612,22827,2026,1,137,5,Amazing restaurant,2025-01-02 10:50:12
13613,22828,1280,1,343,2,Food quality could be better,2025-01-13 15:20:24
13614,22829,632,17,93,4,Fresh food,2026-05-31 06:26:30
13615,22830,72,15,282,4,Perfect experience,2025-01-08 03:35:20
13616,22831,2502,3,203,5,Driver was polite,2026-05-16 07:16:02
13617,22833,875,18,96,3,Driver was rude,2024-09-04 07:07:29
13618,22834,2710,17,114,5,Very fast delivery,2026-03-27 03:18:23
13619,22839,2440,15,328,3,Late delivery,2026-03-02 22:19:14
13620,22841,1449,8,71,4,Driver was polite,2025-02-08 23:49:30
13621,22842,721,15,263,4,Perfect experience,2026-03-31 09:47:06
13622,22844,2433,13,284,2,Average experience,2025-05-10 21:10:43
13623,22845,2338,17,390,5,Food was delicious,2026-01-21 07:49:30
13624,22847,661,12,163,5,Very fast delivery,2024-10-02 23:03:07
13625,22848,1761,11,150,3,Not worth the price,2025-12-30 16:12:12
13626,22852,2235,5,334,3,Wrong order,2024-09-13 20:19:01
13627,22854,2412,11,179,4,Food was delicious,2024-10-11 09:31:06
13628,22855,1005,15,330,5,Excellent service,2024-12-26 23:53:30
13629,22857,697,3,37,5,Excellent service,2025-10-14 00:36:19
13630,22858,668,20,190,4,Amazing restaurant,2026-04-28 18:51:36
13631,22859,2229,18,290,5,Driver was polite,2024-09-26 18:25:56
13632,22865,994,2,17,5,Perfect experience,2026-05-30 19:08:39
13633,22867,2844,20,327,5,Very fast delivery,2025-04-14 12:10:30
13634,22868,600,13,178,5,Fresh food,2025-04-22 06:40:33
13635,22869,1859,1,136,5,Amazing restaurant,2025-08-21 13:08:05
13636,22870,1301,13,141,4,Excellent service,2025-12-21 15:06:36
13637,22871,2370,20,355,4,Excellent service,2026-04-17 03:06:19
13638,22872,69,7,362,5,Very fast delivery,2025-07-06 13:00:26
13639,22873,889,5,166,5,Fresh food,2025-06-21 15:11:08
13640,22874,351,13,11,5,Very fast delivery,2024-07-16 23:06:33
13641,22875,2690,13,141,4,Food was delicious,2025-06-29 09:18:09
13642,22877,1205,6,244,5,Amazing restaurant,2026-05-17 14:17:29
13643,22878,2696,6,189,3,Poor packaging,2026-07-11 19:48:17
13644,22879,1324,15,282,5,Driver was polite,2025-06-10 15:31:46
13645,22880,945,18,25,3,Food quality could be better,2025-07-04 15:08:20
13646,22881,709,18,79,4,Food was delicious,2025-09-22 21:00:46
13647,22882,123,5,290,5,Perfect experience,2025-07-13 07:23:13
13648,22884,798,14,382,5,Amazing restaurant,2025-09-22 15:24:08
13649,22885,254,20,106,3,Late delivery,2024-10-19 10:17:30
13650,22888,1482,20,162,5,Very fast delivery,2024-11-17 19:48:59
13651,22889,877,6,324,3,Poor packaging,2026-03-05 02:45:21
13652,22890,2167,13,127,5,Highly recommended,2025-11-23 06:07:36
13653,22891,2922,11,79,3,Late delivery,2024-12-06 15:29:39
13654,22893,1253,1,347,5,Highly recommended,2026-05-15 20:48:22
13655,22894,1702,3,388,5,Very fast delivery,2025-01-21 08:14:56
13656,22897,1748,17,22,5,Perfect experience,2025-10-03 04:13:40
13657,22898,2327,9,387,2,Wrong order,2024-11-09 19:15:06
13658,22900,1777,16,380,2,Poor packaging,2025-06-03 15:48:46
13659,22901,1240,8,179,5,Driver was polite,2024-10-04 10:41:56
13660,22905,173,14,382,3,Wrong order,2024-11-11 04:46:53
13661,22908,2489,9,318,5,Food was delicious,2025-07-26 15:07:51
13662,22909,2297,16,392,5,Fresh food,2026-03-14 08:51:33
13663,22910,40,15,263,3,Food quality could be better,2025-03-14 08:50:10
13664,22912,1075,15,317,5,Perfect experience,2025-04-10 22:28:43
13665,22913,2251,5,343,4,Very fast delivery,2026-03-23 07:26:05
13666,22915,263,11,8,3,Driver was rude,2026-02-21 11:05:40
13667,22917,63,17,1,4,Driver was polite,2025-09-21 15:37:30
13668,22918,1117,1,252,5,Highly recommended,2025-08-30 12:39:09
13669,22920,289,6,383,5,Perfect experience,2026-07-07 10:37:11
13670,22922,2278,7,272,4,Very fast delivery,2024-08-20 01:03:21
13671,22923,1810,7,101,3,Cold food,2025-05-16 09:09:02
13672,22924,2218,15,383,2,Not worth the price,2024-09-16 22:16:28
13673,22925,2209,7,350,5,Food was delicious,2024-10-13 16:36:23
13674,22926,903,2,92,2,Wrong order,2025-05-04 22:08:54
13675,22927,955,16,194,5,Excellent service,2026-01-29 20:14:11
13676,22928,549,20,213,5,Highly recommended,2025-10-08 18:45:30
13677,22929,1318,5,388,2,Late delivery,2025-07-15 00:57:42
13678,22930,1990,4,314,4,Food was delicious,2025-02-22 16:19:35
13679,22933,1696,19,386,3,Late delivery,2024-11-16 07:08:42
13680,22938,2789,17,106,2,Cold food,2025-08-04 12:01:33
13681,22939,1686,8,367,4,Amazing restaurant,2024-08-07 10:55:43
13682,22940,2327,9,357,4,Highly recommended,2026-02-12 17:10:44
13683,22941,161,12,3,5,Driver was polite,2026-04-30 15:38:54
13684,22943,498,19,34,5,Driver was polite,2025-09-13 23:07:56
13685,22944,289,6,40,5,Excellent service,2025-12-12 19:09:19
13686,22947,2852,18,201,4,Very fast delivery,2026-06-27 04:04:36
13687,22949,769,8,257,4,Perfect experience,2024-09-13 03:24:08
13688,22952,459,13,245,3,Food quality could be better,2025-12-28 20:18:42
13689,22955,1790,14,394,4,Excellent service,2025-10-23 21:08:45
13690,22957,580,20,11,3,Cold food,2026-05-13 01:59:03
13691,22959,455,18,334,5,Excellent service,2025-06-09 00:03:51
13692,22960,191,13,361,5,Excellent service,2025-08-01 17:39:36
13693,22961,1201,15,359,5,Amazing restaurant,2026-06-11 04:50:35
13694,22962,775,13,287,2,Wrong order,2025-03-17 21:00:34
13695,22963,1577,17,245,4,Excellent service,2025-08-21 04:47:46
13696,22965,2598,6,188,4,Perfect experience,2026-02-18 12:58:54
13697,22967,565,9,13,4,Perfect experience,2025-01-13 16:23:21
13698,22968,2228,6,260,5,Fresh food,2025-04-14 17:31:45
13699,22970,2628,7,135,5,Driver was polite,2025-10-19 20:15:10
13700,22972,25,10,166,5,Excellent service,2025-08-19 03:19:57
13701,22973,667,18,96,2,Cold food,2026-06-13 23:30:07
13702,22974,2765,15,244,4,Perfect experience,2025-10-19 05:56:22
13703,22975,1473,16,220,4,Very fast delivery,2025-09-15 21:09:29
13704,22976,792,7,339,3,Poor packaging,2024-09-04 18:25:23
13705,22977,877,12,328,5,Excellent service,2025-09-20 00:27:57
13706,22978,1363,17,345,4,Food was delicious,2025-11-25 14:31:39
13707,22979,434,17,239,5,Perfect experience,2025-05-14 10:25:15
13708,22980,2577,18,349,5,Very fast delivery,2025-01-12 02:33:48
13709,22981,2147,3,367,5,Driver was polite,2025-12-28 23:34:36
13710,22982,2376,4,150,5,Highly recommended,2026-01-24 13:06:57
13711,22983,268,12,188,5,Amazing restaurant,2026-04-29 17:40:52
13712,22985,2840,20,351,3,Wrong order,2025-12-26 00:42:35
13713,22986,2935,14,394,5,Fresh food,2025-05-29 12:52:51
13714,22987,224,12,260,4,Excellent service,2025-03-02 01:57:59
13715,22989,259,18,272,5,Highly recommended,2025-03-02 01:13:58
13716,22994,773,15,188,3,Not worth the price,2025-10-26 02:33:13
13717,22995,2975,9,352,4,Highly recommended,2026-04-08 15:58:26
13718,22996,957,20,178,3,Driver was rude,2025-03-15 03:41:47
13719,22997,391,1,274,5,Fresh food,2025-05-11 09:46:45
13720,22998,326,13,22,5,Very fast delivery,2026-07-03 19:22:16
13721,23000,448,13,213,5,Driver was polite,2024-10-13 23:04:00
13722,23002,418,4,34,5,Very fast delivery,2026-02-01 19:22:50
13723,23003,231,17,125,5,Fresh food,2024-08-14 13:50:19
13724,23004,2737,19,338,3,Average experience,2025-10-31 22:21:39
13725,23005,2580,6,356,3,Driver was rude,2025-09-26 11:35:02
13726,23006,2420,3,388,2,Food quality could be better,2026-06-30 05:58:58
13727,23007,2543,14,122,5,Perfect experience,2025-08-29 19:14:10
13728,23009,96,6,328,5,Perfect experience,2026-05-14 07:49:49
13729,23011,91,15,330,5,Excellent service,2026-07-01 09:06:32
13730,23012,558,3,349,3,Food quality could be better,2025-05-12 11:59:00
13731,23013,2523,6,328,4,Highly recommended,2024-08-22 00:04:58
13732,23017,1160,9,220,4,Amazing restaurant,2026-05-13 06:03:34
13733,23018,1883,17,361,5,Excellent service,2026-05-07 21:05:12
13734,23023,280,20,287,5,Driver was polite,2026-05-12 11:40:31
13735,23025,1416,20,47,5,Food was delicious,2024-08-29 09:19:44
13736,23027,462,9,392,3,Not worth the price,2024-12-18 14:02:28
13737,23028,850,13,132,1,Poor packaging,2024-11-22 16:55:48
13738,23029,2018,20,206,5,Perfect experience,2025-01-04 01:44:11
13739,23031,916,2,175,5,Perfect experience,2025-05-17 00:29:29
13740,23034,1144,6,189,4,Driver was polite,2025-06-09 11:47:52
13741,23037,1223,4,210,3,Not worth the price,2025-01-08 14:51:03
13742,23038,1377,20,93,4,Amazing restaurant,2025-03-30 03:10:40
13743,23039,2178,16,32,1,Cold food,2025-08-21 02:30:07
13744,23040,1926,9,380,4,Highly recommended,2025-08-25 03:59:06
13745,23042,437,4,118,5,Driver was polite,2024-07-20 20:42:42
13746,23043,289,15,54,5,Very fast delivery,2024-11-15 12:39:34
13747,23045,1646,7,360,5,Amazing restaurant,2025-10-27 01:04:41
13748,23047,333,17,131,4,Highly recommended,2025-03-26 09:17:09
13749,23048,197,6,229,5,Driver was polite,2024-09-05 17:34:24
13750,23049,62,11,95,3,Not worth the price,2026-04-08 01:47:26
13751,23051,1487,1,365,5,Very fast delivery,2025-07-17 18:53:43
13752,23052,1766,9,32,2,Average experience,2025-02-11 23:30:35
13753,23054,704,3,257,3,Wrong order,2024-12-20 21:07:33
13754,23055,714,11,28,5,Amazing restaurant,2026-02-10 12:33:05
13755,23056,220,2,94,5,Food was delicious,2025-07-03 02:26:08
13756,23057,2513,10,83,5,Amazing restaurant,2026-02-17 05:01:52
13757,23058,1364,13,276,5,Fresh food,2026-01-30 02:49:42
13758,23059,1687,7,238,5,Perfect experience,2026-05-03 01:28:31
13759,23061,2636,2,242,1,Cold food,2025-09-11 17:44:24
13760,23062,539,10,336,5,Highly recommended,2025-06-06 05:27:34
13761,23064,737,1,179,4,Fresh food,2025-02-08 19:44:22
13762,23065,535,4,226,5,Amazing restaurant,2025-01-27 09:56:54
13763,23068,2937,12,18,5,Excellent service,2026-06-06 16:52:39
13764,23069,166,5,362,5,Driver was polite,2025-03-07 10:27:16
13765,23070,1201,15,54,4,Excellent service,2025-07-17 22:00:55
13766,23072,2385,20,116,5,Fresh food,2025-01-22 12:13:33
13767,23074,2242,15,43,5,Food was delicious,2025-12-21 21:33:43
13768,23075,250,6,354,3,Food quality could be better,2025-04-08 14:06:00
13769,23077,1043,12,368,5,Highly recommended,2024-10-28 16:10:39
13770,23078,2661,13,35,5,Driver was polite,2025-07-31 08:39:03
13771,23080,370,1,400,4,Very fast delivery,2025-11-27 13:00:34
13772,23083,561,19,250,4,Amazing restaurant,2025-02-05 08:18:08
13773,23084,2279,10,46,3,Late delivery,2025-11-25 15:11:33
13774,23086,2017,2,224,4,Amazing restaurant,2025-03-23 21:21:30
13775,23090,1448,20,30,3,Late delivery,2026-04-16 23:05:15
13776,23092,1056,15,315,2,Average experience,2024-08-21 13:40:58
13777,23093,2026,18,65,5,Perfect experience,2025-03-17 03:37:16
13778,23094,1967,19,333,5,Amazing restaurant,2026-05-01 06:58:16
13779,23095,2392,14,122,4,Excellent service,2024-08-08 01:20:31
13780,23097,1956,4,320,5,Driver was polite,2026-01-04 08:08:58
13781,23098,62,1,290,5,Amazing restaurant,2025-07-05 05:36:47
13782,23100,1863,13,372,2,Late delivery,2025-10-27 07:11:54
13783,23101,2311,13,310,4,Highly recommended,2025-10-17 17:42:14
13784,23102,1761,8,367,4,Excellent service,2024-11-18 12:18:19
13785,23103,2262,18,36,5,Very fast delivery,2026-02-17 05:06:01
13786,23104,2574,17,307,1,Driver was rude,2025-04-28 13:30:57
13787,23105,1252,2,195,5,Highly recommended,2026-07-07 05:13:59
13788,23106,1767,13,313,5,Driver was polite,2025-02-01 13:53:16
13789,23107,665,15,43,5,Fresh food,2025-08-17 12:19:30
13790,23108,1478,15,322,5,Food was delicious,2025-01-19 22:22:53
13791,23109,2157,15,40,5,Amazing restaurant,2026-02-12 07:27:04
13792,23110,2579,18,199,5,Highly recommended,2026-01-26 12:03:15
13793,23111,2267,9,316,2,Poor packaging,2025-08-01 18:54:30
13794,23113,2928,4,149,3,Not worth the price,2026-05-24 23:53:38
13795,23114,1388,15,54,4,Excellent service,2025-03-31 11:54:13
13796,23115,561,19,103,5,Driver was polite,2025-05-14 21:59:53
13797,23116,1183,17,125,4,Food was delicious,2025-07-08 19:38:56
13798,23117,2673,17,102,5,Amazing restaurant,2024-11-04 21:01:49
13799,23119,2697,15,54,3,Food quality could be better,2024-12-08 18:16:36
13800,23120,1656,2,92,4,Perfect experience,2026-03-14 23:45:02
13801,23122,2986,11,199,5,Very fast delivery,2025-10-31 05:06:17
13802,23123,1045,5,135,5,Driver was polite,2026-01-27 22:02:20
13803,23125,2201,10,83,3,Poor packaging,2024-12-02 10:11:10
13804,23126,1898,2,57,5,Very fast delivery,2024-07-29 16:35:25
13805,23133,2926,10,250,4,Fresh food,2025-03-17 19:43:29
13806,23135,740,7,243,2,Wrong order,2026-02-19 16:55:19
13807,23136,1437,13,214,5,Excellent service,2024-11-18 04:11:34
13808,23137,509,11,137,4,Perfect experience,2026-01-02 15:00:50
13809,23138,1114,2,306,4,Very fast delivery,2026-02-09 07:33:33
13810,23141,52,13,77,5,Highly recommended,2026-01-25 10:33:58
13811,23142,2773,5,336,5,Very fast delivery,2025-01-16 10:59:44
13812,23143,2511,11,339,5,Driver was polite,2024-07-23 06:04:31
13813,23145,2518,2,364,5,Very fast delivery,2024-12-28 20:03:27
13814,23146,2597,1,46,5,Driver was polite,2025-11-27 05:42:35
13815,23147,298,17,313,2,Driver was rude,2025-08-17 13:46:07
13816,23150,2509,4,103,5,Very fast delivery,2024-11-25 10:07:00
13817,23152,1613,13,174,3,Driver was rude,2024-07-21 01:37:27
13818,23155,2645,12,354,2,Cold food,2026-04-24 23:06:11
13819,23156,586,12,189,1,Driver was rude,2026-02-08 01:14:47
13820,23157,2735,16,357,5,Food was delicious,2024-09-17 06:19:01
13821,23159,1487,10,183,5,Driver was polite,2025-09-14 11:39:58
13822,23160,131,2,17,5,Excellent service,2025-08-08 17:41:57
13823,23161,2702,8,130,4,Amazing restaurant,2024-08-17 23:22:22
13824,23163,2995,6,322,4,Amazing restaurant,2025-05-06 06:15:01
13825,23165,1267,15,112,5,Driver was polite,2025-07-27 07:01:41
13826,23166,1433,8,336,3,Average experience,2024-12-06 20:46:04
13827,23168,2773,19,29,5,Very fast delivery,2025-01-02 18:06:13
13828,23172,1298,20,185,5,Food was delicious,2025-01-27 19:00:10
13829,23174,2211,5,99,5,Perfect experience,2025-05-16 16:54:26
13830,23176,2841,20,245,5,Fresh food,2025-03-14 11:13:40
13831,23177,2305,5,230,5,Highly recommended,2025-01-09 06:16:05
13832,23179,1584,2,228,5,Food was delicious,2025-10-07 15:07:59
13833,23180,2008,3,272,3,Cold food,2025-02-21 22:41:22
13834,23182,548,18,7,5,Very fast delivery,2025-08-20 11:18:40
13835,23183,1398,13,269,4,Fresh food,2024-10-29 15:22:24
13836,23184,2493,2,94,4,Very fast delivery,2026-05-06 07:42:52
13837,23186,2528,15,176,5,Very fast delivery,2026-05-25 08:35:23
13838,23187,67,7,343,5,Very fast delivery,2024-11-25 14:36:17
13839,23192,2744,17,22,4,Driver was polite,2025-11-23 06:43:51
13840,23194,1226,10,80,5,Highly recommended,2026-05-31 01:14:43
13841,23197,2260,5,285,5,Very fast delivery,2026-03-05 16:50:31
13842,23198,307,17,174,4,Driver was polite,2024-07-17 15:26:37
13843,23199,1382,11,219,4,Driver was polite,2025-09-06 15:36:15
13844,23200,479,19,99,5,Very fast delivery,2026-05-25 15:43:50
13845,23202,1757,20,269,5,Highly recommended,2025-07-19 21:51:12
13846,23203,274,18,99,5,Excellent service,2024-12-19 09:15:24
13847,23205,2343,7,16,4,Driver was polite,2025-11-06 14:45:50
13848,23206,2565,7,126,4,Fresh food,2025-11-06 10:02:55
13849,23211,1100,4,34,4,Amazing restaurant,2025-02-02 07:08:04
13850,23212,2662,17,184,3,Driver was rude,2025-07-16 10:20:04
13851,23214,2116,10,96,2,Wrong order,2026-05-24 13:47:55
13852,23216,140,13,190,4,Fresh food,2026-03-25 13:25:36
13853,23217,2499,10,261,5,Driver was polite,2024-08-14 10:38:24
13854,23219,794,17,93,4,Highly recommended,2025-09-23 17:02:01
13855,23220,2566,2,195,5,Amazing restaurant,2025-06-14 11:02:19
13856,23222,1393,6,295,5,Excellent service,2025-08-02 23:40:53
13857,23225,2203,17,313,5,Food was delicious,2024-10-20 08:44:39
13858,23227,788,18,391,4,Amazing restaurant,2024-10-26 23:26:49
13859,23228,432,19,134,5,Amazing restaurant,2025-02-13 04:27:56
13860,23230,1543,12,319,5,Very fast delivery,2026-02-20 01:37:50
13861,23231,576,6,87,3,Food quality could be better,2025-07-31 05:52:24
13862,23233,537,8,29,1,Average experience,2024-09-25 05:13:11
13863,23234,2947,1,7,4,Food was delicious,2025-08-06 12:18:14
13864,23238,2462,11,209,3,Food quality could be better,2025-01-21 21:47:13
13865,23239,451,17,233,5,Highly recommended,2025-11-20 16:27:59
13866,23241,249,7,267,5,Very fast delivery,2026-04-15 09:02:34
13867,23242,156,16,220,5,Highly recommended,2025-09-21 07:55:50
13868,23243,2578,5,400,5,Fresh food,2026-03-23 19:12:36
13869,23247,2310,10,333,2,Wrong order,2025-06-01 08:14:43
13870,23249,836,11,272,3,Late delivery,2025-08-13 18:02:30
13871,23251,1012,15,59,5,Very fast delivery,2026-06-05 15:56:29
13872,23254,433,1,129,3,Driver was rude,2026-02-05 09:47:35
13873,23256,1435,12,283,5,Excellent service,2025-11-19 05:17:41
13874,23260,1037,15,299,4,Perfect experience,2026-01-17 13:00:33
13875,23266,2656,5,209,4,Very fast delivery,2025-02-02 10:37:02
13876,23267,1626,13,239,5,Excellent service,2025-11-24 22:22:13
13877,23268,155,13,376,5,Highly recommended,2025-10-21 08:44:19
13878,23269,2237,13,321,5,Perfect experience,2026-04-21 15:33:00
13879,23270,494,19,286,5,Food was delicious,2025-11-15 04:30:57
13880,23271,879,1,183,2,Food quality could be better,2025-05-27 20:26:24
13881,23273,1652,2,98,4,Perfect experience,2025-07-29 14:13:24
13882,23274,2929,7,343,5,Excellent service,2025-01-23 22:16:25
13883,23275,1253,5,253,3,Driver was rude,2025-03-27 22:53:13
13884,23276,1660,8,281,3,Wrong order,2025-05-25 02:16:27
13885,23277,769,1,7,3,Wrong order,2025-08-12 04:35:12
13886,23279,1573,19,243,3,Food quality could be better,2024-08-05 23:48:29
13887,23280,2494,19,42,3,Not worth the price,2026-02-20 05:55:26
13888,23281,2485,13,376,4,Perfect experience,2024-09-10 05:58:52
13889,23282,395,16,194,1,Not worth the price,2024-11-19 21:27:48
13890,23284,2003,18,347,2,Average experience,2026-07-02 08:27:06
13891,23290,1477,8,360,3,Cold food,2025-09-06 08:42:47
13892,23291,1552,2,53,5,Excellent service,2025-08-02 16:56:35
13893,23292,1497,13,307,4,Food was delicious,2026-07-06 14:54:01
13894,23293,1438,1,253,5,Food was delicious,2026-03-04 16:47:12
13895,23294,845,20,182,3,Food quality could be better,2025-02-05 09:23:45
13896,23296,2667,18,386,5,Amazing restaurant,2025-03-14 10:26:43
13897,23297,1212,10,339,5,Fresh food,2025-03-09 05:53:12
13898,23299,1882,6,244,4,Excellent service,2025-12-16 16:14:02
13899,23302,778,2,92,5,Perfect experience,2024-07-26 03:18:35
13900,23304,2290,12,43,5,Excellent service,2025-03-07 00:32:58
13901,23309,1034,6,356,4,Driver was polite,2025-11-30 00:13:21
13902,23311,1991,19,230,5,Perfect experience,2025-08-16 18:20:28
13903,23312,394,7,374,5,Driver was polite,2026-06-07 00:20:07
13904,23313,2979,11,152,5,Very fast delivery,2024-08-17 00:38:46
13905,23314,646,9,387,5,Driver was polite,2026-07-03 00:52:55
13906,23316,1229,6,138,4,Excellent service,2025-03-26 13:13:16
13907,23317,1509,4,23,3,Wrong order,2024-11-28 12:04:28
13908,23318,36,5,145,5,Fresh food,2024-09-03 05:25:39
13909,23321,78,4,400,1,Cold food,2025-12-31 16:31:34
13910,23322,447,17,93,5,Fresh food,2024-12-09 06:43:02
13911,23323,2642,16,302,2,Average experience,2025-09-24 20:17:04
13912,23324,1514,15,328,5,Highly recommended,2025-04-22 19:02:39
13913,23325,2536,11,99,4,Amazing restaurant,2026-05-26 19:01:39
13914,23326,633,9,387,3,Average experience,2024-11-30 02:01:09
13915,23328,1421,1,51,4,Amazing restaurant,2025-02-26 16:24:08
13916,23331,587,13,106,4,Very fast delivery,2025-01-31 11:12:30
13917,23332,1997,15,263,4,Perfect experience,2025-04-27 05:25:25
13918,23336,1510,15,85,5,Amazing restaurant,2026-03-17 03:44:21
13919,23337,103,17,2,4,Fresh food,2025-02-26 19:00:19
13920,23338,2709,19,166,5,Driver was polite,2025-05-27 23:27:43
13921,23339,2827,20,236,4,Fresh food,2025-09-06 17:25:00
13922,23344,2413,10,262,4,Driver was polite,2026-05-20 23:09:24
13923,23345,2285,9,318,4,Fresh food,2025-05-17 18:11:04
13924,23346,2969,20,309,4,Excellent service,2026-02-20 09:41:59
13925,23347,1218,15,142,5,Excellent service,2025-11-01 22:01:28
13926,23348,1119,19,219,5,Driver was polite,2026-01-10 15:30:48
13927,23349,1565,3,320,4,Amazing restaurant,2026-01-27 22:37:57
13928,23350,616,10,130,5,Very fast delivery,2025-12-31 06:08:12
13929,23353,194,8,267,5,Amazing restaurant,2024-09-28 18:16:55
13930,23354,2284,1,123,2,Average experience,2026-06-11 20:31:17
13931,23355,2697,6,324,5,Very fast delivery,2026-04-29 19:17:12
13932,23356,1889,15,138,5,Highly recommended,2025-03-26 02:53:49
13933,23358,1056,6,176,4,Food was delicious,2024-12-22 15:52:32
13934,23359,2577,11,201,3,Late delivery,2024-12-15 21:50:19
13935,23360,1377,20,390,1,Not worth the price,2026-04-07 12:32:23
13936,23361,2863,2,173,5,Amazing restaurant,2025-11-21 00:07:09
13937,23363,2512,9,234,5,Food was delicious,2024-08-14 21:09:17
13938,23364,850,20,141,4,Very fast delivery,2026-02-08 09:25:16
13939,23367,2319,15,54,3,Late delivery,2026-05-20 19:26:12
13940,23371,2557,2,221,5,Amazing restaurant,2025-01-13 14:08:55
13941,23372,2253,14,394,4,Perfect experience,2026-03-05 06:19:29
13942,23373,1599,8,34,3,Cold food,2025-01-08 18:08:56
13943,23374,522,7,252,4,Fresh food,2025-04-04 18:10:51
13944,23375,2946,1,204,5,Highly recommended,2025-11-19 14:06:13
13945,23376,495,12,112,4,Perfect experience,2024-08-09 15:57:12
13946,23378,1300,9,318,2,Late delivery,2026-05-13 05:43:48
13947,23379,2061,19,101,3,Not worth the price,2025-10-07 00:24:21
13948,23380,446,20,259,5,Highly recommended,2025-03-23 06:41:31
13949,23381,960,13,397,4,Food was delicious,2025-01-16 03:42:51
13950,23384,1290,5,323,4,Fresh food,2024-11-26 12:19:13
13951,23385,766,5,103,5,Highly recommended,2025-07-23 15:16:26
13952,23387,317,2,224,5,Excellent service,2025-08-29 14:11:35
13953,23388,155,17,233,3,Late delivery,2025-03-03 05:23:11
13954,23389,524,9,107,5,Amazing restaurant,2024-09-09 03:15:36
13955,23391,2345,11,199,1,Driver was rude,2025-10-20 12:04:26
13956,23392,2728,15,59,4,Food was delicious,2025-11-17 20:23:55
13957,23393,2361,9,234,5,Fresh food,2025-08-06 04:52:45
13958,23394,2844,20,184,4,Highly recommended,2024-10-26 20:30:19
13959,23395,2117,20,133,5,Fresh food,2025-01-12 07:00:42
13960,23396,2172,18,262,3,Late delivery,2025-12-27 08:33:44
13961,23397,1097,8,166,2,Poor packaging,2025-02-08 17:23:21
13962,23399,2009,16,318,4,Driver was polite,2025-07-31 11:23:42
13963,23402,2789,13,190,1,Cold food,2024-12-18 11:51:49
13964,23405,1768,2,399,3,Food quality could be better,2025-03-15 20:20:44
13965,23406,2132,2,221,5,Excellent service,2025-04-25 13:15:35
13966,23407,163,12,41,5,Excellent service,2026-01-18 14:31:39
13967,23408,1784,3,161,5,Food was delicious,2025-08-13 02:01:03
13968,23409,2975,16,291,5,Amazing restaurant,2026-03-07 11:09:34
13969,23410,2441,3,201,5,Excellent service,2026-01-16 11:24:17
13970,23411,889,5,23,5,Perfect experience,2025-11-21 18:37:19
13971,23414,341,2,399,3,Average experience,2026-02-07 09:16:15
13972,23415,2937,12,324,5,Food was delicious,2024-08-11 16:58:39
13973,23416,792,10,137,2,Poor packaging,2025-03-10 12:25:46
13974,23417,1394,19,149,4,Excellent service,2024-08-26 23:21:28
13975,23419,150,4,158,5,Highly recommended,2025-08-17 20:49:42
13976,23420,821,17,397,2,Driver was rude,2026-01-23 07:30:24
13977,23421,1057,10,203,5,Food was delicious,2025-04-04 03:48:33
13978,23423,2358,2,57,4,Highly recommended,2025-02-12 16:07:38
13979,23426,1783,16,12,5,Excellent service,2026-03-23 16:10:46
13980,23427,424,18,369,5,Perfect experience,2025-03-13 01:00:55
13981,23428,2064,18,386,4,Driver was polite,2024-11-13 00:47:06
13982,23429,1986,5,39,5,Highly recommended,2024-08-27 16:49:49
13983,23431,286,4,314,4,Fresh food,2025-08-30 00:01:52
13984,23434,1510,15,312,5,Driver was polite,2025-12-12 20:03:58
13985,23436,58,6,275,4,Amazing restaurant,2024-09-24 02:06:08
13986,23438,1813,6,304,5,Fresh food,2025-10-02 08:33:26
13987,23440,455,18,204,5,Driver was polite,2025-06-09 00:36:14
13988,23444,2524,17,303,5,Food was delicious,2026-01-31 18:00:15
13989,23446,1956,5,160,4,Highly recommended,2026-06-16 20:33:15
13990,23447,1650,18,42,4,Food was delicious,2026-07-14 18:26:28
13991,23448,1092,9,387,3,Not worth the price,2024-10-23 20:55:30
13992,23450,766,7,230,4,Excellent service,2025-10-29 11:08:40
13993,23452,2710,20,35,4,Very fast delivery,2026-01-11 05:13:50
13994,23453,2757,14,122,5,Fresh food,2025-07-28 08:31:57
13995,23454,1254,6,366,2,Not worth the price,2025-11-17 01:45:23
13996,23457,2532,19,103,4,Excellent service,2025-02-11 18:58:15
13997,23458,2384,20,345,2,Poor packaging,2024-08-13 11:16:03
13998,23459,1511,15,189,4,Excellent service,2026-06-21 05:34:53
13999,23460,1331,15,188,1,Average experience,2026-01-13 10:46:15
14000,23461,1594,2,224,2,Food quality could be better,2025-04-07 03:08:02
14001,23463,1291,17,307,4,Fresh food,2026-01-26 17:41:49
14002,23465,237,18,101,3,Cold food,2024-12-27 20:52:21
14003,23466,1345,2,305,3,Late delivery,2024-08-19 00:36:15
14004,23468,1082,19,250,4,Perfect experience,2025-05-04 12:51:52
14005,23469,2543,14,122,5,Driver was polite,2025-02-24 14:38:43
14006,23470,1679,13,35,2,Not worth the price,2025-02-27 05:05:58
14007,23471,1538,18,51,5,Food was delicious,2025-03-19 09:17:08
14008,23472,649,19,152,2,Not worth the price,2025-12-28 08:52:02
14009,23473,2884,10,262,3,Driver was rude,2024-12-10 02:14:26
14010,23474,1609,19,219,4,Food was delicious,2024-11-21 17:17:49
14011,23476,2838,19,335,4,Perfect experience,2026-02-21 21:42:37
14012,23477,2142,15,202,5,Amazing restaurant,2024-11-23 07:54:45
14013,23478,117,4,101,4,Driver was polite,2025-05-29 14:28:19
14014,23479,1675,20,269,5,Amazing restaurant,2025-02-03 14:27:41
14015,23481,2278,10,210,4,Driver was polite,2025-11-30 06:57:39
14016,23482,1522,14,394,4,Perfect experience,2025-04-14 03:00:13
14017,23484,1302,7,286,5,Excellent service,2026-04-26 22:43:36
14018,23492,1470,12,3,3,Not worth the price,2025-12-22 05:57:04
14019,23493,665,12,138,3,Wrong order,2025-08-21 04:50:24
14020,23495,523,20,269,4,Driver was polite,2026-04-01 22:57:44
14021,23498,1503,1,150,4,Driver was polite,2026-07-07 09:15:47
14022,23499,2653,15,85,5,Food was delicious,2025-05-06 22:38:04
14023,23500,2520,7,325,3,Late delivery,2025-06-20 13:10:59
14024,23501,655,11,25,5,Perfect experience,2025-07-15 11:09:36
14025,23502,2038,6,142,4,Amazing restaurant,2025-07-19 06:12:06
14026,23504,1650,7,23,4,Highly recommended,2025-11-28 02:53:01
14027,23507,1633,5,204,5,Driver was polite,2025-04-05 13:39:52
14028,23508,2598,6,260,5,Amazing restaurant,2025-04-26 13:19:34
14029,23511,2975,9,291,5,Very fast delivery,2025-05-01 13:45:07
14030,23512,1919,8,84,5,Amazing restaurant,2024-11-15 23:47:57
14031,23515,190,18,183,5,Food was delicious,2025-11-08 21:55:02
14032,23516,80,6,317,3,Late delivery,2025-10-06 10:49:06
14033,23518,1356,5,21,5,Highly recommended,2024-07-27 22:01:56
14034,23520,1412,2,181,3,Food quality could be better,2025-05-03 04:35:19
14035,23522,1779,20,102,4,Excellent service,2025-03-28 06:27:44
14036,23523,348,5,386,4,Highly recommended,2025-11-06 02:06:04
14037,23525,79,19,161,3,Average experience,2024-12-08 14:25:16
14038,23527,1362,7,204,3,Wrong order,2025-10-11 16:32:09
14039,23528,1062,10,374,3,Late delivery,2026-07-07 15:23:30
14040,23529,193,19,16,3,Average experience,2026-07-13 15:13:56
14041,23530,390,2,128,3,Late delivery,2025-01-16 21:47:08
14042,23532,2160,2,53,3,Poor packaging,2026-04-26 01:01:57
14043,23533,618,13,284,5,Fresh food,2025-10-19 05:28:55
14044,23534,39,9,72,3,Poor packaging,2025-02-09 08:25:34
14045,23535,1672,12,319,5,Very fast delivery,2025-06-06 07:13:18
14046,23536,2696,15,85,5,Highly recommended,2026-06-02 01:16:14
14047,23538,764,17,287,3,Not worth the price,2026-07-09 00:05:17
14048,23539,823,5,400,5,Fresh food,2025-07-10 00:21:07
14049,23540,1531,18,28,2,Poor packaging,2025-01-21 22:14:11
14050,23541,762,8,238,5,Excellent service,2025-03-30 07:23:41
14051,23544,778,2,296,4,Very fast delivery,2026-03-13 00:17:30
14052,23547,148,9,111,2,Not worth the price,2025-01-02 19:15:00
14053,23549,2054,13,91,5,Amazing restaurant,2025-06-11 14:01:49
14054,23550,556,12,322,3,Food quality could be better,2025-06-03 12:16:34
14055,23552,2513,4,381,4,Amazing restaurant,2025-05-14 16:56:56
14056,23553,858,16,13,4,Excellent service,2024-09-17 03:24:58
14057,23556,2074,13,132,3,Late delivery,2025-11-01 06:31:30
14058,23558,1675,13,236,1,Driver was rude,2025-03-21 10:10:46
14059,23560,2227,3,8,3,Driver was rude,2025-09-23 19:25:52
14060,23562,899,14,394,4,Perfect experience,2024-09-16 01:43:55
14061,23564,1118,19,130,5,Excellent service,2025-04-20 12:01:55
14062,23565,2914,5,95,4,Food was delicious,2024-09-06 20:14:50
14063,23566,2520,3,42,5,Amazing restaurant,2024-08-29 22:24:39
14064,23567,2970,19,272,5,Food was delicious,2025-09-12 02:22:09
14065,23568,2379,2,94,4,Fresh food,2024-09-21 05:13:03
14066,23569,2097,19,281,4,Highly recommended,2025-12-23 23:48:14
14067,23570,949,19,226,5,Very fast delivery,2025-12-14 06:18:13
14068,23571,2312,9,291,5,Excellent service,2024-12-31 07:23:51
14069,23573,2884,5,137,2,Not worth the price,2025-01-24 06:49:33
14070,23574,441,18,96,5,Highly recommended,2024-10-20 18:51:33
14071,23575,1196,3,42,5,Fresh food,2026-02-04 02:29:36
14072,23577,583,2,173,3,Late delivery,2025-01-23 09:22:36
14073,23578,2709,8,347,2,Cold food,2026-02-16 06:06:18
14074,23580,301,15,359,4,Perfect experience,2026-04-19 09:09:38
14075,23582,1579,1,289,1,Poor packaging,2025-01-08 22:10:56
14076,23586,1544,8,204,3,Food quality could be better,2024-09-25 01:02:10
14077,23587,1654,20,10,4,Food was delicious,2026-03-10 20:04:24
14078,23589,135,18,230,5,Perfect experience,2026-03-09 15:27:39
14079,23591,523,17,185,2,Poor packaging,2025-09-15 15:13:10
14080,23592,1230,10,386,3,Cold food,2025-07-27 17:59:16
14081,23593,1261,13,10,4,Perfect experience,2026-03-06 06:06:16
14082,23595,89,3,8,5,Food was delicious,2025-11-04 16:20:29
14083,23601,2088,11,150,4,Food was delicious,2025-05-11 12:11:41
14084,23604,1201,6,69,4,Amazing restaurant,2024-12-27 18:44:53
14085,23608,341,2,305,5,Highly recommended,2025-05-12 15:39:45
14086,23609,730,2,181,2,Poor packaging,2026-02-09 09:35:56
14087,23612,511,2,288,5,Amazing restaurant,2026-03-10 01:05:49
14088,23613,1940,13,214,5,Perfect experience,2025-05-23 06:07:34
14089,23618,1552,2,305,5,Very fast delivery,2026-04-19 13:02:17
14090,23620,1637,16,378,4,Perfect experience,2025-02-01 04:58:58
14091,23622,2922,8,274,5,Fresh food,2026-05-13 21:26:31
14092,23623,1084,5,25,5,Highly recommended,2024-10-25 20:48:54
14093,23626,525,12,359,4,Excellent service,2026-05-05 10:39:22
14094,23628,2055,11,267,5,Highly recommended,2025-08-19 05:12:03
14095,23630,386,20,169,5,Perfect experience,2025-03-21 14:50:53
14096,23632,863,17,206,4,Fresh food,2025-03-08 14:43:44
14097,23633,614,6,304,4,Driver was polite,2025-11-19 14:54:12
14098,23634,1741,20,121,4,Excellent service,2025-03-03 20:15:43
14099,23636,987,4,51,4,Excellent service,2024-11-18 07:14:45
14100,23637,1580,9,353,3,Average experience,2025-01-10 09:37:05
14101,23638,2067,11,34,4,Driver was polite,2026-06-25 02:49:55
14102,23643,519,3,374,5,Driver was polite,2026-05-15 23:10:00
14103,23644,1445,11,136,5,Food was delicious,2025-07-04 21:06:30
14104,23645,1381,2,17,5,Excellent service,2024-09-07 13:27:23
14105,23648,2433,20,218,5,Food was delicious,2025-11-09 11:36:54
14106,23649,2584,2,66,5,Fresh food,2024-10-10 01:49:40
14107,23651,2543,14,122,4,Amazing restaurant,2024-12-17 07:07:36
14108,23652,862,6,41,3,Not worth the price,2024-09-22 23:41:00
14109,23653,156,16,392,5,Perfect experience,2025-10-22 16:07:35
14110,23654,398,18,4,5,Fresh food,2024-12-09 06:01:04
14111,23656,1147,19,123,5,Highly recommended,2025-07-13 01:01:00
14112,23657,2176,17,174,5,Highly recommended,2025-07-24 15:12:22
14113,23659,1587,5,200,5,Fresh food,2025-11-12 13:33:27
14114,23660,2992,15,202,3,Driver was rude,2025-12-03 05:50:24
14115,23665,238,5,24,4,Perfect experience,2026-01-16 22:32:40
14116,23667,208,16,352,5,Excellent service,2025-12-16 00:46:53
14117,23668,2350,10,65,4,Excellent service,2025-02-24 02:04:27
14118,23672,704,1,336,3,Poor packaging,2025-11-20 18:42:04
14119,23673,231,17,93,4,Driver was polite,2025-03-02 16:22:53
14120,23674,2261,4,339,5,Very fast delivery,2026-02-27 02:36:09
14121,23675,69,5,96,2,Wrong order,2024-09-21 23:42:50
14122,23677,1389,17,245,4,Highly recommended,2024-11-03 03:16:41
14123,23678,1669,8,28,5,Perfect experience,2025-04-17 02:15:16
14124,23679,2648,19,365,3,Late delivery,2025-09-09 18:21:40
14125,23680,595,9,111,5,Very fast delivery,2025-11-13 23:58:40
14126,23682,67,4,24,5,Excellent service,2025-01-21 20:14:55
14127,23684,1543,15,142,5,Fresh food,2025-07-05 16:34:18
14128,23685,2926,10,8,4,Food was delicious,2026-03-16 09:41:18
14129,23686,2600,2,92,1,Not worth the price,2026-05-31 22:46:56
14130,23687,508,12,324,2,Poor packaging,2025-03-31 02:04:17
14131,23690,270,8,152,5,Highly recommended,2024-08-10 01:07:07
14132,23691,2136,6,299,5,Driver was polite,2026-02-15 11:05:48
14133,23693,884,10,103,5,Fresh food,2025-08-30 12:32:53
14134,23696,436,19,347,3,Poor packaging,2025-10-16 10:28:27
14135,23697,2040,5,335,5,Perfect experience,2026-06-13 05:09:43
14136,23698,39,9,191,5,Very fast delivery,2025-07-24 07:07:41
14137,23699,565,16,234,4,Very fast delivery,2025-03-16 07:30:35
14138,23701,2007,2,61,2,Food quality could be better,2025-12-10 03:55:39
14139,23702,2156,7,203,4,Driver was polite,2024-09-10 00:47:50
14140,23703,947,20,345,3,Not worth the price,2025-05-19 23:02:32
14141,23704,2869,20,50,4,Fresh food,2025-11-15 19:12:21
14142,23705,1923,17,10,4,Perfect experience,2026-05-23 21:39:58
14143,23707,254,17,235,3,Food quality could be better,2025-10-09 18:41:58
14144,23708,2206,20,178,3,Poor packaging,2024-08-15 18:42:13
14145,23709,2288,7,274,5,Very fast delivery,2024-09-25 11:02:13
14146,23710,1196,10,8,5,Excellent service,2025-03-14 05:29:26
14147,23712,427,14,394,1,Average experience,2024-09-27 00:16:07
14148,23713,2073,13,2,5,Very fast delivery,2025-07-16 17:59:16
14149,23714,2598,12,322,2,Food quality could be better,2026-03-10 18:20:43
14150,23716,1587,8,325,5,Very fast delivery,2025-05-23 20:00:16
14151,23717,1294,9,291,1,Wrong order,2024-09-19 21:08:06
14152,23718,2127,13,211,5,Driver was polite,2024-10-01 13:52:33
14153,23719,1636,17,214,4,Driver was polite,2025-07-25 20:46:05
14154,23720,2171,13,174,5,Excellent service,2024-10-26 18:26:58
14155,23721,2483,18,74,5,Highly recommended,2026-07-06 18:52:25
14156,23722,2781,8,103,5,Highly recommended,2024-10-02 03:47:00
14157,23723,2864,13,245,5,Food was delicious,2025-01-30 21:25:11
14158,23724,2488,2,181,5,Highly recommended,2025-01-13 03:49:40
14159,23725,2040,8,51,5,Driver was polite,2025-03-20 05:01:44
14160,23729,1012,6,146,5,Very fast delivery,2026-04-05 21:57:01
14161,23731,1000,3,323,5,Highly recommended,2026-03-07 23:04:56
14162,23732,1887,20,313,2,Driver was rude,2026-07-06 19:30:26
14163,23733,949,18,101,5,Fresh food,2025-07-20 18:16:56
14164,23734,864,2,223,5,Perfect experience,2024-11-27 16:43:21
14165,23738,396,1,340,5,Perfect experience,2025-09-16 14:42:30
14166,23740,845,13,276,4,Excellent service,2024-08-01 06:35:38
14167,23742,2820,18,113,4,Excellent service,2026-05-30 07:18:15
14168,23746,1784,10,338,5,Driver was polite,2025-05-21 23:23:38
14169,23747,2308,17,351,4,Perfect experience,2024-08-05 17:23:15
14170,23748,401,6,359,3,Not worth the price,2026-05-28 14:02:42
14171,23750,2583,10,314,4,Driver was polite,2026-05-19 00:57:42
14172,23752,2680,4,136,3,Driver was rude,2024-07-30 03:24:49
14173,23753,1417,3,126,5,Driver was polite,2024-10-01 03:36:49
14174,23754,2559,6,324,5,Fresh food,2024-11-22 16:19:41
14175,23755,889,18,29,5,Very fast delivery,2025-08-28 04:13:48
14176,23756,2774,9,191,5,Food was delicious,2024-08-20 14:46:09
14177,23757,1734,17,169,5,Very fast delivery,2025-11-20 17:26:23
14178,23758,2302,20,376,2,Not worth the price,2024-10-09 05:38:16
14179,23760,456,5,367,5,Very fast delivery,2026-05-20 02:57:41
14180,23761,1786,15,244,4,Amazing restaurant,2025-02-13 12:43:09
14181,23763,2213,17,133,5,Driver was polite,2025-12-16 02:39:34
14182,23764,1879,10,136,4,Perfect experience,2025-09-10 00:04:25
14183,23765,2397,10,365,4,Driver was polite,2025-06-21 08:16:10
14184,23768,2333,4,243,4,Food was delicious,2024-11-14 15:20:49
14185,23769,313,13,172,4,Fresh food,2025-12-22 13:12:44
14186,23770,2720,2,296,5,Amazing restaurant,2024-11-09 14:59:26
14187,23772,2510,6,142,5,Perfect experience,2025-12-23 21:14:33
14188,23773,1520,14,122,5,Driver was polite,2024-10-27 00:50:07
14189,23777,1201,12,138,5,Excellent service,2025-10-22 07:22:27
14190,23781,1025,10,37,3,Food quality could be better,2026-05-24 22:38:42
14191,23789,1355,8,161,5,Fresh food,2024-12-23 11:07:05
14192,23790,1781,2,17,5,Very fast delivery,2026-02-22 05:37:42
14193,23793,2147,19,400,4,Amazing restaurant,2025-02-13 01:58:18
14194,23795,299,20,131,3,Late delivery,2026-07-11 23:29:24
14195,23796,598,17,390,5,Very fast delivery,2025-08-01 04:55:01
14196,23797,1831,18,65,4,Driver was polite,2025-02-24 01:14:10
14197,23799,2443,13,86,3,Cold food,2025-04-25 08:59:30
14198,23800,2363,4,243,5,Excellent service,2025-05-26 12:53:34
14199,23801,2618,5,21,5,Amazing restaurant,2026-02-19 23:49:13
14200,23803,2750,13,121,5,Perfect experience,2026-05-26 03:48:35
14201,23807,287,13,390,5,Very fast delivery,2025-03-11 17:01:28
14202,23808,2925,4,83,2,Cold food,2025-11-03 09:12:42
14203,23810,1741,20,233,3,Cold food,2026-04-14 03:44:18
14204,23814,1680,1,381,4,Excellent service,2025-11-24 08:24:57
14205,23816,1070,19,84,5,Highly recommended,2024-11-02 04:03:54
14206,23818,2590,17,321,4,Amazing restaurant,2025-03-13 17:14:42
14207,23821,2258,20,114,4,Excellent service,2025-06-19 09:36:05
14208,23823,1001,1,350,4,Fresh food,2025-12-01 20:26:04
14209,23825,875,1,365,4,Highly recommended,2024-11-02 23:46:54
14210,23826,442,12,3,5,Very fast delivery,2025-08-22 16:44:31
14211,23828,2853,17,10,3,Average experience,2024-08-29 11:21:27
14212,23829,344,1,123,3,Poor packaging,2026-03-17 05:10:02
14213,23831,1386,5,31,4,Food was delicious,2024-10-01 14:52:29
14214,23832,233,20,309,4,Fresh food,2025-12-30 07:44:47
14215,23834,1001,5,31,4,Food was delicious,2025-08-31 14:39:25
14216,23838,607,3,386,5,Perfect experience,2025-01-09 10:56:17
14217,23841,511,2,306,5,Perfect experience,2024-09-09 01:34:31
14218,23844,504,2,224,4,Excellent service,2025-08-12 04:49:03
14219,23846,855,13,93,3,Driver was rude,2025-09-28 18:57:11
14220,23847,1171,6,159,5,Driver was polite,2026-01-11 22:42:49
14221,23849,933,8,350,5,Driver was polite,2026-07-10 16:50:01
14222,23850,1218,6,85,4,Driver was polite,2025-09-29 11:37:33
14223,23851,1648,10,339,5,Very fast delivery,2025-07-30 04:34:40
14224,23856,1718,12,275,5,Driver was polite,2026-03-29 12:34:12
14225,23858,1977,13,114,3,Driver was rude,2026-02-13 22:58:03
14226,23861,1613,20,10,5,Highly recommended,2025-01-10 19:05:13
14227,23863,75,2,57,5,Amazing restaurant,2026-05-01 12:46:42
14228,23864,2330,20,141,5,Food was delicious,2025-04-19 11:24:03
14229,23865,2168,16,387,5,Perfect experience,2025-08-22 02:24:05
14230,23870,182,15,54,2,Food quality could be better,2026-02-01 06:40:09
14231,23871,1734,20,284,3,Wrong order,2024-10-23 05:22:46
14232,23872,1739,1,83,4,Driver was polite,2025-06-11 09:22:54
14233,23873,276,18,123,5,Food was delicious,2025-05-17 20:17:19
14234,23874,978,19,253,4,Highly recommended,2025-03-14 13:52:53
14235,23875,1428,12,231,4,Food was delicious,2026-01-07 20:22:38
14236,23877,1869,17,141,5,Driver was polite,2025-01-19 17:45:41
14237,23879,1520,14,394,3,Poor packaging,2025-04-15 16:24:54
14238,23880,858,16,220,5,Very fast delivery,2025-08-23 20:01:27
14239,23881,490,18,168,4,Driver was polite,2025-09-21 14:03:13
14240,23883,1034,15,337,4,Amazing restaurant,2026-04-22 12:25:27
14241,23884,588,17,10,5,Perfect experience,2026-01-09 23:04:44
14242,23885,2453,11,266,5,Driver was polite,2025-03-05 03:04:40
14243,23888,1298,13,124,4,Perfect experience,2026-06-23 18:53:36
14244,23889,442,6,322,5,Amazing restaurant,2025-12-17 16:25:47
14245,23890,1635,12,328,4,Fresh food,2025-09-13 08:38:23
14246,23891,1748,13,22,5,Fresh food,2026-07-13 18:07:10
14247,23892,402,18,8,5,Very fast delivery,2026-04-13 10:24:26
14248,23894,1124,9,12,4,Very fast delivery,2024-08-08 09:10:29
14249,23898,1284,5,105,5,Amazing restaurant,2025-05-07 05:36:32
14250,23900,446,17,207,4,Driver was polite,2025-05-30 06:15:53
14251,23902,575,12,87,2,Wrong order,2025-10-12 09:27:08
14252,23904,216,11,166,4,Excellent service,2025-02-18 04:37:55
14253,23905,378,11,362,4,Excellent service,2026-06-27 01:02:28
14254,23907,866,19,130,5,Fresh food,2026-04-13 10:14:53
14255,23908,362,19,96,4,Amazing restaurant,2026-04-25 09:00:48
14256,23910,2979,1,391,2,Not worth the price,2024-09-26 02:27:07
14257,23912,1404,7,103,4,Food was delicious,2025-07-17 19:54:24
14258,23914,1167,1,262,1,Poor packaging,2025-05-08 07:01:58
14259,23915,34,2,294,5,Excellent service,2025-09-19 10:43:25
14260,23916,302,8,365,3,Poor packaging,2025-10-16 01:35:51
14261,23918,2752,20,213,5,Fresh food,2026-07-09 11:08:29
14262,23919,2281,3,42,3,Driver was rude,2024-12-08 12:42:36
14263,23920,2331,6,295,3,Late delivery,2026-07-01 08:48:52
14264,23922,2003,11,271,5,Fresh food,2024-07-20 03:59:56
14265,23923,490,7,200,5,Amazing restaurant,2024-07-17 22:20:14
14266,23924,786,13,355,4,Driver was polite,2024-10-12 01:22:55
14267,23926,1715,6,359,1,Cold food,2024-08-27 21:58:27
14268,23927,2344,12,312,4,Fresh food,2026-05-19 04:32:01
14269,23928,2621,7,334,5,Driver was polite,2025-08-24 22:00:41
14270,23931,2668,13,86,5,Driver was polite,2025-02-10 12:18:27
14271,23932,1838,16,352,4,Amazing restaurant,2026-03-12 16:43:51
14272,23933,2027,8,183,3,Cold food,2025-07-15 15:38:24
14273,23935,2997,1,400,3,Wrong order,2024-09-18 04:39:18
14274,23937,2084,8,261,4,Highly recommended,2026-02-02 22:51:48
14275,23938,2986,19,340,5,Very fast delivery,2025-03-14 08:21:44
14276,23943,1268,17,86,3,Not worth the price,2025-07-03 13:14:00
14277,23944,1192,18,160,5,Excellent service,2025-10-20 23:23:24
14278,23945,1361,17,22,5,Driver was polite,2025-05-09 16:47:31
14279,23946,1992,20,47,3,Not worth the price,2026-01-25 19:18:12
14280,23949,2865,3,367,5,Fresh food,2025-05-14 05:34:04
14281,23952,2635,19,65,5,Driver was polite,2024-07-31 07:09:58
14282,23953,1203,15,354,4,Food was delicious,2026-03-20 14:28:28
14283,23955,856,2,221,3,Driver was rude,2026-01-19 00:47:36
14284,23957,1615,18,200,4,Fresh food,2026-05-14 13:41:25
14285,23958,1931,19,266,3,Late delivery,2025-05-04 00:17:55
14286,23959,2766,6,366,5,Amazing restaurant,2026-07-01 17:53:12
14287,23960,2945,6,315,5,Highly recommended,2026-03-25 19:48:42
14288,23961,1877,6,248,5,Highly recommended,2025-01-27 19:43:35
14289,23962,2462,8,201,5,Perfect experience,2025-09-26 11:40:26
14290,23963,524,16,302,5,Food was delicious,2025-08-25 07:19:10
14291,23965,1391,12,282,4,Amazing restaurant,2025-08-22 23:10:24
14292,23966,1614,17,38,5,Perfect experience,2025-07-10 13:09:09
14293,23967,460,16,378,4,Very fast delivery,2025-03-27 22:47:20
14294,23968,1045,4,168,4,Highly recommended,2025-08-01 21:44:54
14295,23969,2885,6,330,4,Driver was polite,2025-08-20 10:43:55
14296,23970,186,17,151,5,Highly recommended,2026-04-24 12:43:04
14297,23971,2219,1,210,5,Driver was polite,2025-10-26 01:02:16
14298,23973,2381,15,315,5,Very fast delivery,2025-05-13 12:47:15
14299,23975,94,4,369,5,Highly recommended,2024-12-06 20:50:55
14300,23976,637,18,336,4,Driver was polite,2024-09-11 17:40:20
14301,23978,1185,6,275,2,Late delivery,2025-05-19 21:56:48
14302,23983,533,5,153,4,Driver was polite,2025-07-28 05:03:56
14303,23985,2107,17,235,5,Highly recommended,2025-04-21 12:06:35
14304,23986,116,18,238,4,Excellent service,2025-07-26 09:20:25
14305,23988,1294,9,316,5,Highly recommended,2024-09-19 04:40:13
14306,23989,98,20,38,1,Cold food,2024-08-17 11:01:22
14307,23991,1549,18,340,5,Driver was polite,2025-08-02 03:52:56
14308,23992,670,20,239,5,Amazing restaurant,2026-05-27 00:07:46
14309,23994,2912,19,29,5,Amazing restaurant,2024-07-19 07:25:20
14310,23995,2301,4,147,5,Highly recommended,2025-12-22 04:21:10
14311,23996,46,3,290,5,Food was delicious,2026-04-30 23:16:31
14312,23999,2205,10,347,2,Cold food,2025-03-31 11:34:42
14313,24000,325,15,229,5,Driver was polite,2026-06-20 12:13:23
14314,24003,1154,2,364,3,Driver was rude,2024-09-12 15:41:44
14315,24005,2042,14,382,4,Very fast delivery,2024-11-23 21:58:42
14316,24006,2324,12,81,1,Not worth the price,2024-10-26 12:17:51
14317,24007,1539,13,106,5,Driver was polite,2024-08-23 07:59:00
14318,24010,1866,20,97,5,Highly recommended,2024-08-02 19:00:30
14319,24013,2840,20,265,5,Excellent service,2024-11-25 03:02:00
14320,24015,2342,5,46,4,Very fast delivery,2025-07-11 11:04:58
14321,24016,253,10,388,4,Food was delicious,2024-12-12 05:20:40
14322,24017,1956,4,145,2,Wrong order,2025-07-06 22:59:39
14323,24018,1993,16,111,3,Poor packaging,2025-01-17 02:52:47
14324,24020,712,8,238,4,Driver was polite,2025-07-13 09:15:55
14325,24021,616,18,129,4,Perfect experience,2025-02-07 02:01:59
14326,24022,161,6,319,3,Average experience,2025-12-19 04:43:38
14327,24023,1743,10,335,3,Poor packaging,2025-07-12 05:42:54
14328,24024,2697,15,85,3,Not worth the price,2025-11-16 02:43:01
14329,24025,2421,13,125,5,Fresh food,2025-11-09 18:57:24
14330,24026,798,14,394,5,Amazing restaurant,2026-01-12 06:55:32
14331,24027,1793,13,11,4,Perfect experience,2026-05-05 17:07:56
14332,24029,1188,17,50,5,Amazing restaurant,2026-04-11 14:39:11
14333,24030,729,17,284,4,Driver was polite,2024-08-02 15:54:21
14334,24031,2220,19,135,5,Excellent service,2025-07-31 12:16:17
14335,24032,796,2,57,4,Fresh food,2026-01-28 00:37:31
14336,24033,1520,14,382,5,Fresh food,2025-12-03 21:54:32
14337,24034,2789,17,185,4,Fresh food,2025-12-04 08:40:27
14338,24035,1866,20,207,3,Cold food,2026-01-19 03:49:09
14339,24036,2773,18,134,4,Amazing restaurant,2025-07-17 12:15:12
14340,24040,785,10,311,3,Food quality could be better,2026-02-11 15:18:53
14341,24044,591,2,296,4,Amazing restaurant,2024-12-18 03:55:12
14342,24046,416,3,204,5,Driver was polite,2024-07-25 07:49:29
14343,24047,47,20,287,2,Average experience,2024-08-15 05:54:18
14344,24050,1394,1,129,3,Food quality could be better,2025-02-16 21:01:44
14345,24052,1858,13,265,3,Driver was rude,2025-12-05 10:22:37
14346,24055,1022,14,394,5,Driver was polite,2024-09-17 22:18:48
14347,24056,2478,1,90,5,Perfect experience,2025-08-06 02:24:27
14348,24058,997,9,12,5,Amazing restaurant,2025-05-09 17:55:48
14349,24059,2909,20,172,3,Not worth the price,2024-10-19 07:10:10
14350,24061,1118,1,250,1,Driver was rude,2025-11-04 00:21:00
14351,24062,981,20,239,3,Not worth the price,2026-02-25 03:18:00
14352,24064,2524,17,256,5,Food was delicious,2026-04-27 12:49:30
14353,24065,336,10,130,5,Excellent service,2024-10-19 17:10:21
14354,24067,443,4,179,4,Driver was polite,2026-05-05 03:27:45
14355,24070,2805,1,152,5,Amazing restaurant,2025-12-19 21:32:14
14356,24071,127,4,160,4,Perfect experience,2025-12-20 14:51:10
14357,24072,1498,20,207,4,Excellent service,2025-09-15 23:09:01
14358,24073,2985,13,287,3,Average experience,2026-05-01 12:55:40
14359,24075,1812,17,276,5,Driver was polite,2025-02-16 09:49:07
14360,24076,1076,15,188,4,Very fast delivery,2026-03-09 03:08:39
14361,24078,173,14,394,5,Very fast delivery,2025-01-19 22:43:17
14362,24079,589,13,125,1,Wrong order,2025-10-06 15:18:09
14363,24080,2418,4,101,5,Driver was polite,2025-05-26 14:29:12
14364,24081,455,11,365,5,Highly recommended,2025-04-11 01:28:11
14365,24084,2156,7,101,5,Excellent service,2024-10-25 12:50:46
14366,24086,2861,20,35,2,Late delivery,2026-05-28 21:51:15
14367,24087,862,6,299,5,Fresh food,2025-07-04 00:36:04
14368,24088,1016,8,83,4,Driver was polite,2025-10-04 06:00:30
14369,24089,2853,13,376,5,Highly recommended,2024-12-12 16:57:23
14370,24090,1311,12,165,3,Wrong order,2025-12-05 03:57:03
14371,24096,1497,13,313,5,Highly recommended,2024-10-23 09:54:19
14372,24098,275,6,231,5,Perfect experience,2025-01-31 11:42:12
14373,24101,1636,13,182,5,Highly recommended,2024-10-05 10:48:35
14374,24102,2615,15,41,4,Driver was polite,2026-06-23 15:09:14
14375,24103,2123,3,150,4,Very fast delivery,2026-07-03 15:33:56
14376,24105,231,13,151,2,Poor packaging,2025-01-21 04:01:01
14377,24107,2840,17,327,2,Not worth the price,2025-01-25 20:58:51
14378,24108,198,19,79,4,Food was delicious,2024-08-12 16:34:49
14379,24109,2035,3,34,3,Poor packaging,2024-07-19 09:36:19
14380,24110,2565,1,325,4,Amazing restaurant,2026-02-20 21:24:47
14381,24111,2739,6,85,5,Perfect experience,2025-11-06 02:31:11
14382,24112,673,3,350,3,Cold food,2025-03-09 18:46:24
14383,24115,1396,18,325,5,Food was delicious,2026-05-01 14:31:16
14384,24119,804,15,146,5,Excellent service,2025-10-14 22:42:03
14385,24122,88,5,238,4,Driver was polite,2026-06-29 09:54:59
14386,24124,562,4,39,4,Very fast delivery,2024-09-02 05:34:05
14387,24125,1928,4,28,5,Driver was polite,2025-11-29 16:11:08
14388,24126,802,5,65,4,Excellent service,2025-04-10 09:16:34
14389,24127,675,14,394,5,Highly recommended,2024-11-30 13:04:49
14390,24129,2811,11,257,4,Highly recommended,2025-05-23 01:00:49
14391,24130,251,15,359,5,Highly recommended,2024-11-25 23:18:31
14392,24131,450,13,269,4,Fresh food,2026-01-23 19:25:47
14393,24133,2508,17,2,5,Excellent service,2026-06-01 02:17:11
14394,24134,866,19,257,5,Driver was polite,2024-07-24 10:54:59
14395,24135,1769,8,203,5,Fresh food,2025-12-30 18:03:13
14396,24137,1441,13,284,5,Food was delicious,2025-02-25 08:47:30
14397,24141,2581,13,47,4,Very fast delivery,2024-10-25 02:46:46
14398,24142,2766,12,41,5,Amazing restaurant,2026-05-31 10:17:17
14399,24143,1931,1,362,5,Food was delicious,2025-01-11 12:21:52
14400,24145,1154,2,66,5,Very fast delivery,2024-11-06 10:41:28
14401,24146,2249,13,310,5,Perfect experience,2026-04-28 10:55:01
14402,24147,1795,17,77,4,Very fast delivery,2024-07-26 10:34:17
14403,24150,1959,5,179,5,Amazing restaurant,2025-04-11 12:33:02
14404,24151,1531,5,388,5,Food was delicious,2025-12-28 12:42:01
14405,24156,238,3,243,5,Fresh food,2025-04-18 10:22:41
14406,24157,1549,4,238,4,Excellent service,2025-08-22 05:02:01
14407,24158,2345,1,130,5,Highly recommended,2026-04-04 03:11:57
14408,24160,739,16,12,5,Fresh food,2026-02-28 02:29:30
14409,24165,483,2,224,1,Average experience,2024-12-16 09:34:17
14410,24167,1862,10,31,3,Poor packaging,2024-11-14 12:25:57
14411,24169,2167,13,276,4,Food was delicious,2025-09-10 20:29:21
14412,24170,1740,20,233,5,Very fast delivery,2025-04-15 16:27:05
14413,24173,1371,12,3,2,Wrong order,2024-12-28 05:56:11
14414,24174,85,12,260,5,Very fast delivery,2024-08-13 16:29:59
14415,24175,2954,18,257,3,Late delivery,2025-11-22 02:25:47
14416,24177,1906,17,185,5,Very fast delivery,2025-08-05 09:29:46
14417,24178,828,13,214,4,Driver was polite,2025-08-19 07:55:47
14418,24179,514,17,303,3,Average experience,2024-08-09 04:40:30
14419,24181,2717,20,239,4,Fresh food,2026-01-29 13:38:57
14420,24183,2848,7,21,5,Amazing restaurant,2024-09-04 17:07:02
14421,24185,2553,20,97,5,Driver was polite,2026-04-22 00:05:36
14422,24186,2728,12,375,4,Fresh food,2025-02-28 01:52:07
14423,24190,1705,3,28,2,Late delivery,2026-05-06 22:44:46
14424,24191,2305,10,136,4,Highly recommended,2024-08-21 17:03:29
14425,24193,1394,18,267,5,Amazing restaurant,2025-09-14 06:06:12
14426,24196,2136,15,232,5,Fresh food,2026-04-09 23:09:07
14427,24201,224,12,312,4,Very fast delivery,2024-09-30 11:53:26
14428,24203,958,20,133,3,Not worth the price,2026-04-17 15:10:58
14429,24205,1378,8,29,4,Fresh food,2025-02-19 14:07:11
14430,24210,365,19,253,5,Food was delicious,2026-01-23 02:04:04
14431,24212,588,13,235,4,Fresh food,2025-06-13 20:30:01
14432,24213,2351,5,164,4,Food was delicious,2026-05-01 19:17:38
14433,24215,2375,8,24,4,Very fast delivery,2025-04-14 20:46:08
14434,24216,96,12,299,3,Driver was rude,2024-12-19 02:19:30
14435,24217,1589,13,119,5,Driver was polite,2025-08-11 14:23:30
14436,24219,2942,17,174,4,Driver was polite,2025-01-19 23:32:16
14437,24221,2514,18,311,5,Excellent service,2025-07-17 01:13:19
14438,24222,16,18,71,2,Poor packaging,2025-02-22 08:33:45
14439,24224,1396,18,365,3,Driver was rude,2026-05-01 04:48:11
14440,24225,1504,6,159,4,Amazing restaurant,2026-06-12 22:21:55
14441,24226,988,15,315,3,Poor packaging,2025-01-21 20:29:59
14442,24227,877,12,40,3,Cold food,2025-08-18 15:47:32
14443,24228,1580,16,316,4,Amazing restaurant,2024-09-20 15:28:27
14444,24234,2025,13,245,4,Excellent service,2025-10-23 21:30:38
14445,24236,2359,2,399,5,Amazing restaurant,2024-09-20 22:04:09
14446,24237,210,20,11,5,Perfect experience,2025-11-02 03:07:52
14447,24238,716,18,126,4,Very fast delivery,2025-07-04 05:45:40
14448,24240,755,15,87,5,Very fast delivery,2024-12-24 10:57:24
14449,24241,1887,20,106,3,Average experience,2026-04-07 01:32:52
14450,24242,938,6,69,2,Not worth the price,2026-01-21 06:18:44
14451,24243,651,3,79,5,Food was delicious,2026-02-07 10:06:00
14452,24244,149,3,34,5,Very fast delivery,2025-02-26 21:14:02
14453,24248,2260,18,367,4,Fresh food,2026-04-07 15:16:38
14454,24249,1790,14,382,3,Cold food,2026-06-03 20:12:27
14455,24250,1566,6,43,4,Driver was polite,2025-10-28 22:04:08
14456,24251,1059,15,317,5,Fresh food,2025-05-15 10:54:41
14457,24252,1326,13,303,4,Driver was polite,2024-10-25 14:46:53
14458,24254,2565,8,113,2,Driver was rude,2025-11-22 03:43:17
14459,24258,2351,4,95,5,Very fast delivery,2024-08-25 05:09:26
14460,24259,1762,12,48,4,Very fast delivery,2025-08-12 22:18:15
14461,24260,2114,20,162,5,Highly recommended,2025-02-16 02:35:06
14462,24261,1562,13,50,4,Fresh food,2024-12-06 07:03:47
14463,24262,2937,15,81,5,Excellent service,2025-12-23 03:28:09
14464,24263,2386,15,337,3,Not worth the price,2026-03-13 14:05:38
14465,24265,957,17,178,4,Fresh food,2026-02-18 22:07:59
14466,24268,1387,3,37,4,Amazing restaurant,2026-06-17 20:53:51
14467,24269,66,1,290,5,Perfect experience,2025-11-22 00:24:01
14468,24271,1047,5,346,3,Driver was rude,2026-05-06 12:14:35
14469,24273,2865,7,266,5,Amazing restaurant,2025-10-11 08:14:50
14470,24274,1084,8,349,5,Excellent service,2025-01-21 18:33:07
14471,24276,1542,6,48,4,Perfect experience,2026-06-01 11:26:59
14472,24279,394,4,388,5,Very fast delivery,2024-11-10 14:24:59
14473,24282,2514,10,311,4,Perfect experience,2025-09-03 01:55:12
14474,24283,1097,4,96,4,Highly recommended,2025-02-11 11:44:37
14475,24285,1394,1,36,4,Very fast delivery,2024-10-02 20:51:16
14476,24286,1309,20,182,5,Perfect experience,2024-08-18 13:02:11
14477,24287,168,12,260,4,Perfect experience,2025-03-18 09:08:01
14478,24289,106,19,226,3,Poor packaging,2025-11-30 22:08:58
14479,24293,1612,12,202,4,Highly recommended,2025-05-27 08:39:06
14480,24294,2054,20,174,5,Driver was polite,2025-11-25 19:29:49
14481,24298,537,4,219,5,Amazing restaurant,2025-07-03 03:04:46
14482,24300,428,16,234,5,Food was delicious,2026-06-05 08:38:15
14483,24305,2189,13,157,5,Fresh food,2025-02-02 10:37:01
14484,24306,506,20,355,5,Amazing restaurant,2025-11-29 16:02:19
14485,24308,2114,13,47,3,Not worth the price,2026-03-03 19:37:20
14486,24309,2586,2,61,4,Excellent service,2025-01-12 12:45:57
14487,24310,2662,13,245,5,Perfect experience,2026-03-18 19:06:54
14488,24314,2744,13,239,2,Wrong order,2024-08-30 13:42:39
14489,24315,1969,17,303,5,Perfect experience,2025-08-22 15:44:26
14490,24317,2026,3,200,5,Perfect experience,2025-04-30 22:35:01
14491,24318,761,10,105,3,Cold food,2025-07-07 01:59:49
14492,24320,1572,15,159,5,Fresh food,2024-12-05 14:06:09
14493,24324,1969,17,321,4,Highly recommended,2026-05-13 09:27:46
14494,24325,2298,1,346,3,Wrong order,2024-09-22 12:16:36
14495,24326,217,18,161,3,Food quality could be better,2025-08-30 17:20:43
14496,24327,1339,17,22,3,Driver was rude,2025-06-18 10:10:46
14497,24328,1108,1,346,4,Amazing restaurant,2026-02-27 00:02:09
14498,24329,503,10,118,5,Fresh food,2025-02-17 06:59:50
14499,24331,1299,14,394,5,Food was delicious,2025-04-17 11:30:28
14500,24332,1614,17,131,4,Fresh food,2025-03-11 00:19:11
14501,24333,1176,2,173,3,Wrong order,2025-07-03 05:46:22
14502,24334,901,7,95,4,Food was delicious,2025-11-23 20:46:35
14503,24336,2924,14,382,5,Very fast delivery,2025-05-18 20:27:49
14504,24337,2860,1,200,4,Driver was polite,2025-08-09 16:26:15
14505,24338,1769,19,24,5,Highly recommended,2025-11-11 22:22:23
14506,24340,1882,6,87,3,Driver was rude,2026-07-11 03:46:57
14507,24348,198,18,210,3,Poor packaging,2026-02-09 19:23:42
14508,24349,156,9,234,5,Highly recommended,2024-08-24 03:26:53
14509,24350,1404,18,4,5,Perfect experience,2026-07-15 04:10:14
14510,24352,1629,17,49,4,Excellent service,2026-05-04 09:37:29
14511,24353,920,10,7,5,Driver was polite,2026-01-20 07:13:24
14512,24354,670,17,162,5,Highly recommended,2024-08-22 08:17:45
14513,24355,1445,4,325,3,Not worth the price,2024-10-01 00:41:41
14514,24360,915,1,201,4,Very fast delivery,2026-07-05 22:13:35
14515,24362,2707,9,32,5,Excellent service,2024-08-17 21:14:50
14516,24364,609,18,374,2,Driver was rude,2026-03-02 14:21:06
14517,24369,91,12,375,5,Food was delicious,2026-04-11 10:17:13
14518,24370,1231,8,349,4,Fresh food,2025-10-27 18:45:15
14519,24373,361,11,250,4,Fresh food,2026-06-27 18:46:18
14520,24376,184,1,349,5,Perfect experience,2024-09-01 19:44:39
14521,24377,1681,13,116,4,Amazing restaurant,2025-02-27 06:43:50
14522,24378,1262,20,133,4,Highly recommended,2026-01-16 05:10:31
14523,24380,904,17,77,5,Food was delicious,2024-12-17 11:38:35
14524,24382,2973,10,314,4,Amazing restaurant,2024-08-27 23:36:06
14525,24383,666,3,346,3,Poor packaging,2025-11-19 22:22:20
14526,24384,954,18,123,5,Excellent service,2025-05-25 09:06:03
14527,24385,1471,17,227,3,Food quality could be better,2025-03-02 18:18:10
14528,24386,2130,1,334,4,Perfect experience,2026-01-03 22:04:03
14529,24387,1965,13,86,4,Food was delicious,2025-08-17 09:41:03
14530,24389,2071,17,157,1,Cold food,2025-08-18 18:12:00
14531,24390,664,9,378,4,Amazing restaurant,2026-03-12 01:46:23
14532,24391,2937,15,138,4,Driver was polite,2025-09-02 17:41:15
14533,24392,1459,9,196,4,Excellent service,2026-01-30 00:15:09
14534,24394,2904,19,7,1,Wrong order,2026-01-03 20:02:29
14535,24395,921,10,285,5,Highly recommended,2025-01-30 20:25:38
14536,24398,467,5,326,5,Very fast delivery,2024-10-12 17:51:48
14537,24399,382,19,251,4,Perfect experience,2024-10-12 05:13:18
14538,24400,1827,2,364,4,Amazing restaurant,2025-01-29 01:06:37
14539,24401,2053,10,386,4,Excellent service,2024-08-21 18:21:48
14540,24404,2070,10,80,5,Food was delicious,2026-06-10 16:49:51
14541,24405,1063,15,159,3,Poor packaging,2025-08-29 19:41:21
14542,24406,2955,15,312,5,Highly recommended,2025-05-23 05:43:18
14543,24407,2178,16,341,5,Fresh food,2026-02-14 23:14:02
14544,24408,686,2,181,2,Not worth the price,2025-11-29 20:20:33
14545,24409,1880,2,294,4,Amazing restaurant,2026-05-22 05:31:37
14546,24410,983,1,171,2,Poor packaging,2024-09-19 16:15:26
14547,24411,222,6,319,3,Average experience,2025-02-03 19:45:42
14548,24413,2559,12,299,3,Not worth the price,2025-10-01 06:39:50
14549,24414,2102,3,360,4,Food was delicious,2025-04-14 12:02:21
14550,24416,1021,6,260,1,Food quality could be better,2025-11-24 22:59:46
14551,24417,313,13,114,3,Food quality could be better,2025-08-07 05:12:27
14552,24418,2741,10,158,2,Poor packaging,2026-01-25 11:05:18
14553,24419,2102,8,391,4,Food was delicious,2026-07-04 03:42:30
14554,24422,2649,17,132,3,Average experience,2025-12-23 08:46:08
14555,24423,1203,15,244,5,Fresh food,2025-09-22 15:35:56
14556,24425,2068,2,288,5,Excellent service,2025-09-27 19:50:38
14557,24426,977,3,326,5,Food was delicious,2025-10-05 13:09:17
14558,24429,2061,10,325,5,Amazing restaurant,2026-05-05 19:34:07
14559,24432,591,2,288,5,Highly recommended,2024-09-11 08:57:29
14560,24433,125,13,169,5,Excellent service,2025-08-07 06:56:01
14561,24434,2521,1,311,5,Highly recommended,2024-10-27 04:29:50
14562,24436,444,5,271,5,Fresh food,2024-11-10 12:50:02
14563,24437,812,18,238,5,Food was delicious,2025-01-03 15:00:44
14564,24439,1890,2,17,5,Excellent service,2025-03-10 21:08:09
14565,24440,710,20,397,4,Food was delicious,2024-10-08 05:24:58
14566,24441,2284,3,29,3,Poor packaging,2026-03-17 23:11:13
14567,24442,2291,12,304,5,Amazing restaurant,2026-05-17 12:33:56
14568,24443,778,2,53,5,Excellent service,2025-10-22 00:24:11
14569,24444,1965,20,355,5,Amazing restaurant,2026-07-10 10:01:18
14570,24445,2550,7,158,4,Driver was polite,2026-04-13 16:34:58
14571,24446,54,10,257,4,Food was delicious,2026-03-25 11:57:59
14572,24448,273,16,234,4,Driver was polite,2026-03-28 06:11:39
14573,24450,123,7,388,1,Food quality could be better,2024-12-02 04:56:48
14574,24451,2847,6,248,5,Amazing restaurant,2026-01-21 03:24:01
14575,24454,1478,15,383,2,Wrong order,2026-04-09 08:46:37
14576,24455,312,13,372,5,Driver was polite,2026-03-19 16:05:43
14577,24456,719,20,218,5,Highly recommended,2025-04-13 12:45:04
14578,24458,825,18,152,4,Very fast delivery,2025-01-27 12:34:30
14579,24461,656,5,84,4,Food was delicious,2025-11-30 23:24:59
14580,24462,1639,17,327,5,Fresh food,2025-04-05 11:53:46
14581,24466,440,14,122,4,Highly recommended,2025-02-16 16:37:13
14582,24468,1769,10,200,5,Very fast delivery,2025-01-21 21:13:10
14583,24471,2596,7,8,5,Very fast delivery,2024-10-05 11:16:01
14584,24472,467,3,325,4,Driver was polite,2026-03-16 13:32:02
14585,24473,1790,14,122,2,Food quality could be better,2025-06-26 10:15:06
14586,24474,1026,2,57,3,Poor packaging,2024-07-17 20:54:17
14587,24477,1791,8,29,3,Poor packaging,2024-11-14 11:30:06
14588,24478,2970,19,179,5,Highly recommended,2024-10-29 16:54:21
14589,24479,123,19,253,3,Food quality could be better,2024-10-19 07:54:53
14590,24480,2776,11,83,5,Food was delicious,2024-12-02 15:51:23
14591,24481,2352,13,390,5,Perfect experience,2026-06-03 19:35:47
14592,24482,2704,11,250,5,Driver was polite,2025-01-24 19:15:55
14593,24485,19,2,296,3,Cold food,2026-05-04 21:11:06
14594,24487,1897,3,123,2,Driver was rude,2026-04-18 15:33:18
14595,24488,2584,2,296,3,Driver was rude,2025-07-10 20:49:49
14596,24492,1291,20,1,5,Excellent service,2024-11-16 21:37:39
14597,24495,1593,15,383,5,Highly recommended,2025-08-07 04:59:40
14598,24496,2968,3,219,3,Not worth the price,2024-08-11 11:44:37
14599,24501,2020,15,202,4,Excellent service,2026-06-06 20:34:38
14600,24505,683,14,122,4,Highly recommended,2025-02-24 22:15:59
14601,24506,2275,8,201,3,Food quality could be better,2024-12-26 22:33:20
14602,24507,1449,7,137,5,Fresh food,2025-10-13 04:11:55
14603,24508,988,6,317,3,Cold food,2025-10-23 09:13:15
14604,24509,1656,2,175,5,Amazing restaurant,2024-08-13 23:43:27
14605,24512,73,2,364,4,Perfect experience,2024-10-02 19:04:34
14606,24514,880,12,299,2,Driver was rude,2026-03-14 14:13:37
14607,24515,2316,13,284,5,Excellent service,2025-09-17 19:48:43
14608,24517,795,10,145,4,Amazing restaurant,2025-02-22 19:56:36
14609,24518,2232,2,242,4,Fresh food,2024-10-20 05:29:09
14610,24520,1022,14,122,4,Very fast delivery,2025-11-10 22:26:18
14611,24522,1985,4,126,4,Fresh food,2025-09-13 00:42:51
14612,24524,1449,11,252,5,Highly recommended,2025-06-23 14:07:12
14613,24526,803,19,4,5,Food was delicious,2025-10-19 18:45:32
14614,24528,1160,16,32,1,Food quality could be better,2025-08-28 16:23:29
14615,24529,2203,20,303,4,Food was delicious,2026-04-27 21:24:35
14616,24530,341,2,221,5,Excellent service,2025-02-09 19:48:39
14617,24532,2511,5,360,4,Fresh food,2025-07-07 02:11:53
14618,24535,663,18,201,5,Food was delicious,2025-11-27 07:33:35
14619,24536,942,13,133,5,Driver was polite,2025-06-20 07:36:41
14620,24538,2215,19,24,5,Very fast delivery,2025-01-04 05:58:41
14621,24539,63,17,102,4,Highly recommended,2025-08-06 05:42:46
14622,24541,1739,19,152,3,Poor packaging,2026-06-05 19:39:34
14623,24543,1712,3,74,4,Driver was polite,2025-04-09 19:54:51
14624,24544,396,10,4,3,Not worth the price,2025-12-27 00:16:09
14625,24545,362,1,96,4,Driver was polite,2024-07-26 18:40:58
14626,24546,2505,7,135,5,Excellent service,2025-05-19 08:28:37
14627,24547,445,1,137,1,Poor packaging,2025-05-07 01:32:23
14628,24548,161,12,359,5,Perfect experience,2025-09-23 11:58:30
14629,24549,108,10,267,5,Driver was polite,2025-03-03 13:45:00
14630,24550,2907,9,234,4,Very fast delivery,2026-04-22 19:04:10
14631,24551,1935,5,274,5,Very fast delivery,2025-06-15 19:14:55
14632,24553,356,1,21,2,Poor packaging,2025-08-08 22:09:44
14633,24555,216,4,134,4,Perfect experience,2025-05-08 12:10:16
14634,24557,198,19,325,2,Driver was rude,2026-05-09 04:44:37
14635,24559,2354,13,184,5,Driver was polite,2025-05-14 09:51:09
14636,24561,2485,20,376,4,Fresh food,2026-04-14 07:50:50
14637,24562,2777,13,2,2,Average experience,2025-11-13 15:23:14
14638,24563,1431,14,394,5,Very fast delivery,2024-07-20 17:10:46
14639,24565,954,10,31,5,Excellent service,2024-09-26 21:22:28
14640,24566,2013,12,330,5,Amazing restaurant,2026-03-09 07:10:24
14641,24568,67,5,338,2,Average experience,2026-07-06 00:15:15
14642,24569,2831,12,295,4,Perfect experience,2024-11-09 09:42:38
14643,24571,424,1,362,3,Wrong order,2025-08-19 11:40:07
14644,24573,1893,7,201,4,Perfect experience,2026-07-05 14:19:28
14645,24574,1022,14,382,2,Cold food,2024-12-02 19:18:43
14646,24575,2923,9,32,3,Late delivery,2026-04-28 19:20:03
14647,24576,2603,5,166,4,Very fast delivery,2026-03-25 09:26:49
14648,24577,2273,3,290,5,Food was delicious,2026-06-07 19:15:54
14649,24579,632,20,15,5,Driver was polite,2025-01-30 09:25:34
14650,24582,247,4,252,4,Perfect experience,2026-04-14 11:07:03
14651,24585,2032,11,183,3,Poor packaging,2026-04-11 11:44:34
14652,24586,2197,17,115,4,Driver was polite,2025-10-14 09:48:20
14653,24587,2752,17,50,4,Driver was polite,2026-04-07 04:22:43
14654,24589,1162,1,369,5,Perfect experience,2026-04-28 00:32:39
14655,24591,2440,6,165,5,Amazing restaurant,2025-11-04 04:46:08
14656,24593,142,19,338,4,Perfect experience,2025-09-12 19:07:57
14657,24595,2137,9,12,5,Driver was polite,2025-03-05 13:13:40
14658,24597,2270,16,220,5,Driver was polite,2025-04-07 17:48:23
14659,24598,1407,2,173,3,Driver was rude,2026-03-20 13:59:56
14660,24599,2962,9,107,3,Average experience,2025-05-06 09:38:40
14661,24600,2464,18,286,3,Cold food,2026-01-05 20:08:53
14662,24602,2259,2,92,3,Wrong order,2026-07-09 08:39:48
14663,24603,302,3,323,4,Driver was polite,2024-08-02 07:14:13
14664,24606,2401,20,310,4,Highly recommended,2024-09-15 02:46:06
14665,24607,1105,18,199,4,Driver was polite,2025-03-15 19:06:20
14666,24608,2181,13,227,4,Excellent service,2026-07-01 18:35:38
14667,24612,525,12,109,5,Amazing restaurant,2026-02-15 22:45:42
14668,24615,1594,2,53,5,Highly recommended,2025-12-22 01:13:24
14669,24616,2831,12,299,5,Amazing restaurant,2025-11-28 22:56:18
14670,24618,2477,18,183,4,Excellent service,2026-01-09 20:08:43
14671,24619,82,20,303,4,Perfect experience,2025-01-05 12:18:05
14672,24620,2196,20,174,5,Perfect experience,2026-01-22 15:56:22
14673,24621,94,5,161,5,Very fast delivery,2024-11-06 12:20:02
14674,24622,2522,1,209,2,Late delivery,2025-02-23 05:00:02
14675,24626,495,15,248,3,Average experience,2025-03-24 07:37:57
14676,24630,217,7,329,5,Food was delicious,2024-09-16 19:12:48
14677,24631,2617,17,218,5,Amazing restaurant,2025-12-16 03:02:11
14678,24632,2953,20,93,4,Amazing restaurant,2026-04-17 18:25:59
14679,24636,1608,2,94,5,Highly recommended,2025-11-12 04:01:18
14680,24638,1077,8,349,4,Highly recommended,2025-08-22 20:44:27
14681,24641,2369,7,28,4,Food was delicious,2026-03-19 10:34:54
14682,24643,2116,1,289,5,Very fast delivery,2025-02-17 10:22:15
14683,24647,2897,6,18,5,Food was delicious,2025-03-10 12:29:05
14684,24648,1549,8,286,5,Highly recommended,2025-05-30 01:49:00
14685,24649,606,3,329,3,Driver was rude,2025-07-16 08:19:56
14686,24650,1594,2,364,3,Wrong order,2025-05-12 10:59:12
14687,24655,1587,11,367,1,Food quality could be better,2026-02-25 09:39:14
14688,24656,2552,6,69,3,Driver was rude,2025-06-29 06:09:21
14689,24658,745,13,162,5,Very fast delivery,2026-06-12 04:44:20
14690,24662,1469,8,171,4,Perfect experience,2026-04-28 12:20:53
14691,24669,2219,19,65,4,Very fast delivery,2025-07-04 14:39:16
14692,24672,1116,4,286,5,Highly recommended,2025-03-18 20:38:32
14693,24673,2533,14,122,5,Amazing restaurant,2024-12-25 16:27:46
14694,24676,2358,2,181,4,Highly recommended,2025-01-18 14:24:59
14695,24677,2544,15,159,4,Driver was polite,2024-09-14 14:18:05
14696,24679,1706,4,367,4,Fresh food,2024-07-28 05:29:38
14697,24681,900,2,305,3,Driver was rude,2025-01-14 19:26:06
14698,24682,1125,17,11,3,Average experience,2025-06-07 14:37:55
14699,24685,470,11,79,4,Driver was polite,2024-10-12 16:26:06
14700,24687,337,10,28,5,Amazing restaurant,2026-06-30 16:36:21
14701,24689,119,10,250,4,Excellent service,2025-07-14 00:36:16
14702,24690,1880,2,92,3,Driver was rude,2024-07-27 03:47:57
14703,24693,2225,16,194,3,Average experience,2025-10-17 16:31:33
14704,24694,1813,15,283,3,Late delivery,2026-03-09 05:35:07
14705,24695,1382,5,257,3,Late delivery,2025-03-08 06:56:30
14706,24698,2852,3,83,3,Wrong order,2025-01-22 09:11:00
14707,24699,2693,20,132,5,Amazing restaurant,2025-05-17 23:34:32
14708,24701,2027,11,339,5,Driver was polite,2024-11-21 03:44:46
14709,24703,2127,13,284,5,Excellent service,2025-04-05 04:23:52
14710,24704,2013,6,337,4,Driver was polite,2025-11-30 00:59:38
14711,24705,255,20,1,4,Perfect experience,2025-07-11 11:12:06
14712,24707,1298,13,397,3,Not worth the price,2026-06-17 09:49:40
14713,24708,825,8,164,4,Excellent service,2024-10-07 03:17:12
14714,24709,2934,12,163,5,Amazing restaurant,2024-07-31 02:31:21
14715,24712,694,19,145,5,Amazing restaurant,2025-07-22 01:36:43
14716,24714,2518,2,181,2,Late delivery,2026-04-22 23:58:20
14717,24715,1219,3,99,5,Food was delicious,2024-12-14 10:25:17
14718,24719,546,6,146,3,Cold food,2026-06-28 03:25:08
14719,24720,477,3,250,4,Fresh food,2026-03-30 11:51:38
14720,24721,419,2,288,5,Highly recommended,2025-04-14 17:18:06
14721,24722,1193,3,347,5,Highly recommended,2025-10-20 15:23:20
14722,24724,1443,11,391,5,Food was delicious,2024-09-15 00:42:22
14723,24727,514,20,132,2,Cold food,2024-10-08 18:27:12
14724,24728,1382,11,367,3,Late delivery,2025-01-18 15:45:05
14725,24729,1441,20,235,5,Fresh food,2025-08-29 10:23:04
14726,24730,1370,6,299,5,Very fast delivery,2025-01-23 18:10:24
14727,24732,2557,2,92,2,Poor packaging,2026-03-02 03:42:57
14728,24733,2304,9,191,4,Fresh food,2025-01-27 14:26:51
14729,24734,1804,4,164,5,Food was delicious,2026-03-19 20:24:32
14730,24735,1210,15,232,5,Driver was polite,2025-08-25 17:55:45
14731,24736,1166,6,260,4,Food was delicious,2026-05-30 20:44:25
14732,24739,1752,15,43,5,Amazing restaurant,2024-10-04 19:54:56
14733,24744,1759,13,77,5,Fresh food,2026-04-27 23:14:38
14734,24745,1632,14,382,5,Food was delicious,2026-02-01 05:37:04
14735,24750,1893,7,358,5,Food was delicious,2024-07-20 06:04:04
14736,24752,2716,12,315,4,Fresh food,2024-09-18 00:50:48
14737,24753,1158,12,244,5,Food was delicious,2024-08-17 07:13:13
14738,24754,2374,12,41,3,Average experience,2025-08-21 20:24:22
14739,24755,1098,16,72,5,Fresh food,2025-01-08 21:12:36
14740,24756,460,16,353,5,Highly recommended,2026-04-30 09:06:50
14741,24757,2192,8,65,4,Perfect experience,2024-11-24 10:08:19
14742,24758,1890,2,296,3,Late delivery,2025-02-11 08:05:10
14743,24759,1325,11,183,4,Fresh food,2025-08-19 06:14:27
14744,24760,1031,20,151,4,Excellent service,2026-06-15 14:23:21
14745,24761,918,9,291,3,Food quality could be better,2025-03-23 11:31:30
14746,24763,435,20,50,4,Very fast delivery,2024-12-19 06:26:18
14747,24765,2725,3,179,4,Excellent service,2025-02-17 17:39:17
14748,24766,46,4,381,5,Driver was polite,2025-08-31 02:13:33
14749,24767,1085,16,107,5,Food was delicious,2024-09-16 20:32:33
14750,24768,774,11,358,4,Perfect experience,2025-10-01 15:48:18
14751,24771,2697,6,263,5,Excellent service,2025-01-30 01:31:10
14752,24772,1929,14,382,2,Not worth the price,2025-09-01 11:32:31
14753,24773,326,20,361,4,Driver was polite,2025-08-29 13:01:07
14754,24777,579,17,313,5,Very fast delivery,2025-07-25 17:40:05
14755,24780,2642,16,220,4,Food was delicious,2025-08-06 02:34:03
14756,24785,977,11,246,3,Food quality could be better,2025-12-23 12:45:47
14757,24787,1544,1,101,4,Highly recommended,2026-03-23 19:46:52
14758,24788,2729,9,191,5,Driver was polite,2026-05-23 21:48:27
14759,24789,142,19,250,5,Highly recommended,2025-07-04 09:30:22
14760,24790,1471,17,303,5,Highly recommended,2024-12-27 10:44:50
14761,24793,2951,13,119,5,Fresh food,2025-09-30 02:05:35
14762,24796,2326,1,105,5,Perfect experience,2026-02-06 04:39:31
14763,24797,1970,3,153,5,Fresh food,2025-09-24 01:33:11
14764,24799,53,20,372,5,Perfect experience,2024-10-24 11:38:50
14765,24800,2867,13,206,5,Food was delicious,2025-02-16 01:10:01
14766,24801,1862,5,334,5,Driver was polite,2025-07-16 02:35:29
14767,24802,1626,13,91,3,Wrong order,2024-10-22 09:43:04
14768,24808,1347,3,29,4,Food was delicious,2025-06-01 22:01:33
14769,24809,681,1,103,5,Driver was polite,2026-03-30 18:10:23
14770,24810,776,20,182,4,Fresh food,2025-06-02 13:13:25
14771,24811,1679,20,91,5,Fresh food,2025-12-07 18:25:53
14772,24812,2196,13,157,4,Excellent service,2025-04-15 04:04:14
14773,24813,1593,6,383,4,Very fast delivery,2024-09-08 19:28:42
14774,24814,365,18,365,5,Highly recommended,2025-06-19 05:29:08
14775,24816,1331,12,43,4,Excellent service,2025-04-24 11:14:15
14776,24818,697,18,243,2,Food quality could be better,2026-03-13 15:51:04
14777,24820,150,1,99,1,Wrong order,2025-12-26 01:39:45
14778,24822,799,15,202,5,Highly recommended,2025-10-20 16:24:28
14779,24825,1404,11,126,4,Very fast delivery,2026-03-14 05:16:01
14780,24827,2772,1,84,1,Food quality could be better,2025-03-29 20:54:57
14781,24828,2228,15,231,5,Very fast delivery,2025-03-22 14:52:40
14782,24829,2830,13,22,4,Highly recommended,2025-04-28 06:42:44
14783,24831,1964,16,120,5,Driver was polite,2025-12-01 00:19:19
14784,24833,126,11,118,5,Excellent service,2024-08-23 12:43:52
14785,24834,2738,4,150,5,Food was delicious,2024-08-08 08:53:12
14786,24837,1243,11,129,5,Highly recommended,2024-11-15 02:06:22
14787,24839,486,11,103,2,Wrong order,2025-08-05 20:35:20
14788,24840,2558,13,190,5,Very fast delivery,2025-01-17 02:00:34
14789,24844,2349,12,48,3,Driver was rude,2025-07-09 06:31:47
14790,24845,2719,10,252,5,Food was delicious,2024-08-02 10:18:51
14791,24848,423,3,209,5,Fresh food,2025-05-22 19:01:03
14792,24849,123,11,90,5,Food was delicious,2026-02-09 20:14:19
14793,24850,1878,4,347,5,Highly recommended,2025-10-12 09:24:24
14794,24851,2498,20,38,4,Fresh food,2025-02-19 19:08:24
14795,24853,354,3,65,4,Driver was polite,2024-12-18 09:30:46
14796,24855,1620,4,164,5,Driver was polite,2024-12-13 07:28:09
14797,24858,2270,16,12,4,Perfect experience,2024-10-28 15:16:03
14798,24859,72,15,165,5,Fresh food,2025-05-15 23:36:05
14799,24860,2572,19,161,2,Not worth the price,2025-04-11 03:42:25
14800,24861,1057,11,346,5,Fresh food,2024-09-03 21:05:23
14801,24862,2346,9,191,5,Perfect experience,2025-12-01 16:23:08
14802,24863,617,14,382,5,Amazing restaurant,2024-10-01 03:47:38
14803,24864,637,11,400,4,Perfect experience,2024-07-20 23:05:14
14804,24865,2837,1,149,4,Excellent service,2026-02-15 11:42:24
14805,24868,856,2,364,4,Food was delicious,2026-01-18 22:15:48
14806,24871,436,8,209,5,Fresh food,2025-09-28 02:14:20
14807,24875,1188,20,157,4,Fresh food,2025-01-04 00:41:28
14808,24877,2310,10,7,3,Driver was rude,2024-11-15 13:33:36
14809,24878,2124,8,51,3,Driver was rude,2026-02-15 10:17:38
14810,24879,224,12,319,5,Highly recommended,2024-12-19 18:27:19
14811,24883,1435,12,142,4,Food was delicious,2025-08-20 06:08:36
14812,24884,2828,2,224,5,Excellent service,2024-12-05 07:33:58
14813,24886,1495,18,51,5,Amazing restaurant,2024-11-03 15:51:07
14814,24887,2492,20,227,5,Excellent service,2025-12-21 17:41:16
14815,24888,2241,11,90,5,Fresh food,2024-12-28 02:55:47
14816,24891,656,1,96,4,Highly recommended,2025-06-10 14:21:41
14817,24892,1666,6,248,5,Food was delicious,2024-09-03 21:52:58
14818,24894,117,1,326,4,Driver was polite,2025-03-10 13:52:49
14819,24895,1993,9,32,5,Food was delicious,2025-12-25 02:08:36
14820,24896,773,15,248,5,Excellent service,2026-05-31 06:57:06
14821,24897,1153,1,386,2,Driver was rude,2024-12-11 01:42:07
14822,24898,2383,17,213,5,Food was delicious,2025-10-31 01:17:29
14823,24899,628,8,23,3,Late delivery,2025-09-15 09:56:40
14824,24901,1342,15,85,3,Late delivery,2025-04-14 03:02:08
14825,24902,2317,4,349,4,Amazing restaurant,2025-01-08 07:10:12
14826,24903,2916,12,112,3,Poor packaging,2024-09-30 08:17:29
14827,24905,2914,8,29,5,Very fast delivery,2026-03-12 23:58:25
14828,24907,473,16,111,5,Driver was polite,2025-02-10 18:54:53
14829,24908,1793,13,245,3,Poor packaging,2025-08-21 13:48:16
14830,24909,2499,7,171,5,Very fast delivery,2024-10-29 17:46:52
14831,24910,2063,13,235,4,Driver was polite,2025-03-19 16:07:36
14832,24911,2753,13,236,4,Highly recommended,2026-02-24 06:20:52
14833,24912,468,2,128,4,Fresh food,2026-05-17 22:30:23
14834,24913,1506,20,185,5,Amazing restaurant,2026-03-08 14:57:28
14835,24914,2662,17,376,2,Food quality could be better,2025-07-28 21:28:59
14836,24916,640,19,79,5,Highly recommended,2026-05-08 13:15:37
14837,24918,392,10,199,4,Perfect experience,2026-07-05 20:36:42
14838,24920,1507,7,274,4,Fresh food,2026-01-26 14:12:35
14839,24921,291,7,135,5,Highly recommended,2025-11-25 22:47:40
14840,24923,2033,19,105,4,Excellent service,2026-02-27 21:38:57
14841,24924,2738,11,209,1,Not worth the price,2025-03-25 03:38:03
14842,24927,1536,12,330,3,Poor packaging,2026-04-07 20:44:41
14843,24931,345,13,124,5,Food was delicious,2026-04-24 17:34:10
14844,24932,525,6,202,5,Food was delicious,2024-10-26 15:33:28
14845,24933,678,8,25,3,Wrong order,2025-12-17 00:11:21
14846,24935,685,20,397,4,Fresh food,2026-05-30 23:42:42
14847,24936,1565,1,314,4,Perfect experience,2025-04-22 18:09:51
14848,24938,2930,5,74,5,Highly recommended,2024-12-30 05:41:13
14849,24939,1939,8,274,4,Driver was polite,2025-07-24 13:05:41
14850,24940,2208,18,285,5,Fresh food,2026-01-26 00:32:58
14851,24941,2349,6,231,3,Food quality could be better,2026-07-03 01:49:55
14852,24942,142,4,145,1,Poor packaging,2025-07-25 22:27:58
14853,24943,1717,15,142,4,Highly recommended,2024-12-08 19:13:24
14854,24944,1201,6,81,5,Perfect experience,2025-09-01 16:38:42
14855,24946,2560,4,388,5,Fresh food,2025-09-16 09:42:49
14856,24947,2622,5,42,4,Highly recommended,2025-06-03 04:13:21
14857,24951,625,3,266,5,Food was delicious,2024-10-18 03:16:34
14858,24952,513,10,311,5,Amazing restaurant,2026-02-24 14:51:38
14859,24953,532,19,161,3,Poor packaging,2024-09-28 13:53:25
14860,24958,779,16,353,4,Amazing restaurant,2025-04-24 16:19:59
14861,24959,2717,17,307,5,Food was delicious,2024-12-22 21:39:00
14862,24960,815,1,204,4,Very fast delivery,2025-02-06 04:52:39
14863,24962,915,11,130,5,Excellent service,2026-06-02 16:00:38
14864,24967,930,17,211,4,Excellent service,2025-08-29 00:38:24
14865,24969,1487,4,274,3,Not worth the price,2026-02-25 18:23:40
14866,24971,2379,2,57,5,Food was delicious,2025-02-19 00:41:48
14867,24972,2314,3,388,3,Driver was rude,2026-05-29 08:58:29
14868,24973,1881,12,18,3,Late delivery,2025-05-04 07:12:34
14869,24974,2564,17,235,5,Very fast delivery,2024-12-02 23:22:14
14870,24975,1384,5,253,5,Food was delicious,2025-02-03 10:42:58
14871,24976,1052,15,322,3,Not worth the price,2024-08-21 02:32:50
14872,24977,1086,12,180,4,Highly recommended,2025-03-23 23:32:08
14873,24980,1135,12,260,5,Excellent service,2024-11-26 18:45:44
14874,24981,1095,7,4,5,Food was delicious,2025-07-06 09:47:53
14875,24983,2446,19,8,5,Highly recommended,2025-01-24 19:37:54
14876,24987,648,3,210,4,Perfect experience,2025-12-06 10:02:37
14877,24988,191,17,265,5,Food was delicious,2024-12-27 19:03:55
14878,24995,62,1,123,5,Perfect experience,2026-05-20 13:02:56
14879,24997,2240,17,233,3,Late delivery,2026-07-11 07:20:05
